data;horario;n_da_ocorrencia;tipo_de_ocorrencia;km;trecho;sentido;tipo_de_acidente;automovel;bicicleta;caminhao;moto;onibus;outros;tracao_animal;transporte_de_cargas_especiais;trator_maquinas;utilitarios;ilesos;levemente_feridos;moderadamente_feridos;gravemente_feridos;mortos
"07/05/2010";"19:35:00";"87";"sem vítima";"103";"BR-393/RJ";"Sul";"Abalr.Transversal";2;0;0;0;0;0;0;0;0;0;2;0;0;0;0
"08/05/2010";"13:24:00";"63";"sem vítima";"175,6";"BR-393/RJ";"Norte";"Abalr.Mesmo Sentido";2;0;0;0;0;0;0;0;0;0;2;0;0;0;0
"08/05/2010";"14:27:00";"69";"com vítima";"248,5";"BR-393/RJ";"Norte";"Capotamento";1;0;0;0;0;0;0;0;0;0;0;0;1;0;0
"09/05/2010";"10:45:00";"33";"sem vítima";"199";"BR-393/RJ";"Sul";"Saída de Pista";0;0;1;0;0;0;0;0;0;0;4;0;0;0;0
"09/05/2010";"10:50:00";"34";"sem vítima";"127,2";"BR-393/RJ";"Sul";"Saída de Pista";1;0;0;0;0;0;0;0;0;0;2;0;0;0;0
"09/05/2010";"18:28:00";"64";"com vítima";"279,5";"BR-393/RJ";"Sul";"Engavetamento";3;0;0;0;0;0;0;0;0;0;0;3;0;0;0
"09/05/2010";"18:54:00";"67";"com vítima";"280,3";"BR-393/RJ";"Sul";"Engavetamento";3;0;0;0;0;0;0;0;0;0;0;3;0;0;0
"09/05/2010";"19:19:00";"70";"com vítima";"187";"BR-393/RJ";"Sul";"Engavetamento";3;0;0;0;0;0;0;0;0;0;0;5;0;0;0
"09/05/2010";"19:26:00";"72";"sem vítima";"279";"BR-393/RJ";"Sul";"Engavetamento";3;0;0;0;0;0;0;0;0;0;3;0;0;0;0
"10/05/2010";"01:42:00";"17";"sem vítima";"175,2";"BR-393/RJ";"Sul";"Outros tipos de acidente";0;0;0;1;0;0;0;0;0;0;1;0;0;0;0
"10/05/2010";"07:32:00";"35";"sem vítima";"184";"BR-393/RJ";"Norte";"Saída de Pista";0;0;0;1;0;0;0;0;0;0;1;0;0;0;0
"10/05/2010";"11:35:00";"70";"sem vítima";"274";"BR-393/RJ";"Norte";"Tombamento";0;0;1;0;0;0;0;0;0;0;1;0;0;0;0
"10/05/2010";"18:39:00";"103";"com vítima";"284,3";"BR-393/RJ";"Norte";"Colisão com Objeto Fixo";1;0;0;0;0;0;0;0;0;0;0;1;0;0;0
"10/05/2010";"23:10:00";"116";"com vítima";"214";"BR-393/RJ";"Norte";"Saída de Pista";0;0;1;0;0;0;0;0;0;0;0;1;0;0;0
"10/05/2010";"23:36:00";"117";"sem vítima";"254";"BR-393/RJ";"Sul";"Saída de Pista";0;0;1;0;0;0;0;0;0;0;2;0;0;0;0
"11/05/2010";"07:39:00";"28";"com vítima";"227,6";"BR-393/RJ";"Sul";"Abalr.Sentido Oposto";0;0;1;0;1;0;0;0;0;0;0;1;0;0;0
"11/05/2010";"09:43:00";"38";"com vítima";"171,6";"BR-393/RJ";"Sul";"Abalr.Transversal";1;0;1;0;0;0;0;0;0;0;1;1;0;0;0
"12/05/2010";"15:46:00";"72";"sem vítima";"103,8";"BR-393/RJ";"Norte";"Tombamento";0;0;1;0;0;0;0;0;0;0;1;0;0;0;0
"13/05/2010";"18:44:00";"87";"com vítima";"197,8";"BR-393/RJ";"Sul";"Capotamento";1;0;0;0;0;0;0;0;0;0;0;2;1;0;0
"14/05/2010";"10:20:00";"55";"sem vítima";"150";"BR-393/RJ";"Norte";"Colisão Traseira";2;0;0;0;0;0;0;0;0;0;3;0;0;0;0
"15/05/2010";"02:41:00";"13";"sem vítima";"285";"BR-393/RJ";"Norte";"Outros tipos de acidente";0;0;0;1;0;0;0;0;0;0;2;0;0;0;0
"15/05/2010";"23:54:00";"101";"com vítima";"243,5";"BR-393/RJ";"Sul";"Tombamento";0;0;1;0;0;0;0;0;0;0;0;1;0;0;0
"17/05/2010";"20:51:00";"107";"com vítima";"166";"BR-393/RJ";"Norte";"Atropelamento";0;0;0;1;0;0;0;0;0;0;0;4;0;0;0
"18/05/2010";"20:29:00";"101";"com vítima";"275,6";"BR-393/RJ";"Norte";"Atropelamento de Animal";0;0;1;0;0;0;0;0;0;0;0;1;0;0;0
"19/05/2010";"02:56:00";"11";"sem vítima";"236";"BR-393/RJ";"Norte";"Outros tipos de acidente";0;0;0;1;0;0;0;0;0;0;2;0;0;0;0
"19/05/2010";"15:32:00";"76";"sem vítima";"190";"BR-393/RJ";"Sul";"Abalr.Transversal";0;0;1;0;1;0;0;0;0;0;2;0;0;0;0
"20/05/2010";"03:07:00";"12";"sem vítima";"121,5";"BR-393/RJ";"Sul";"Tombamento";0;0;1;0;0;0;0;0;0;0;1;0;0;0;0
"20/05/2010";"12:36:00";"57";"sem vítima";"273";"BR-393/RJ";"Norte";"Capotamento";2;0;0;0;0;0;0;0;0;0;2;0;0;0;0
"21/05/2010";"08:26:00";"33";"sem vítima";"168";"BR-393/RJ";"Norte";"Abalr.Mesmo Sentido";2;0;0;0;0;0;0;0;0;0;5;0;0;0;0
"21/05/2010";"09:51:00";"42";"com vítima";"257";"BR-393/RJ";"Norte";"Saída de Pista";1;0;0;0;0;0;0;0;0;0;0;1;0;0;0
"21/05/2010";"10:36:00";"46";"com vítima";"175";"BR-393/RJ";"Norte";"Outros tipos de acidente";0;0;0;0;0;0;0;0;0;0;0;1;0;0;0
"21/05/2010";"15:59:00";"79";"com vítima";"163";"BR-393/RJ";"Norte";"Tombamento";0;0;1;0;0;0;0;0;0;0;0;1;1;0;0
"22/05/2010";"07:46:00";"39";"com vítima";"218";"BR-393/RJ";"Sul";"Abalr.Transversal";1;0;1;0;0;0;0;0;0;0;1;3;0;0;0
"22/05/2010";"10:53:00";"51";"sem vítima";"102";"BR-393/RJ";"Norte";"Colisão Frontal";2;0;0;0;0;0;0;0;0;0;3;0;0;0;0
"22/05/2010";"12:20:00";"59";"com vítima";"252,3";"BR-393/RJ";"Norte";"Abalr.Transversal";2;0;0;0;0;0;0;0;0;0;3;1;0;0;0
"22/05/2010";"17:08:00";"71";"sem vítima";"175,5";"BR-393/RJ";"Sul";"Saída de Pista";1;0;0;0;0;0;0;0;0;0;1;0;0;0;0
"22/05/2010";"17:49:00";"74";"com vítima";"281,5";"BR-393/RJ";"Norte";"Colisão Traseira";1;0;1;0;0;0;0;0;0;0;0;3;0;0;0
"22/05/2010";"19:11:00";"77";"com vítima";"286";"BR-393/RJ";"Sul";"Colisão Traseira";0;0;0;1;0;0;0;0;0;0;1;1;0;0;0
"22/05/2010";"20:55:00";"89";"com vítima";"285";"BR-393/RJ";"Sul";"Colisão Traseira";2;0;0;0;0;0;0;0;0;0;0;2;0;0;0
"23/05/2010";"02:45:00";"19";"sem vítima";"184,5";"BR-393/RJ";"Norte";"Saída de Pista";1;0;0;0;0;0;0;0;0;0;1;0;0;0;0
"23/05/2010";"18:49:00";"74";"com vítima";"280";"BR-393/RJ";"Sul";"Colisão Traseira";1;0;0;0;0;0;0;0;0;0;0;1;0;0;0
"24/05/2010";"00:57:00";"4";"sem vítima";"196";"BR-393/RJ";"Sul";"Saída de Pista";1;0;0;0;0;0;0;0;0;0;2;0;0;0;0
"24/05/2010";"07:41:00";"35";"sem vítima";"285";"BR-393/RJ";"Sul";"Abalr.Mesmo Sentido";0;0;0;1;1;0;0;0;0;0;2;0;0;0;0
"24/05/2010";"09:52:00";"48";"sem vítima";"133,1";"BR-393/RJ";"Sul";"Engavetamento";3;0;0;0;0;0;0;0;0;0;3;0;0;0;0
"24/05/2010";"16:21:00";"80";"sem vítima";"158,1";"BR-393/RJ";"Sul";"Abalr.Mesmo Sentido";0;0;2;0;0;0;0;0;0;0;2;0;0;0;0
"24/05/2010";"17:49:00";"88";"com vítima";"102";"BR-393/RJ";"Norte";"Colisão Frontal";1;0;1;0;0;0;0;0;0;0;1;2;0;0;0
"25/05/2010";"08:14:00";"29";"com vítima";"134,5";"BR-393/RJ";"Norte";"Colisão Frontal";2;0;0;0;0;0;0;0;0;0;0;2;0;0;0
"26/05/2010";"07:54:00";"26";"com vítima";"138";"BR-393/RJ";"Norte";"Abalr.Sentido Oposto";1;0;1;0;0;0;0;0;0;0;0;0;1;2;0
"26/05/2010";"15:26:00";"82";"sem vítima";"256";"BR-393/RJ";"Sul";"Saída de Pista";2;0;0;0;0;0;0;0;0;0;2;0;0;0;0
"26/05/2010";"21:13:00";"54";"com vítima";"232";"BR-393/RJ";"Sul";"Abalr.Sentido Oposto";1;0;0;0;0;0;0;0;0;0;0;2;0;0;0
"27/05/2010";"07:08:00";"49";"com vítima";"278";"BR-393/RJ";"Norte";"Colisão Traseira";0;0;1;0;0;0;0;0;0;0;0;1;0;0;0
"27/05/2010";"12:39:00";"14";"com vítima";"281";"BR-393/RJ";"Norte";"Atropelamento";2;0;0;0;0;0;0;0;0;0;1;1;0;0;0
"28/05/2010";"07:27:00";"62";"sem vítima";"270";"BR-393/RJ";"Norte";"Colisão Frontal";1;0;1;0;0;0;0;0;0;0;2;0;0;0;0
"28/05/2010";"12:05:00";"27";"com vítima";"104,4";"BR-393/RJ";"Norte";"Abalr.Mesmo Sentido";1;0;1;0;0;0;0;0;0;0;1;0;0;0;1
"28/05/2010";"16:36:00";"45";"com vítima";"235";"BR-393/RJ";"Norte";"Abalr.Transversal";0;0;1;1;0;0;0;0;0;0;2;2;0;0;0
"28/05/2010";"21:45:00";"88";"sem vítima";"285";"BR-393/RJ";"Norte";"Colisão Traseira";2;0;0;0;0;0;0;0;0;0;2;0;0;0;0
"29/05/2010";"16:46:00";"65";"com vítima";"269";"BR-393/RJ";"Norte";"Colisão com Objeto Fixo";1;0;0;0;0;0;0;0;0;0;0;0;0;1;0
"30/05/2010";"01:32:00";"74";"sem vítima";"215,4";"BR-393/RJ";"Sul";"Saída de Pista";1;0;0;0;1;0;0;0;0;0;6;0;0;0;0
"30/05/2010";"13:42:00";"94";"com vítima";"164,9";"BR-393/RJ";"Norte";"Tombamento";0;0;0;1;0;0;0;0;0;0;0;2;0;0;0
"30/05/2010";"17:53:00";"60";"com vítima";"261";"BR-393/RJ";"Norte";"Colisão Traseira";0;0;1;0;0;0;0;0;0;0;0;3;1;0;0
"30/05/2010";"22:54:00";"10";"sem vítima";"124";"BR-393/RJ";"Sul";"Atropelamento de Animal";0;0;1;0;0;0;0;0;0;0;1;0;0;0;0
"31/05/2010";"08:51:00";"35";"com vítima";"278";"BR-393/RJ";"Sul";"Abalr.Transversal";1;0;0;0;1;0;0;0;0;0;0;0;1;0;0
"31/05/2010";"16:24:00";"72";"sem vítima";"114,5";"BR-393/RJ";"Sul";"Abalr.Transversal";0;0;2;0;0;0;0;0;0;0;2;0;0;0;0
"31/05/2010";"17:49:00";"76";"sem vítima";"265";"BR-393/RJ";"Sul";"Colisão Traseira";2;0;0;0;0;0;0;0;0;0;2;0;0;0;0
"01/06/2010";"08:33:00";"30";"sem vítima";"265";"BR-393/RJ";"Norte";"Colisão com Objeto Fixo";1;0;0;0;0;0;0;0;0;0;1;0;0;0;0
"01/06/2010";"14:55:00";"56";"sem vítima";"191,1";"BR-393/RJ";"Sul";"Tombamento";0;0;1;0;0;0;0;0;0;0;3;0;0;0;0
"02/06/2010";"10:25:00";"53";"sem vítima";"274";"BR-393/RJ";"Norte";"Tombamento";0;0;1;0;0;0;0;0;0;0;1;0;0;0;0
"02/06/2010";"13:21:00";"64";"sem vítima";"284,6";"BR-393/RJ";"Sul";"Colisão Traseira";2;0;0;0;0;0;0;0;0;0;2;0;0;0;0
"02/06/2010";"16:37:00";"72";"sem vítima";"284,4";"BR-393/RJ";"Sul";"Abalr.Transversal";1;0;1;0;0;0;0;0;0;0;2;0;0;0;0
"04/06/2010";"09:32:00";"33";"sem vítima";"163";"BR-393/RJ";"Norte";"Tombamento";0;0;1;0;0;0;0;0;0;0;1;0;0;0;0
"04/06/2010";"19:03:00";"89";"sem vítima";"181";"BR-393/RJ";"Norte";"Colisão Traseira";2;0;0;0;0;0;0;0;0;0;2;0;0;0;0
"05/06/2010";"02:57:00";"15";"sem vítima";"152,5";"BR-393/RJ";"Norte";"Tombamento";0;0;0;0;1;0;0;0;0;0;2;0;0;0;0
"05/06/2010";"04:23:00";"23";"sem vítima";"114";"BR-393/RJ";"Norte";"Saída de Pista";1;0;0;0;0;0;0;0;0;0;2;0;0;0;0
"05/06/2010";"05:13:00";"30";"sem vítima";"3";"Alça Sul";"Norte";"Atropelamento de Animal";1;0;0;0;0;0;0;0;0;0;2;0;0;0;0
"05/06/2010";"08:47:00";"37";"com vítima";"102,8";"BR-393/RJ";"Norte";"Abalr.Transversal";0;0;0;1;1;0;0;0;0;0;0;2;0;0;1
"05/06/2010";"10:14:00";"44";"com vítima";"274";"BR-393/RJ";"Norte";"Tombamento";0;0;1;0;0;0;0;0;0;0;0;1;0;0;0
"06/06/2010";"01:17:00";"11";"sem vítima";"284";"BR-393/RJ";"Sul";"Colisão com Objeto Fixo";1;0;0;0;0;0;0;0;0;0;1;0;0;0;0
"06/06/2010";"14:59:00";"57";"com vítima";"280,3";"BR-393/RJ";"Norte";"Abalr.Transversal";1;0;0;1;0;0;0;0;0;0;0;0;1;0;0
"07/06/2010";"00:25:00";"2";"sem vítima";"285";"BR-393/RJ";"Norte";"Colisão com Objeto Fixo";1;0;0;0;0;0;0;0;0;0;1;0;0;0;0
"07/06/2010";"18:12:00";"88";"com vítima";"264,2";"BR-393/RJ";"Norte";"Colisão Frontal";2;0;0;1;0;0;0;0;0;0;0;0;0;1;0
"07/06/2010";"20:03:00";"96";"com vítima";"126,1";"BR-393/RJ";"Norte";"Colisão com Objeto Fixo";0;0;1;0;0;0;0;0;0;0;0;1;0;0;0
"08/06/2010";"01:08:00";"12";"sem vítima";"194";"BR-393/RJ";"Norte";"Colisão com Objeto Fixo";0;0;1;0;0;0;0;0;0;0;1;0;0;0;0
"08/06/2010";"13:30:00";"61";"com vítima";"204,1";"BR-393/RJ";"Norte";"Abalr.Transversal";1;0;1;0;0;0;0;0;0;0;2;0;2;0;0
"09/06/2010";"14:13:00";"71";"sem vítima";"275";"BR-393/RJ";"Norte";"Colisão Traseira";1;0;0;0;0;0;0;0;0;0;1;0;0;0;0
"09/06/2010";"14:52:00";"72";"com vítima";"236";"BR-393/RJ";"Sul";"Outros tipos de acidente";0;0;0;0;0;0;0;0;0;0;0;1;0;0;0
"09/06/2010";"18:53:00";"89";"com vítima";"279";"BR-393/RJ";"Sul";"Colisão Frontal";1;0;1;0;0;0;0;0;0;0;0;2;0;0;0
"09/06/2010";"19:27:00";"93";"com vítima";"282";"BR-393/RJ";"Norte";"Colisão com Objeto Fixo";0;0;1;1;0;0;0;0;0;0;0;1;0;0;1
"09/06/2010";"21:40:00";"99";"com vítima";"158";"BR-393/RJ";"Norte";"Outros tipos de acidente";0;0;0;1;0;0;0;0;0;0;0;1;0;0;0
"09/06/2010";"21:40:00";"100";"com vítima";"279";"BR-393/RJ";"Norte";"Outros tipos de acidente";0;0;0;0;0;0;0;0;0;0;0;1;0;0;0
"10/06/2010";"05:42:00";"19";"sem vítima";"281";"BR-393/RJ";"Norte";"Colisão Frontal";1;0;1;0;0;0;0;0;0;0;2;0;0;0;0
"10/06/2010";"08:38:00";"37";"sem vítima";"281";"BR-393/RJ";"Norte";"Abalr.Transversal";2;0;0;0;0;0;0;0;0;0;2;0;0;0;0
"10/06/2010";"11:15:00";"56";"sem vítima";"195";"BR-393/RJ";"Norte";"Colisão Traseira";1;0;0;0;0;1;0;0;0;0;3;0;0;0;0
"10/06/2010";"19:31:00";"111";"com vítima";"171";"BR-393/RJ";"Norte";"Saída de Pista";1;0;0;0;0;0;0;0;0;0;0;1;0;0;0
"11/06/2010";"12:29:00";"60";"com vítima";"161,5";"BR-393/RJ";"Norte";"Capotamento";1;0;0;0;0;0;0;0;0;0;1;1;0;0;0
"11/06/2010";"18:49:00";"84";"com vítima";"284,4";"BR-393/RJ";"Sul";"Engavetamento";5;0;0;0;0;0;0;0;0;0;0;5;0;0;0
"12/06/2010";"08:21:00";"34";"sem vítima";"118,1";"BR-393/RJ";"Sul";"Abalr.Sentido Oposto";1;0;1;0;0;0;0;0;0;0;3;0;0;0;0
"12/06/2010";"09:22:00";"38";"sem vítima";"113,5";"BR-393/RJ";"Sul";"Colisão Frontal";2;0;0;0;0;0;0;0;0;0;3;0;0;0;0
"12/06/2010";"16:35:00";"74";"com vítima";"279,5";"BR-393/RJ";"Sul";"Colisão com Objeto Fixo";0;0;1;0;0;0;0;0;0;0;0;0;1;0;0
"13/06/2010";"05:07:00";"20";"sem vítima";"250";"BR-393/RJ";"Norte";"Abalr.Sentido Oposto";2;0;0;0;0;0;0;0;0;0;3;0;0;0;0
"13/06/2010";"06:54:00";"22";"com vítima";"157";"BR-393/RJ";"Sul";"Tombamento";0;0;1;0;0;0;0;0;0;0;0;1;0;0;0
"13/06/2010";"15:08:00";"42";"com vítima";"112,4";"BR-393/RJ";"Norte";"Saída de Pista";0;0;1;0;0;0;0;0;0;0;0;1;0;0;0
"13/06/2010";"23:03:00";"78";"com vítima";"168";"BR-393/RJ";"Norte";"Outros tipos de acidente";0;0;0;1;0;0;0;0;0;0;0;2;0;0;0
"14/06/2010";"03:18:00";"14";"sem vítima";"229";"BR-393/RJ";"Norte";"Tombamento";0;0;1;0;0;0;0;0;0;0;1;0;0;0;0
"14/06/2010";"14:51:00";"60";"sem vítima";"156,1";"BR-393/RJ";"Norte";"Saída de Pista";1;0;0;0;0;0;0;0;0;0;2;0;0;0;0
"15/06/2010";"08:22:00";"50";"sem vítima";"237";"BR-393/RJ";"Sul";"Colisão Traseira";1;0;1;0;0;0;0;0;0;0;2;0;0;0;0
"15/06/2010";"13:58:00";"95";"sem vítima";"283,2";"BR-393/RJ";"Sul";"Colisão Traseira";2;0;0;0;0;0;0;0;0;0;2;0;0;0;0
"15/06/2010";"18:07:00";"118";"sem vítima";"282";"BR-393/RJ";"Norte";"Abalr.Sentido Oposto";1;0;1;0;0;0;0;0;0;0;2;0;0;0;0
"16/06/2010";"03:39:00";"16";"sem vítima";"251,4";"BR-393/RJ";"Norte";"Colisão Frontal";1;0;0;1;0;0;0;0;0;0;2;0;0;0;0
"16/06/2010";"14:50:00";"76";"sem vítima";"132,9";"BR-393/RJ";"Norte";"Abalr.Mesmo Sentido";0;0;2;0;0;0;0;0;0;0;1;0;0;0;0
"16/06/2010";"16:08:00";"88";"com vítima";"157";"BR-393/RJ";"Sul";"Tombamento";0;0;1;0;0;0;0;0;0;0;0;0;0;0;1
"17/06/2010";"09:32:00";"37";"sem vítima";"1,8";"Alça Sul";"Sul";"Tombamento";0;0;1;0;0;0;0;0;0;0;1;0;0;0;0
"17/06/2010";"19:28:00";"95";"com vítima";"240";"BR-393/RJ";"Norte";"Outros tipos de acidente";0;0;1;1;0;0;0;0;0;0;0;1;1;0;0
"17/06/2010";"19:49:00";"96";"com vítima";"237";"BR-393/RJ";"Sul";"Atropelamento";0;0;0;0;0;0;0;0;0;0;0;0;0;1;0
"18/06/2010";"06:42:00";"23";"sem vítima";"139,8";"BR-393/RJ";"Sul";"Capotamento";1;0;0;0;0;0;0;0;0;0;3;0;0;0;0
"18/06/2010";"07:47:00";"26";"com vítima";"234";"BR-393/RJ";"Norte";"Colisão Frontal";1;0;2;0;0;0;0;0;0;0;4;0;1;1;0
"18/06/2010";"08:50:00";"28";"sem vítima";"147";"BR-393/RJ";"Sul";"Engavetamento";3;0;0;0;0;0;0;0;0;0;6;0;0;0;0
"18/06/2010";"13:35:00";"51";"sem vítima";"102";"BR-393/RJ";"Norte";"Abalr.Transversal";2;0;0;0;0;0;0;0;0;0;5;0;0;0;0
"18/06/2010";"18:18:00";"76";"com vítima";"104,1";"BR-393/RJ";"Norte";"Colisão Traseira";1;0;1;0;0;0;0;0;0;0;0;4;0;0;0
"18/06/2010";"22:12:00";"96";"sem vítima";"255,9";"BR-393/RJ";"Sul";"Saída de Pista";1;0;0;0;0;0;0;0;0;0;2;0;0;0;0
"19/06/2010";"21:10:00";"93";"com vítima";"182";"BR-393/RJ";"Sul";"Abalr.Transversal";1;0;0;1;0;0;0;0;0;0;0;1;1;0;0
"19/06/2010";"21:36:00";"96";"com vítima";"229";"BR-393/RJ";"Norte";"Outros tipos de acidente";0;0;0;1;0;0;0;0;0;0;0;1;0;0;0
"19/06/2010";"23:11:00";"99";"com vítima";"268";"BR-393/RJ";"Norte";"Outros tipos de acidente";0;0;0;1;0;0;0;0;0;0;0;1;0;0;0
"20/06/2010";"00:08:00";"1";"com vítima";"3";"Alça Sul";"Sul";"Abalr.Mesmo Sentido";0;0;0;1;1;0;0;0;0;0;2;0;0;0;1
"20/06/2010";"07:42:00";"22";"sem vítima";"281";"BR-393/RJ";"Sul";"Colisão Traseira";2;0;0;0;0;0;0;0;0;0;2;0;0;0;0
"20/06/2010";"08:00:00";"25";"sem vítima";"285";"BR-393/RJ";"Sul";"Abalr.Transversal";1;0;0;0;1;0;0;0;0;0;1;0;0;0;0
"20/06/2010";"11:14:00";"52";"com vítima";"147";"BR-393/RJ";"Norte";"Saída de Pista";1;0;0;0;0;0;0;0;0;0;1;1;1;0;0
"20/06/2010";"19:09:00";"81";"com vítima";"104,2";"BR-393/RJ";"Norte";"Abalr.Transversal";2;0;0;0;0;0;0;0;0;0;2;4;0;0;0
"21/06/2010";"08:43:00";"32";"com vítima";"281";"BR-393/RJ";"Sul";"Abalr.Transversal";1;0;0;1;0;0;0;0;0;0;1;1;0;0;0
"21/06/2010";"10:46:00";"53";"com vítima";"285";"BR-393/RJ";"Norte";"Abalr.Transversal";1;0;0;1;0;0;0;0;0;0;1;1;0;0;0
"21/06/2010";"12:32:00";"63";"com vítima";"281";"BR-393/RJ";"Norte";"Colisão Frontal";1;0;0;1;0;0;0;0;0;0;1;0;1;0;0
"21/06/2010";"15:36:00";"74";"com vítima";"158";"BR-393/RJ";"Norte";"Outros tipos de acidente";0;0;0;1;0;0;0;0;0;0;0;0;2;0;0
"21/06/2010";"15:38:00";"77";"sem vítima";"106,7";"BR-393/RJ";"Norte";"Abalr.Transversal";0;0;0;2;0;0;0;0;0;0;1;0;0;0;0
"21/06/2010";"15:38:00";"76";"com vítima";"285,5";"BR-393/RJ";"Norte";"Colisão Traseira";2;0;0;0;0;0;0;0;0;0;0;2;0;0;0
"21/06/2010";"18:53:00";"94";"com vítima";"182";"BR-393/RJ";"Sul";"Saída de Pista";0;0;1;0;0;0;0;0;0;0;0;0;1;0;0
"22/06/2010";"03:36:00";"13";"sem vítima";"213";"BR-393/RJ";"Norte";"Atropelamento de Animal";0;0;1;0;0;0;0;0;0;0;1;0;0;0;0
"22/06/2010";"17:57:00";"88";"com vítima";"175";"BR-393/RJ";"Norte";"Colisão Traseira";1;0;0;0;0;0;0;0;0;0;0;2;0;0;0
"22/06/2010";"18:58:00";"91";"com vítima";"106";"BR-393/RJ";"Norte";"Outros tipos de acidente";1;0;1;0;0;0;0;0;0;0;0;2;0;0;0
"22/06/2010";"21:37:00";"108";"com vítima";"285";"BR-393/RJ";"Sul";"Abalr.Transversal";1;0;1;0;0;0;0;0;0;0;0;2;0;0;0
"24/06/2010";"20:52:00";"112";"com vítima";"102";"BR-393/RJ";"Norte";"Colisão Frontal";1;0;1;0;0;0;0;0;0;0;0;5;0;0;0
"25/06/2010";"06:48:00";"23";"com vítima";"277";"BR-393/RJ";"Sul";"Colisão Frontal";2;0;0;0;0;0;0;0;0;0;1;1;0;0;0
"25/06/2010";"17:41:00";"91";"sem vítima";"259";"BR-393/RJ";"Sul";"Colisão Traseira";2;0;0;0;0;0;0;0;0;0;2;0;0;0;0
"26/06/2010";"10:20:00";"43";"sem vítima";"239";"BR-393/RJ";"Norte";"Abalr.Transversal";2;0;0;0;0;0;0;0;0;0;4;0;0;0;0
"27/06/2010";"07:42:00";"40";"sem vítima";"267";"BR-393/RJ";"Sul";"Abalr.Sentido Oposto";1;0;1;0;0;0;0;0;0;0;2;0;0;0;0
"27/06/2010";"11:52:00";"61";"com vítima";"268";"BR-393/RJ";"Norte";"Abalr.Transversal";1;0;0;1;0;0;0;0;0;0;1;0;1;0;0
"27/06/2010";"19:04:00";"91";"com vítima";"280";"BR-393/RJ";"Sul";"Outros tipos de acidente";0;0;0;1;0;0;0;0;0;0;1;1;0;0;0
"28/06/2010";"06:04:00";"23";"sem vítima";"125";"BR-393/RJ";"Norte";"Colisão com Objeto Fixo";1;0;0;0;0;0;0;0;0;0;1;0;0;0;0
"28/06/2010";"12:30:00";"74";"sem vítima";"175";"BR-393/RJ";"Sul";"Colisão Traseira";2;0;0;0;0;0;0;0;0;0;4;0;0;0;0
"28/06/2010";"22:50:00";"103";"com vítima";"136";"BR-393/RJ";"Sul";"Engavetamento";1;0;2;0;0;0;0;0;0;0;0;1;0;0;0
"29/06/2010";"08:05:00";"30";"sem vítima";"173";"BR-393/RJ";"Norte";"Abalr.Transversal";1;0;1;0;0;0;0;0;0;0;3;0;0;0;0
"29/06/2010";"08:15:00";"31";"sem vítima";"282";"BR-393/RJ";"Norte";"Abalr.Transversal";1;0;0;0;1;0;0;0;0;0;2;0;0;0;0
"29/06/2010";"17:32:00";"94";"com vítima";"147";"BR-393/RJ";"Norte";"Outros tipos de acidente";0;0;0;1;0;0;0;0;0;0;0;1;1;0;0
"30/06/2010";"14:20:00";"80";"com vítima";"228";"BR-393/RJ";"Sul";"Abalr.Sentido Oposto";1;0;1;0;0;0;0;0;0;0;0;4;0;0;0
"30/06/2010";"14:47:00";"81";"sem vítima";"140,9";"BR-393/RJ";"Norte";"Abalr.Mesmo Sentido";2;0;0;0;0;0;0;0;0;0;2;0;0;0;0
"01/07/2010";"10:18:00";"69";"sem vítima";"177,7";"BR-393/RJ";"Sul";"Colisão Traseira";1;0;0;0;0;0;0;0;0;0;1;0;0;0;0
"01/07/2010";"15:00:00";"93";"sem vítima";"168,8";"BR-393/RJ";"Norte";"Colisão Traseira";2;0;0;0;0;0;0;0;0;0;3;0;0;0;0
"01/07/2010";"15:29:00";"99";"sem vítima";"168,8";"BR-393/RJ";"Sul";"Colisão Traseira";2;0;0;0;0;0;0;0;0;0;3;0;0;0;0
"01/07/2010";"23:08:00";"143";"com vítima";"198,5";"BR-393/RJ";"Sul";"Saída de Pista";0;0;1;0;0;0;0;0;0;0;0;2;0;0;0
"02/07/2010";"06:27:00";"21";"sem vítima";"220";"BR-393/RJ";"Sul";"Atropelamento de Animal";1;0;0;0;0;0;0;0;0;0;2;0;0;0;0
"02/07/2010";"15:50:00";"64";"com vítima";"124,8";"BR-393/RJ";"Norte";"Tombamento";0;0;1;0;0;0;0;0;0;0;0;2;0;0;0
"03/07/2010";"05:31:00";"20";"com vítima";"239";"BR-393/RJ";"Sul";"Abalr.Sentido Oposto";0;0;1;1;0;0;0;0;0;0;1;0;0;1;0
"03/07/2010";"08:56:00";"30";"com vítima";"235";"BR-393/RJ";"Sul";"Colisão Traseira";1;0;0;1;0;0;0;0;0;0;2;1;0;0;0
"03/07/2010";"15:14:00";"63";"sem vítima";"178,5";"BR-393/RJ";"Norte";"Engavetamento";3;0;0;0;0;0;0;0;0;0;3;0;0;0;0
"04/07/2010";"07:02:00";"27";"com vítima";"165";"BR-393/RJ";"Norte";"Tombamento";0;0;1;0;0;0;0;0;0;0;0;1;0;0;0
"04/07/2010";"07:36:00";"30";"sem vítima";"255";"BR-393/RJ";"Norte";"Abalr.Transversal";2;0;0;0;0;0;0;0;0;0;6;0;0;0;0
"05/07/2010";"17:34:00";"112";"sem vítima";"283";"BR-393/RJ";"Sul";"Colisão Frontal";1;0;0;1;0;0;0;0;0;0;2;0;0;0;0
"05/07/2010";"17:36:00";"113";"sem vítima";"258";"BR-393/RJ";"Sul";"Saída de Pista";1;0;0;0;0;0;0;0;0;0;1;0;0;0;0
"06/07/2010";"18:38:00";"97";"com vítima";"252";"BR-393/RJ";"Norte";"Colisão Frontal";2;0;0;0;0;1;0;0;0;0;1;2;0;0;0
"08/07/2010";"06:11:00";"22";"sem vítima";"223";"BR-393/RJ";"Sul";"Abalr.Sentido Oposto";0;0;1;0;0;0;0;0;0;0;1;0;0;0;0
"08/07/2010";"15:01:00";"82";"sem vítima";"278,5";"BR-393/RJ";"Sul";"Engavetamento";2;0;1;0;0;0;0;0;0;0;5;0;0;0;0
"11/07/2010";"08:21:00";"31";"com vítima";"244";"BR-393/RJ";"Sul";"Atropelamento de Animal";1;0;0;0;0;0;0;0;0;0;0;4;0;0;0
"11/07/2010";"11:50:00";"51";"sem vítima";"279";"BR-393/RJ";"Sul";"Colisão Traseira";2;0;0;0;0;0;0;0;0;0;2;0;0;0;0