data;horario;n_da_ocorrencia;tipo_de_ocorrencia;km;trecho;sentido;tipo_de_acidente;automovel;bicicleta;caminhao;moto;onibus;outros;tracao_animal;transporte_de_cargas_especiais;trator_maquinas;utilitarios;ilesos;levemente_feridos;moderadamente_feridos;gravemente_feridos;mortos
"11/11/2010";"20:51:00";"118";"com vítima";"235,1";"BR-393/RJ";"Norte";"Abalr.Transversal";1;0;0;1;0;0;0;0;0;0;0;2;0;0;0
"11/11/2010";"22:52:00";"122";"com vítima";"281";"BR-393/RJ";"Sul";"Colisão Traseira";1;0;1;0;0;0;0;0;0;0;1;1;0;0;0
"12/11/2010";"07:15:00";"37";"com vítima";"285,5";"BR-393/RJ";"Sul";"Colisão Traseira";1;0;1;0;0;0;0;0;0;0;1;1;0;0;0
"12/11/2010";"07:25:00";"38";"com vítima";"243";"BR-393/RJ";"Sul";"Tombamento";0;0;1;0;0;0;0;0;0;0;0;1;0;0;0
"12/11/2010";"07:53:00";"39";"com vítima";"182";"BR-393/RJ";"Sul";"Abalr.Transversal";2;0;0;0;0;0;0;0;0;0;1;2;0;0;0
"12/11/2010";"12:46:00";"78";"sem vítima";"169";"BR-393/RJ";"Norte";"Abalr.Transversal";1;0;1;0;0;0;0;0;0;0;3;0;0;0;0
"12/11/2010";"13:32:00";"83";"com vítima";"238,4";"BR-393/RJ";"Norte";"Abalr.Transversal";1;0;0;1;0;0;0;0;0;0;2;1;0;0;0
"12/11/2010";"16:39:00";"92";"sem vítima";"217";"BR-393/RJ";"Norte";"Abalr.Transversal";1;0;1;0;0;0;0;0;0;0;4;0;0;0;0
"13/11/2010";"05:03:00";"30";"sem vítima";"286,4";"BR-393/RJ";"Norte";"Saída de Pista";1;0;0;0;0;0;0;0;0;0;1;0;0;0;0
"13/11/2010";"06:56:00";"37";"sem vítima";"232";"BR-393/RJ";"Norte";"Abalr.Mesmo Sentido";1;0;1;0;0;0;0;0;0;0;6;0;0;0;0
"13/11/2010";"11:31:00";"67";"sem vítima";"119";"BR-393/RJ";"Norte";"Colisão Traseira";2;0;0;0;0;0;0;0;0;0;7;0;0;0;0
"13/11/2010";"12:05:00";"69";"com vítima";"220,1";"BR-393/RJ";"Sul";"Saída de Pista";1;0;0;0;0;0;0;0;0;0;0;1;3;0;0
"13/11/2010";"17:00:00";"90";"sem vítima";"268,2";"BR-393/RJ";"Sul";"Abalr.Transversal";2;0;0;0;0;0;0;0;0;0;2;0;0;0;0
"13/11/2010";"19:24:00";"107";"com vítima";"138,3";"BR-393/RJ";"Sul";"Outros tipos de acidente";0;0;0;1;0;0;0;0;0;0;0;1;0;0;0
"15/11/2010";"22:53:00";"100";"com vítima";"250,8";"BR-393/RJ";"Norte";"Atropelamento";0;0;0;0;0;0;0;0;0;0;0;0;0;0;1
"16/11/2010";"01:35:00";"8";"com vítima";"243,7";"BR-393/RJ";"Sul";"Tombamento";0;0;1;0;0;0;0;0;0;0;0;0;1;1;0
"16/11/2010";"13:01:00";"72";"sem vítima";"175";"BR-393/RJ";"Norte";"Colisão Traseira";2;0;0;0;0;0;0;0;0;0;2;0;0;0;0
"16/11/2010";"13:35:00";"73";"sem vítima";"272";"BR-393/RJ";"Sul";"Saída de Pista";1;0;0;0;0;0;0;0;0;0;1;0;0;0;0
"16/11/2010";"14:03:00";"75";"sem vítima";"282";"BR-393/RJ";"Sul";"Saída de Pista";0;0;1;0;0;0;0;0;0;0;1;0;0;0;0
"16/11/2010";"15:31:00";"78";"sem vítima";"249,2";"BR-393/RJ";"Sul";"Saída de Pista";1;0;0;0;0;0;0;0;0;0;1;0;0;0;0
"17/11/2010";"10:13:00";"57";"com vítima";"121,9";"BR-393/RJ";"Norte";"Colisão Frontal";1;0;1;0;0;0;0;0;0;0;2;0;0;0;1
"17/11/2010";"14:05:00";"80";"com vítima";"154,5";"BR-393/RJ";"Sul";"Colisão Frontal";2;0;0;0;0;0;0;0;0;0;2;2;0;0;0
"17/11/2010";"14:40:00";"82";"com vítima";"265";"BR-393/RJ";"Norte";"Outros tipos de acidente";0;0;1;0;0;0;0;0;0;0;0;1;0;0;0
"18/11/2010";"10:25:00";"67";"com vítima";"161";"BR-393/RJ";"Norte";"Tombamento";0;0;1;0;0;0;0;0;0;0;0;0;0;1;0
"18/11/2010";"15:44:00";"97";"sem vítima";"269,8";"BR-393/RJ";"Norte";"Saída de Pista";0;0;1;0;0;0;0;0;0;0;2;0;0;0;0
"18/11/2010";"18:56:00";"113";"sem vítima";"152";"BR-393/RJ";"Sul";"Saída de Pista";1;0;0;0;0;0;0;0;0;0;2;0;0;0;0
"19/11/2010";"10:12:00";"66";"com vítima";"243";"BR-393/RJ";"Norte";"Tombamento";0;0;1;0;0;0;0;0;0;0;0;0;1;0;0
"19/11/2010";"15:35:00";"93";"sem vítima";"238";"BR-393/RJ";"Norte";"Colisão Traseira";2;0;0;0;0;0;0;0;0;0;2;0;0;0;0
"19/11/2010";"16:52:00";"104";"com vítima";"177,8";"BR-393/RJ";"Norte";"Engavetamento";1;0;1;1;0;0;0;0;0;0;2;2;0;0;0
"20/11/2010";"00:11:00";"1";"sem vítima";"222,9";"BR-393/RJ";"Norte";"Outros tipos de acidente";1;0;0;0;0;0;0;0;0;0;1;0;0;0;0
"20/11/2010";"07:42:00";"38";"sem vítima";"171";"BR-393/RJ";"Sul";"Abalr.Sentido Oposto";1;0;0;0;0;0;0;0;0;0;1;0;0;0;0
"21/11/2010";"07:12:00";"32";"com vítima";"272";"BR-393/RJ";"Norte";"Saída de Pista";1;0;0;0;0;0;0;0;0;0;0;1;0;0;0
"21/11/2010";"18:19:00";"77";"com vítima";"236";"BR-393/RJ";"Sul";"Abalr.Mesmo Sentido";2;0;0;0;0;0;0;0;0;0;0;2;1;0;0
"23/11/2010";"10:40:00";"83";"com vítima";"236,5";"BR-393/RJ";"Sul";"Abalr.Sentido Oposto";1;0;1;0;0;0;0;0;0;0;1;0;1;0;0
"23/11/2010";"11:34:00";"89";"com vítima";"286";"BR-393/RJ";"Norte";"Colisão Traseira";1;0;0;1;0;0;0;0;0;0;0;1;0;0;0
"23/11/2010";"14:56:00";"104";"com vítima";"3";"Alça Sul";"Norte";"Saída de Pista";1;0;0;0;0;0;0;0;0;0;0;1;0;0;0
"23/11/2010";"16:32:00";"114";"sem vítima";"254,8";"BR-393/RJ";"Norte";"Saída de Pista";1;0;0;0;0;0;0;0;0;0;1;0;0;0;0
"23/11/2010";"18:19:00";"127";"com vítima";"122,9";"BR-393/RJ";"Norte";"Colisão Traseira";0;0;0;0;2;0;0;0;0;0;0;2;0;0;0
"23/11/2010";"18:29:00";"128";"com vítima";"169";"BR-393/RJ";"Norte";"Capotamento";1;0;0;0;0;0;0;0;0;0;0;0;1;0;0
"24/11/2010";"06:10:00";"38";"sem vítima";"286";"BR-393/RJ";"Norte";"Colisão Traseira";0;0;2;0;0;0;0;0;0;0;2;0;0;0;0
"24/11/2010";"09:30:00";"55";"com vítima";"274";"BR-393/RJ";"Sul";"Tombamento";0;0;1;0;0;0;0;0;0;0;0;0;0;1;0
"24/11/2010";"09:49:00";"60";"sem vítima";"268,2";"BR-393/RJ";"Norte";"Colisão Frontal";1;0;0;0;0;0;0;0;0;0;2;0;0;0;0
"24/11/2010";"19:03:00";"107";"com vítima";"176";"BR-393/RJ";"Norte";"Atropelamento";0;0;1;0;0;0;0;0;0;0;0;0;1;0;0
"24/11/2010";"19:30:00";"113";"com vítima";"255,8";"BR-393/RJ";"Norte";"Atropelamento";0;0;1;0;0;0;0;0;0;0;0;2;0;0;0
"24/11/2010";"21:59:00";"128";"com vítima";"141";"BR-393/RJ";"Norte";"Abalr.Mesmo Sentido";2;0;0;0;0;0;0;0;0;0;3;1;0;0;0
"25/11/2010";"05:02:00";"30";"sem vítima";"190";"BR-393/RJ";"Norte";"Abalr.Mesmo Sentido";0;0;2;0;0;0;0;0;0;0;2;0;0;0;0
"25/11/2010";"13:59:00";"78";"sem vítima";"175,2";"BR-393/RJ";"Sul";"Colisão Frontal";1;0;1;0;0;0;0;0;0;0;3;0;0;0;0
"25/11/2010";"23:56:00";"120";"sem vítima";"121,5";"BR-393/RJ";"Norte";"Saída de Pista";0;0;1;0;0;0;0;0;0;0;2;0;0;0;0
"26/11/2010";"18:17:00";"96";"sem vítima";"285,5";"BR-393/RJ";"Sul";"Abalr.Mesmo Sentido";1;0;1;0;0;0;0;0;0;0;2;0;0;0;0
"27/11/2010";"07:21:00";"43";"com vítima";"241,9";"BR-393/RJ";"Norte";"Colisão Frontal";1;0;1;0;0;0;0;0;0;0;1;1;0;0;0
"27/11/2010";"16:08:00";"88";"sem vítima";"265";"BR-393/RJ";"Sul";"Outros tipos de acidente";0;0;0;1;0;0;0;0;0;0;1;0;0;0;0
"27/11/2010";"16:10:00";"89";"sem vítima";"157,5";"BR-393/RJ";"Sul";"Tombamento";0;0;1;0;0;0;0;0;0;0;1;0;0;0;0
"27/11/2010";"23:43:00";"114";"sem vítima";"237,7";"BR-393/RJ";"Norte";"Abalr.Sentido Oposto";1;0;0;0;0;0;0;0;0;0;7;0;0;0;0
"28/11/2010";"05:02:00";"36";"sem vítima";"182";"BR-393/RJ";"Sul";"Saída de Pista";1;0;0;0;0;0;0;0;0;0;1;0;0;0;0
"28/11/2010";"05:20:00";"37";"sem vítima";"165,7";"BR-393/RJ";"Norte";"Abalr.Sentido Oposto";1;0;1;0;0;0;0;0;0;0;4;0;0;0;0
"28/11/2010";"23:38:00";"128";"com vítima";"247";"BR-393/RJ";"Norte";"Capotamento";2;0;0;0;0;0;0;0;0;0;1;2;0;0;0
"29/11/2010";"00:04:00";"1";"com vítima";"235,1";"BR-393/RJ";"Norte";"Abalr.Transversal";1;0;1;0;0;0;0;0;0;0;1;1;0;0;0
"29/11/2010";"08:24:00";"40";"sem vítima";"115";"BR-393/RJ";"Sul";"Saída de Pista";1;0;0;0;0;0;0;0;0;0;4;0;0;0;0
"29/11/2010";"16:45:00";"76";"sem vítima";"155,5";"BR-393/RJ";"Norte";"Tombamento";0;0;1;0;0;0;0;0;0;0;1;0;0;0;0
"29/11/2010";"18:06:00";"86";"com vítima";"103,8";"BR-393/RJ";"Norte";"Colisão Traseira";2;0;0;0;0;0;0;0;0;0;0;5;0;0;0
"01/12/2010";"09:11:00";"47";"com vítima";"106,3";"BR-393/RJ";"Norte";"Colisão Frontal";1;0;0;1;0;0;0;0;0;0;1;1;0;0;0
"01/12/2010";"09:37:00";"49";"sem vítima";"281";"BR-393/RJ";"Sul";"Abalr.Transversal";1;0;0;1;0;0;0;0;0;0;2;0;0;0;0
"01/12/2010";"12:52:00";"74";"sem vítima";"184,5";"BR-393/RJ";"Sul";"Saída de Pista";0;0;1;0;0;0;0;0;0;0;1;0;0;0;0
"02/12/2010";"13:59:00";"90";"sem vítima";"269,6";"BR-393/RJ";"Sul";"Saída de Pista";1;0;0;0;0;0;0;0;0;0;1;0;0;0;0
"02/12/2010";"14:14:00";"91";"sem vítima";"236";"BR-393/RJ";"Sul";"Abalr.Transversal";2;0;0;0;0;0;0;0;0;0;2;0;0;0;0
"02/12/2010";"16:17:00";"100";"com vítima";"158";"BR-393/RJ";"Norte";"Saída de Pista";1;0;0;0;0;0;0;0;0;0;1;1;0;0;0
"02/12/2010";"19:00:00";"114";"sem vítima";"231";"BR-393/RJ";"Norte";"Saída de Pista";1;0;0;0;0;0;0;0;0;0;2;0;0;0;0
"02/12/2010";"20:05:00";"120";"sem vítima";"105";"BR-393/RJ";"Norte";"Capotamento";1;0;0;0;0;0;0;0;0;0;2;0;0;0;0
"02/12/2010";"20:28:00";"126";"com vítima";"115,9";"BR-393/RJ";"Sul";"Saída de Pista";0;0;1;0;0;0;0;0;0;0;0;3;0;0;0
"02/12/2010";"21:26:00";"128";"sem vítima";"265";"BR-393/RJ";"Sul";"Engavetamento";3;0;0;0;0;0;0;0;0;0;3;0;0;0;0
"02/12/2010";"23:42:00";"129";"sem vítima";"285";"BR-393/RJ";"Norte";"Colisão com Objeto Fixo";1;0;0;0;0;0;0;0;0;0;1;0;0;0;0
"02/12/2010";"23:57:00";"130";"sem vítima";"252,3";"BR-393/RJ";"Sul";"Saída de Pista";1;0;0;0;0;0;0;0;0;0;1;0;0;0;0
"03/12/2010";"20:40:00";"106";"sem vítima";"252,8";"BR-393/RJ";"Sul";"Outros tipos de acidente";0;0;0;1;0;0;0;0;0;0;1;0;0;0;0
"04/12/2010";"02:11:00";"13";"sem vítima";"254";"BR-393/RJ";"Sul";"Saída de Pista";0;0;1;0;0;0;0;0;0;0;1;0;0;0;0
"04/12/2010";"03:58:00";"22";"sem vítima";"142";"BR-393/RJ";"Norte";"Colisão Frontal";1;0;0;0;0;0;0;0;0;0;2;0;0;0;0
"04/12/2010";"10:03:00";"57";"sem vítima";"281,5";"BR-393/RJ";"Norte";"Colisão Traseira";2;0;0;0;0;0;0;0;0;0;2;0;0;0;0
"04/12/2010";"11:01:00";"64";"sem vítima";"285,8";"BR-393/RJ";"Sul";"Abalr.Mesmo Sentido";1;0;1;0;0;0;0;0;0;0;2;0;0;0;0
"04/12/2010";"11:47:00";"73";"sem vítima";"286";"BR-393/RJ";"Sul";"Colisão Traseira";0;0;1;0;0;0;0;0;0;0;1;0;0;0;0
"04/12/2010";"16:16:00";"89";"sem vítima";"175,2";"BR-393/RJ";"Sul";"Colisão Traseira";1;0;0;0;0;0;0;0;0;0;2;0;0;0;0
"05/12/2010";"17:49:00";"86";"com vítima";"216,4";"BR-393/RJ";"Sul";"Colisão Traseira";1;0;0;0;0;0;0;0;0;0;3;2;0;0;0
"05/12/2010";"19:45:00";"95";"com vítima";"198";"BR-393/RJ";"Norte";"Colisão Traseira";1;0;0;0;0;0;0;0;0;0;0;1;0;0;0
"05/12/2010";"21:35:00";"101";"sem vítima";"268,5";"BR-393/RJ";"Sul";"Colisão Traseira";2;0;0;0;0;0;0;0;0;0;4;0;0;0;0
"06/12/2010";"05:53:00";"39";"sem vítima";"128,7";"BR-393/RJ";"Norte";"Saída de Pista";1;0;0;0;0;0;0;0;0;0;1;0;0;0;0
"06/12/2010";"13:25:00";"100";"sem vítima";"265";"BR-393/RJ";"Norte";"Outros tipos de acidente";1;0;0;0;0;0;0;0;0;0;0;0;0;0;0
"06/12/2010";"14:14:00";"103";"sem vítima";"281";"BR-393/RJ";"Norte";"Colisão Traseira";1;0;1;0;0;0;0;0;0;0;2;0;0;0;0
"06/12/2010";"17:33:00";"118";"com vítima";"245,4";"BR-393/RJ";"Sul";"Abalr.Sentido Oposto";1;0;1;0;0;0;0;0;0;0;0;0;0;1;0
"06/12/2010";"20:20:00";"131";"com vítima";"286,4";"BR-393/RJ";"Sul";"Colisão Traseira";2;0;0;0;0;0;0;0;0;0;0;2;0;0;0
"07/12/2010";"05:40:00";"41";"sem vítima";"224,6";"BR-393/RJ";"Norte";"Abalr.Sentido Oposto";1;0;1;0;0;0;0;0;0;0;4;0;0;0;0
"07/12/2010";"10:23:00";"67";"com vítima";"247";"BR-393/RJ";"Sul";"Atropelamento";0;0;0;0;0;0;0;0;0;1;1;1;0;0;0
"07/12/2010";"12:24:00";"84";"sem vítima";"195";"BR-393/RJ";"Norte";"Colisão Traseira";1;0;1;0;0;0;0;0;0;0;4;0;0;0;0
"07/12/2010";"18:31:00";"115";"sem vítima";"285";"BR-393/RJ";"Sul";"Outros tipos de acidente";0;0;0;0;0;0;0;0;0;0;0;0;0;0;0
"08/12/2010";"00:36:00";"5";"sem vítima";"184,5";"BR-393/RJ";"Sul";"Outros tipos de acidente";1;0;0;0;0;0;0;0;0;0;2;0;0;0;0
"08/12/2010";"03:03:00";"18";"sem vítima";"244,5";"BR-393/RJ";"Sul";"Saída de Pista";0;0;1;0;0;0;0;0;0;0;1;0;0;0;0
"08/12/2010";"13:00:00";"68";"com vítima";"187";"BR-393/RJ";"Norte";"Colisão Traseira";1;0;1;0;0;0;0;0;0;0;0;4;0;0;0
"08/12/2010";"17:31:00";"92";"sem vítima";"198,5";"BR-393/RJ";"Norte";"Colisão Traseira";2;0;0;0;0;0;0;0;0;0;4;0;0;0;0
"09/12/2010";"11:45:00";"78";"com vítima";"158";"BR-393/RJ";"Sul";"Saída de Pista";0;0;1;0;0;0;0;0;0;0;0;0;1;0;0
"09/12/2010";"19:20:00";"119";"com vítima";"285";"BR-393/RJ";"Norte";"Colisão Traseira";1;0;1;0;0;0;0;0;0;0;0;3;0;0;0
"09/12/2010";"21:14:00";"129";"com vítima";"143";"BR-393/RJ";"Norte";"Outros tipos de acidente";0;0;0;1;0;0;0;0;0;0;0;0;1;0;0
"09/12/2010";"23:11:00";"134";"com vítima";"134,5";"BR-393/RJ";"Sul";"Saída de Pista";1;0;0;0;0;0;0;0;0;0;0;1;2;0;0
"10/12/2010";"08:00:00";"34";"sem vítima";"154";"BR-393/RJ";"Norte";"Colisão Traseira";0;0;1;0;0;0;0;0;0;0;1;0;0;0;0
"10/12/2010";"15:12:00";"74";"sem vítima";"177,7";"BR-393/RJ";"Norte";"Colisão Traseira";1;0;0;1;0;0;0;0;0;0;2;0;0;0;0
"10/12/2010";"16:03:00";"77";"com vítima";"102,8";"BR-393/RJ";"Sul";"Engavetamento";3;0;0;0;0;0;0;0;0;0;0;3;0;0;0
"10/12/2010";"16:46:00";"80";"sem vítima";"198,5";"BR-393/RJ";"Sul";"Outros tipos de acidente";2;0;0;0;0;0;0;0;0;0;5;0;0;0;0
"10/12/2010";"23:23:00";"100";"sem vítima";"286";"BR-393/RJ";"Sul";"Abalr.Transversal";1;0;0;1;0;0;0;0;0;0;3;0;0;0;0
"11/12/2010";"20:00:00";"101";"sem vítima";"175";"BR-393/RJ";"Norte";"Saída de Pista";1;0;0;0;0;0;0;0;0;0;1;0;0;0;0
"11/12/2010";"20:09:00";"104";"com vítima";"155,5";"BR-393/RJ";"Norte";"Tombamento";0;0;1;0;0;0;0;0;0;0;0;0;1;0;0
"12/12/2010";"04:04:00";"28";"sem vítima";"263";"BR-393/RJ";"Sul";"Saída de Pista";1;0;0;0;0;0;0;0;0;0;1;0;0;0;0
"12/12/2010";"17:45:00";"83";"com vítima";"262,5";"BR-393/RJ";"Norte";"Colisão Frontal";1;0;1;0;0;0;0;0;0;0;1;2;0;0;0
"13/12/2010";"06:02:00";"30";"sem vítima";"244";"BR-393/RJ";"Norte";"Saída de Pista";0;0;1;0;0;0;0;0;0;0;1;0;0;0;0
"13/12/2010";"06:28:00";"31";"sem vítima";"258";"BR-393/RJ";"Sul";"Abalr.Sentido Oposto";2;0;0;0;0;0;0;0;0;0;2;0;0;0;0
"13/12/2010";"16:34:00";"86";"com vítima";"270";"BR-393/RJ";"Norte";"Capotamento";1;0;0;0;0;0;0;0;0;0;0;1;0;0;0
"13/12/2010";"16:51:00";"88";"com vítima";"263";"BR-393/RJ";"Sul";"Saída de Pista";1;0;0;0;0;0;0;0;0;0;0;2;0;0;0
"13/12/2010";"18:26:00";"98";"com vítima";"242,5";"BR-393/RJ";"Sul";"Saída de Pista";1;0;0;0;0;0;0;0;0;0;0;1;0;0;0
"13/12/2010";"20:28:00";"109";"com vítima";"285";"BR-393/RJ";"Sul";"Saída de Pista";1;0;0;0;0;0;0;0;0;0;0;1;0;0;0
"13/12/2010";"21:31:00";"121";"com vítima";"135";"BR-393/RJ";"Sul";"Colisão Traseira";0;0;1;1;0;0;0;0;0;0;0;2;0;0;0
"14/12/2010";"06:20:00";"32";"sem vítima";"124,3";"BR-393/RJ";"Norte";"Tombamento";0;0;1;0;0;0;0;0;0;0;1;0;0;0;0
"14/12/2010";"08:23:00";"43";"com vítima";"279";"BR-393/RJ";"Sul";"Colisão Traseira";1;0;1;0;0;0;0;0;0;0;3;1;0;0;0
"14/12/2010";"12:21:00";"80";"com vítima";"276,7";"BR-393/RJ";"Norte";"Colisão Frontal";1;0;1;0;0;0;0;0;0;0;0;0;0;1;1
"14/12/2010";"14:02:00";"84";"com vítima";"181";"BR-393/RJ";"Norte";"Capotamento";1;0;0;0;0;0;0;0;0;0;0;0;2;0;0
"14/12/2010";"14:41:00";"86";"sem vítima";"269";"BR-393/RJ";"Norte";"Saída de Pista";1;0;0;0;0;0;0;0;0;0;1;0;0;0;0
"14/12/2010";"15:37:00";"88";"sem vítima";"217,4";"BR-393/RJ";"Norte";"Saída de Pista";1;0;0;0;0;0;0;0;0;0;1;0;0;0;0
"14/12/2010";"17:42:00";"99";"com vítima";"286";"BR-393/RJ";"Sul";"Colisão Traseira";1;0;1;0;0;0;0;0;0;0;0;2;0;0;0
"15/12/2010";"17:05:00";"99";"com vítima";"170";"BR-393/RJ";"Norte";"Tombamento";0;0;1;0;0;0;0;0;0;0;0;1;1;0;0
"15/12/2010";"17:59:00";"101";"com vítima";"175";"BR-393/RJ";"Sul";"Colisão Traseira";2;0;0;0;0;0;0;0;0;0;0;3;0;0;0
"15/12/2010";"18:31:00";"103";"com vítima";"251,2";"BR-393/RJ";"Sul";"Colisão Traseira";2;0;0;0;0;0;0;0;0;0;0;2;0;0;0
"15/12/2010";"19:55:00";"111";"com vítima";"231,5";"BR-393/RJ";"Norte";"Saída de Pista";1;0;0;0;0;0;0;0;0;0;0;2;0;0;0
"15/12/2010";"23:58:00";"127";"com vítima";"105";"BR-393/RJ";"Sul";"Saída de Pista";0;0;1;0;0;0;0;0;0;0;0;0;0;0;1
"16/12/2010";"05:13:00";"25";"sem vítima";"105";"BR-393/RJ";"Sul";"Saída de Pista";1;0;0;0;0;0;0;0;0;0;1;0;0;0;0
"16/12/2010";"07:55:00";"32";"sem vítima";"285,5";"BR-393/RJ";"Sul";"Abalr.Mesmo Sentido";1;0;1;0;0;0;0;0;0;0;2;0;0;0;0
"16/12/2010";"22:08:00";"102";"com vítima";"284,3";"BR-393/RJ";"Norte";"Saída de Pista";1;0;0;0;0;0;0;0;0;0;0;2;0;0;0
"18/12/2010";"04:30:00";"26";"com vítima";"102";"BR-393/RJ";"Norte";"Atropelamento";0;0;1;0;0;0;0;0;0;0;0;0;2;0;0
"18/12/2010";"04:44:00";"27";"sem vítima";"285,5";"BR-393/RJ";"Norte";"Abalr.Sentido Oposto";1;0;0;0;0;0;0;0;0;0;1;0;0;0;0
"18/12/2010";"06:05:00";"34";"com vítima";"238,9";"BR-393/RJ";"Sul";"Abalr.Sentido Oposto";2;0;0;0;0;0;0;0;0;0;0;0;2;0;0
"18/12/2010";"09:16:00";"56";"sem vítima";"228";"BR-393/RJ";"Sul";"Saída de Pista";1;0;0;0;0;0;0;0;0;0;1;0;0;0;0
"18/12/2010";"09:31:00";"58";"sem vítima";"286";"BR-393/RJ";"Norte";"Colisão Traseira";1;0;0;0;0;0;0;0;0;0;2;0;0;0;0
"18/12/2010";"10:08:00";"64";"sem vítima";"168,9";"BR-393/RJ";"Sul";"Saída de Pista";1;0;0;0;0;0;0;0;0;0;1;0;0;0;0
"18/12/2010";"11:21:00";"70";"sem vítima";"178,7";"BR-393/RJ";"Norte";"Engavetamento";3;0;0;0;0;0;0;0;0;0;8;0;0;0;0
"18/12/2010";"22:54:00";"131";"com vítima";"167,8";"BR-393/RJ";"Norte";"Atropelamento";0;0;1;0;0;0;0;0;0;0;0;1;0;0;0
"18/12/2010";"23:38:00";"133";"sem vítima";"165";"BR-393/RJ";"Sul";"Saída de Pista";1;0;0;0;0;0;0;0;0;0;5;0;0;0;0
"19/12/2010";"02:05:00";"11";"com vítima";"157";"BR-393/RJ";"Norte";"Saída de Pista";1;0;0;0;0;0;0;0;0;0;0;3;0;0;0
"19/12/2010";"04:43:00";"22";"sem vítima";"131";"BR-393/RJ";"Norte";"Outros tipos de acidente";1;0;1;0;0;0;0;0;0;0;2;0;0;0;0
"19/12/2010";"10:12:00";"42";"sem vítima";"208,6";"BR-393/RJ";"Norte";"Saída de Pista";1;0;0;0;0;0;0;0;0;0;2;0;0;0;0
"20/12/2010";"13:28:00";"79";"sem vítima";"267";"BR-393/RJ";"Sul";"Abalr.Sentido Oposto";1;0;1;0;0;0;0;0;0;0;3;0;0;0;0
"20/12/2010";"17:27:00";"99";"com vítima";"236";"BR-393/RJ";"Norte";"Abalr.Mesmo Sentido";1;0;0;1;0;0;0;0;0;0;0;1;0;0;0
"21/12/2010";"07:12:00";"30";"com vítima";"159";"BR-393/RJ";"Norte";"Outros tipos de acidente";0;0;0;1;0;0;0;0;0;0;0;1;0;0;0
"21/12/2010";"08:38:00";"37";"sem vítima";"255,3";"BR-393/RJ";"Sul";"Colisão Traseira";1;0;1;0;0;0;0;0;0;0;3;0;0;0;0
"22/12/2010";"07:12:00";"33";"com vítima";"231";"BR-393/RJ";"Norte";"Atropelamento";1;0;0;0;0;0;0;0;0;0;0;1;0;0;0
"22/12/2010";"07:49:00";"36";"sem vítima";"284,2";"BR-393/RJ";"Sul";"Colisão Traseira";2;0;0;0;0;0;0;0;0;0;2;0;0;0;0
"22/12/2010";"13:25:00";"78";"com vítima";"237";"BR-393/RJ";"Norte";"Atropelamento";0;0;0;1;0;0;0;0;0;0;1;2;0;0;0
"22/12/2010";"19:21:00";"104";"sem vítima";"283";"BR-393/RJ";"Sul";"Colisão Traseira";1;0;0;0;1;0;0;0;0;0;2;0;0;0;0
"22/12/2010";"23:54:00";"130";"sem vítima";"218,5";"BR-393/RJ";"Sul";"Abalr.Sentido Oposto";0;0;3;0;0;0;0;0;0;0;3;0;0;0;0
"23/12/2010";"06:20:00";"26";"sem vítima";"135";"BR-393/RJ";"Norte";"Saída de Pista";1;0;0;0;0;0;0;0;0;0;4;0;0;0;0
"23/12/2010";"08:40:00";"36";"sem vítima";"178";"BR-393/RJ";"Norte";"Colisão Traseira";2;0;0;0;0;0;0;0;0;0;2;0;0;0;0
"23/12/2010";"12:30:00";"61";"sem vítima";"103,5";"BR-393/RJ";"Sul";"Colisão Frontal";2;0;0;0;0;0;0;0;0;0;8;0;0;0;0
"23/12/2010";"17:26:00";"83";"com vítima";"225,5";"BR-393/RJ";"Norte";"Colisão Frontal";0;0;1;1;0;0;0;0;0;0;0;2;0;0;1
"23/12/2010";"20:57:00";"96";"com vítima";"286";"BR-393/RJ";"Sul";"Abalr.Mesmo Sentido";2;0;2;0;0;0;0;0;0;0;0;4;0;0;0
"24/12/2010";"02:12:00";"10";"sem vítima";"271";"BR-393/RJ";"Sul";"Colisão Frontal";2;0;0;0;0;0;0;0;0;0;3;0;0;0;0
"24/12/2010";"13:08:00";"58";"com vítima";"103,8";"BR-393/RJ";"Sul";"Abalr.Transversal";2;0;0;0;0;0;0;0;0;0;2;1;0;0;0
"24/12/2010";"18:01:00";"81";"com vítima";"252";"BR-393/RJ";"Norte";"Colisão Traseira";2;0;0;0;0;0;0;0;0;0;0;3;0;0;0
"24/12/2010";"20:06:00";"92";"com vítima";"105,9";"BR-393/RJ";"Norte";"Colisão Frontal";2;0;0;0;0;0;0;0;0;0;0;2;1;0;0
"25/12/2010";"03:02:00";"18";"sem vítima";"191,8";"BR-393/RJ";"Sul";"Saída de Pista";0;0;1;0;0;0;0;0;0;0;1;0;0;0;0
"25/12/2010";"07:18:00";"27";"sem vítima";"151";"BR-393/RJ";"Norte";"Saída de Pista";1;0;0;0;0;0;0;0;0;0;5;0;0;0;0
"25/12/2010";"14:09:00";"47";"sem vítima";"166";"BR-393/RJ";"Norte";"Abalr.Transversal";1;0;0;0;0;0;0;0;0;0;3;0;0;0;0
"26/12/2010";"19:14:00";"85";"com vítima";"103";"BR-393/RJ";"Norte";"Abalr.Transversal";2;0;0;0;0;0;0;0;0;0;0;4;0;0;0
"26/12/2010";"21:55:00";"98";"com vítima";"285,5";"BR-393/RJ";"Sul";"Abalr.Mesmo Sentido";2;0;0;0;0;0;0;0;0;0;0;1;0;0;0
"27/12/2010";"02:08:00";"7";"com vítima";"237,1";"BR-393/RJ";"Norte";"Capotamento";1;0;0;0;0;0;0;0;0;0;2;0;1;0;0
"27/12/2010";"11:23:00";"67";"sem vítima";"177,8";"BR-393/RJ";"Sul";"Colisão Traseira";2;0;0;0;0;0;0;0;0;0;3;0;0;0;0
"28/12/2010";"08:16:00";"35";"com vítima";"103";"BR-393/RJ";"Norte";"Abalr.Transversal";1;0;1;0;0;0;0;0;0;0;1;2;0;0;0
"29/12/2010";"08:50:00";"36";"sem vítima";"235";"BR-393/RJ";"Norte";"Outros tipos de acidente";0;0;0;1;0;0;0;0;0;0;1;0;0;0;0
"30/12/2010";"09:01:00";"41";"sem vítima";"213";"BR-393/RJ";"Norte";"Engavetamento";2;0;2;0;0;0;0;0;0;0;8;0;0;0;0
"30/12/2010";"17:14:00";"83";"com vítima";"204";"BR-393/RJ";"Norte";"Atropelamento";0;0;1;0;0;0;0;0;0;0;0;0;1;0;0