data;horario;n_da_ocorrencia;tipo_de_ocorrencia;km;trecho;sentido;tipo_de_acidente;automovel;bicicleta;caminhao;moto;onibus;outros;tracao_animal;transporte_de_cargas_especiais;trator_maquinas;utilitarios;ilesos;levemente_feridos;moderadamente_feridos;gravemente_feridos;mortos
"03/03/2011";"10:27:00";"85";"sem vítima";"199";"BR-393/RJ";"Sul";"Colisão Traseira";1;0;1;0;0;0;0;0;0;0;4;0;0;0;0
"03/03/2011";"16:03:00";"117";"com vítima";"259";"BR-393/RJ";"Norte";"Colisão Frontal";1;0;1;0;0;0;0;0;0;0;0;1;0;0;0
"04/03/2011";"04:12:00";"21";"sem vítima";"206";"BR-393/RJ";"Norte";"Atropelamento";0;0;0;1;0;0;0;0;0;0;2;0;0;0;0
"04/03/2011";"04:27:00";"23";"com vítima";"245";"BR-393/RJ";"Norte";"Outros tipos de acidente";0;0;0;1;0;0;0;0;0;0;0;0;0;0;1
"04/03/2011";"13:38:00";"73";"sem vítima";"285,5";"BR-393/RJ";"Sul";"Abalr.Transversal";1;0;1;0;0;0;0;0;0;0;1;0;0;0;0
"04/03/2011";"16:40:00";"89";"sem vítima";"243";"BR-393/RJ";"Sul";"Tombamento";0;0;1;0;0;0;0;0;0;0;1;0;0;0;0
"05/03/2011";"00:59:00";"3";"com vítima";"270,5";"BR-393/RJ";"Norte";"Abalr.Sentido Oposto";1;0;2;0;0;0;0;0;0;0;3;0;1;2;0
"05/03/2011";"03:44:00";"16";"com vítima";"245";"BR-393/RJ";"Norte";"Colisão Traseira";1;0;1;0;0;0;0;0;0;0;1;3;0;0;0
"05/03/2011";"07:21:00";"25";"sem vítima";"283";"BR-393/RJ";"Norte";"Colisão Traseira";2;0;0;0;0;0;0;0;0;0;2;0;0;0;0
"05/03/2011";"08:17:00";"27";"sem vítima";"157";"BR-393/RJ";"Norte";"Colisão Traseira";1;0;1;0;0;0;0;0;0;0;7;0;0;0;0
"05/03/2011";"08:38:00";"30";"sem vítima";"212";"BR-393/RJ";"Norte";"Saída de Pista";1;0;0;0;0;0;0;0;0;0;3;0;0;0;0
"05/03/2011";"09:58:00";"36";"sem vítima";"103,8";"BR-393/RJ";"Norte";"Colisão Traseira";3;0;0;0;0;0;0;0;0;0;10;0;0;0;0
"05/03/2011";"10:06:00";"39";"sem vítima";"104";"BR-393/RJ";"Norte";"Colisão Traseira";2;0;0;0;0;0;0;0;0;0;3;0;0;0;0
"05/03/2011";"10:59:00";"43";"sem vítima";"104,2";"BR-393/RJ";"Norte";"Colisão Traseira";1;0;0;0;0;0;0;0;0;0;3;0;0;0;0
"05/03/2011";"19:48:00";"81";"sem vítima";"255,9";"BR-393/RJ";"Norte";"Saída de Pista";1;0;0;0;0;0;0;0;0;0;1;0;0;0;0
"05/03/2011";"22:53:00";"95";"sem vítima";"168";"BR-393/RJ";"Sul";"Saída de Pista";1;0;0;0;0;0;0;0;0;0;2;0;0;0;0
"05/03/2011";"23:01:00";"96";"sem vítima";"180,8";"BR-393/RJ";"Sul";"Saída de Pista";1;0;0;0;0;0;0;0;0;0;1;0;0;0;0
"06/03/2011";"10:07:00";"34";"sem vítima";"258";"BR-393/RJ";"Norte";"Saída de Pista";1;0;0;0;0;0;0;0;0;0;3;0;0;0;0
"06/03/2011";"14:20:00";"50";"sem vítima";"169";"BR-393/RJ";"Norte";"Colisão Traseira";3;0;0;0;0;0;0;0;0;0;9;0;0;0;0
"06/03/2011";"15:06:00";"53";"sem vítima";"125";"BR-393/RJ";"Sul";"Colisão Traseira";1;0;0;0;0;0;0;0;0;0;2;0;0;0;0
"06/03/2011";"20:47:00";"90";"sem vítima";"271";"BR-393/RJ";"Norte";"Abalr.Sentido Oposto";1;0;1;0;0;0;0;0;0;0;2;0;0;0;0
"08/03/2011";"05:49:00";"66";"sem vítima";"234";"BR-393/RJ";"Sul";"Saída de Pista";1;0;0;0;0;0;0;0;0;0;1;0;0;0;0
"08/03/2011";"10:39:00";"92";"sem vítima";"219";"BR-393/RJ";"Norte";"Colisão Traseira";2;0;0;0;0;0;0;0;0;0;4;0;0;0;0
"08/03/2011";"11:19:00";"95";"sem vítima";"154";"BR-393/RJ";"Norte";"Abalr.Mesmo Sentido";1;0;0;0;0;1;0;0;0;0;5;0;0;0;0
"08/03/2011";"23:22:00";"154";"com vítima";"281";"BR-393/RJ";"Norte";"Colisão Frontal";0;0;1;1;0;0;0;0;0;0;0;1;0;0;0
"10/03/2011";"15:23:00";"84";"sem vítima";"280";"BR-393/RJ";"Norte";"Abalr.Mesmo Sentido";2;0;0;0;0;0;0;0;0;0;2;0;0;0;0
"10/03/2011";"20:19:00";"114";"sem vítima";"284";"BR-393/RJ";"Norte";"Colisão Traseira";2;0;0;0;0;0;0;0;0;0;1;0;0;0;0
"11/03/2011";"03:30:00";"22";"sem vítima";"238";"BR-393/RJ";"Sul";"Saída de Pista";1;0;0;0;0;0;0;0;0;0;2;0;0;0;0
"11/03/2011";"18:16:00";"103";"sem vítima";"267";"BR-393/RJ";"Sul";"Colisão Traseira";1;0;1;0;1;0;0;0;0;0;3;0;0;0;0
"13/03/2011";"11:24:00";"45";"sem vítima";"279";"BR-393/RJ";"Norte";"Colisão Traseira";1;0;0;1;0;0;0;0;0;0;2;0;0;0;0
"13/03/2011";"14:33:00";"61";"sem vítima";"152";"BR-393/RJ";"Norte";"Saída de Pista";0;0;1;0;0;0;0;0;0;0;1;0;0;0;0
"13/03/2011";"15:30:00";"65";"sem vítima";"156";"BR-393/RJ";"Norte";"Atropelamento";1;0;0;0;0;0;0;0;0;0;1;0;0;0;0
"13/03/2011";"22:59:00";"96";"com vítima";"175";"BR-393/RJ";"Norte";"Colisão com Objeto Fixo";1;0;0;0;0;0;0;0;0;0;0;1;0;0;0
"15/03/2011";"11:56:00";"47";"sem vítima";"282";"BR-393/RJ";"Norte";"Colisão Traseira";1;0;0;1;0;0;0;0;0;0;2;0;0;0;0
"15/03/2011";"15:59:00";"67";"sem vítima";"238,6";"BR-393/RJ";"Norte";"Colisão Traseira";1;0;1;0;0;0;0;0;0;0;2;0;0;0;0
"16/03/2011";"09:39:00";"62";"sem vítima";"235";"BR-393/RJ";"Norte";"Abalr.Transversal";2;0;0;0;0;0;0;0;0;0;2;0;0;0;0
"16/03/2011";"12:23:00";"77";"com vítima";"158";"BR-393/RJ";"Norte";"Tombamento";1;0;0;0;0;0;0;0;0;0;0;0;0;0;1
"16/03/2011";"14:29:00";"84";"sem vítima";"142";"BR-393/RJ";"Norte";"Colisão Traseira";0;0;1;0;0;0;0;0;0;0;2;0;0;0;0
"16/03/2011";"20:30:00";"116";"sem vítima";"258,5";"BR-393/RJ";"Sul";"Saída de Pista";0;0;1;0;0;0;0;0;0;0;1;0;0;0;0
"16/03/2011";"21:46:00";"122";"com vítima";"1";"Alça Sul";"Sul";"Atropelamento";0;0;1;0;0;0;0;0;0;0;1;0;1;0;0
"17/03/2011";"01:35:00";"12";"sem vítima";"188,3";"BR-393/RJ";"Norte";"Outros tipos de acidente";0;0;1;0;0;0;0;0;0;0;1;0;0;0;0
"17/03/2011";"19:21:00";"103";"sem vítima";"104,1";"BR-393/RJ";"Norte";"Abalr.Mesmo Sentido";0;0;0;1;0;0;0;0;0;0;1;0;0;0;0
"19/03/2011";"04:31:00";"18";"com vítima";"235";"BR-393/RJ";"Norte";"Outros tipos de acidente";0;0;0;1;0;0;0;0;0;0;0;1;0;0;0
"20/03/2011";"05:10:00";"29";"sem vítima";"254,4";"BR-393/RJ";"Sul";"Saída de Pista";1;0;0;0;0;0;0;0;0;0;4;0;0;0;0
"20/03/2011";"13:32:00";"58";"sem vítima";"128";"BR-393/RJ";"Norte";"Tombamento";1;0;0;0;0;0;0;0;0;0;1;0;0;0;0
"21/03/2011";"18:16:00";"89";"sem vítima";"198,9";"BR-393/RJ";"Sul";"Abalr.Sentido Oposto";0;0;2;0;0;0;0;0;0;0;2;0;0;0;0
"22/03/2011";"13:25:00";"68";"sem vítima";"210";"BR-393/RJ";"Norte";"Saída de Pista";1;0;0;0;0;0;0;0;0;0;1;0;0;0;0
"22/03/2011";"19:08:00";"98";"sem vítima";"229,9";"BR-393/RJ";"Sul";"Abalr.Sentido Oposto";0;0;2;0;0;0;0;0;0;0;3;0;0;0;0
"23/03/2011";"16:16:00";"87";"sem vítima";"168";"BR-393/RJ";"Sul";"Abalr.Transversal";0;0;2;0;0;0;0;0;0;0;2;0;0;0;0
"23/03/2011";"22:50:00";"116";"sem vítima";"132,4";"BR-393/RJ";"Sul";"Abalr.Sentido Oposto";0;0;1;0;0;0;0;0;0;0;1;0;0;0;0
"24/03/2011";"03:00:00";"17";"sem vítima";"265";"BR-393/RJ";"Norte";"Colisão Traseira";0;0;2;0;0;0;0;0;0;0;2;0;0;0;0
"24/03/2011";"07:43:00";"30";"sem vítima";"238";"BR-393/RJ";"Norte";"Tombamento";0;0;1;0;0;0;0;0;0;0;3;0;0;0;0
"24/03/2011";"17:57:00";"83";"sem vítima";"236,5";"BR-393/RJ";"Norte";"Abalr.Transversal";2;0;0;0;0;0;0;0;0;0;3;0;0;0;0
"25/03/2011";"23:13:00";"110";"sem vítima";"178";"BR-393/RJ";"Sul";"Colisão Traseira";0;0;2;0;0;0;0;0;0;0;2;0;0;0;0
"26/03/2011";"18:59:00";"107";"sem vítima";"229,8";"BR-393/RJ";"Sul";"Saída de Pista";1;0;0;0;0;0;0;0;0;0;2;0;0;0;0
"27/03/2011";"05:05:00";"26";"sem vítima";"244";"BR-393/RJ";"Sul";"Saída de Pista";1;0;0;0;0;0;0;0;0;0;1;0;0;0;0
"28/03/2011";"21:54:00";"153";"sem vítima";"259,5";"BR-393/RJ";"Norte";"Saída de Pista";1;0;0;0;0;0;0;0;0;0;1;0;0;0;0
"29/03/2011";"15:33:00";"79";"sem vítima";"105";"BR-393/RJ";"Norte";"Abalr.Transversal";2;0;0;0;0;0;0;0;0;0;2;0;0;0;0
"29/03/2011";"17:00:00";"85";"com vítima";"189";"BR-393/RJ";"Norte";"Saída de Pista";1;0;0;0;0;0;0;0;0;0;2;1;0;0;0
"29/03/2011";"23:34:00";"119";"sem vítima";"285";"BR-393/RJ";"Norte";"Colisão Traseira";1;0;0;0;1;0;0;0;0;0;2;0;0;0;0
"30/03/2011";"00:39:00";"1";"sem vítima";"106,2";"BR-393/RJ";"Norte";"Colisão Traseira";0;0;1;0;0;1;0;0;0;0;3;0;0;0;0
"30/03/2011";"07:28:00";"25";"sem vítima";"281";"BR-393/RJ";"Norte";"Colisão Frontal";0;1;0;1;0;0;0;0;0;0;2;0;0;0;0
"30/03/2011";"08:00:00";"29";"sem vítima";"281";"BR-393/RJ";"Norte";"Colisão Traseira";0;1;1;0;0;0;0;0;0;0;2;0;0;0;0
"30/03/2011";"16:09:00";"76";"sem vítima";"199,1";"BR-393/RJ";"Norte";"Abalr.Sentido Oposto";0;0;1;0;0;0;0;0;0;0;1;0;0;0;0
"31/03/2011";"18:26:00";"93";"sem vítima";"171,7";"BR-393/RJ";"Sul";"Abalr.Transversal";1;0;1;0;0;0;0;0;0;0;2;0;0;0;0
"01/04/2011";"16:17:00";"82";"sem vítima";"176";"BR-393/RJ";"Norte";"Colisão Frontal";0;0;0;1;0;0;0;0;0;0;1;0;0;0;0
"01/04/2011";"19:33:00";"102";"sem vítima";"286";"BR-393/RJ";"Sul";"Colisão Traseira";2;0;0;0;0;0;0;0;0;0;2;0;0;0;0
"01/04/2011";"22:29:00";"117";"sem vítima";"121,5";"BR-393/RJ";"Norte";"Saída de Pista";1;0;0;0;0;0;0;0;0;0;2;0;0;0;0
"02/04/2011";"08:23:00";"35";"sem vítima";"234";"BR-393/RJ";"Sul";"Outros tipos de acidente";0;0;0;1;0;0;0;0;0;0;1;0;0;0;0
"02/04/2011";"12:24:00";"54";"sem vítima";"236,8";"BR-393/RJ";"Norte";"Abalr.Transversal";2;0;0;0;0;0;0;0;0;0;2;0;0;0;0
"02/04/2011";"19:59:00";"90";"sem vítima";"286";"BR-393/RJ";"Norte";"Colisão Traseira";2;0;0;0;0;0;0;0;0;0;2;0;0;0;0
"03/04/2011";"06:16:00";"25";"com vítima";"243,8";"BR-393/RJ";"Sul";"Tombamento";0;0;1;0;0;0;0;0;0;0;0;1;0;0;0
"03/04/2011";"07:50:00";"30";"sem vítima";"200,5";"BR-393/RJ";"Norte";"Abalr.Mesmo Sentido";1;0;1;0;0;0;0;0;0;0;2;0;0;0;0
"03/04/2011";"16:02:00";"63";"sem vítima";"229";"BR-393/RJ";"Norte";"Saída de Pista";1;0;0;0;0;0;0;0;0;0;1;0;0;0;0
"03/04/2011";"23:19:00";"101";"sem vítima";"282";"BR-393/RJ";"Norte";"Abalr.Transversal";1;0;0;0;1;0;0;0;0;0;2;0;0;0;0
"03/04/2011";"23:23:00";"102";"sem vítima";"133,5";"BR-393/RJ";"Norte";"Colisão com Objeto Fixo";1;0;0;0;0;0;0;0;0;0;1;0;0;0;0
"04/04/2011";"16:50:00";"86";"sem vítima";"161";"BR-393/RJ";"Norte";"Capotamento";0;0;1;0;0;0;0;0;0;0;2;0;0;0;0
"05/04/2011";"16:31:00";"88";"sem vítima";"216";"BR-393/RJ";"Norte";"Outros tipos de acidente";0;0;1;0;0;0;0;0;0;0;1;0;0;0;0
"05/04/2011";"23:22:00";"128";"sem vítima";"143,5";"BR-393/RJ";"Norte";"Tombamento";0;0;0;0;1;0;0;0;0;0;1;0;0;0;0
"06/04/2011";"05:52:00";"27";"sem vítima";"247,2";"BR-393/RJ";"Norte";"Atropelamento de Animal";1;0;0;0;0;0;0;0;0;0;1;0;0;0;0
"06/04/2011";"08:46:00";"39";"sem vítima";"281";"BR-393/RJ";"Sul";"Abalr.Transversal";2;0;0;0;0;0;0;0;0;0;2;0;0;0;0
"06/04/2011";"18:40:00";"90";"sem vítima";"284";"BR-393/RJ";"Sul";"Colisão Traseira";2;0;1;0;0;0;0;0;0;0;3;0;0;0;0
"06/04/2011";"18:57:00";"93";"sem vítima";"285";"BR-393/RJ";"Norte";"Abalr.Transversal";1;0;1;0;0;0;0;0;0;0;2;0;0;0;0
"07/04/2011";"15:11:00";"82";"sem vítima";"281";"BR-393/RJ";"Norte";"Abalr.Transversal";2;0;0;0;0;0;0;0;0;0;3;0;0;0;0
"08/04/2011";"05:29:00";"21";"sem vítima";"200";"BR-393/RJ";"Norte";"Capotamento";1;0;0;0;0;0;0;0;0;0;4;0;0;0;0
"08/04/2011";"16:54:00";"67";"sem vítima";"250";"BR-393/RJ";"Norte";"Abalr.Transversal";1;0;2;0;0;0;0;0;0;0;7;0;0;0;0
"08/04/2011";"21:11:00";"92";"com vítima";"102";"BR-393/RJ";"Sul";"Colisão Frontal";2;0;0;0;0;0;0;0;0;0;1;0;1;0;0
"08/04/2011";"22:14:00";"93";"sem vítima";"286";"BR-393/RJ";"Norte";"Colisão Frontal";0;0;0;1;0;0;0;0;0;0;1;0;0;0;0
"09/04/2011";"15:00:00";"60";"sem vítima";"283";"BR-393/RJ";"Norte";"Engavetamento";0;0;1;0;0;0;0;0;0;0;1;0;0;0;0
"09/04/2011";"19:59:00";"86";"sem vítima";"193";"BR-393/RJ";"Sul";"Colisão Traseira";0;0;0;0;0;1;0;0;0;0;1;0;0;0;0
"09/04/2011";"23:33:00";"107";"sem vítima";"242,6";"BR-393/RJ";"Sul";"Capotamento";1;0;0;0;0;0;0;0;0;0;2;0;0;0;0
"10/04/2011";"13:05:00";"81";"sem vítima";"285";"BR-393/RJ";"Norte";"Abalr.Transversal";0;0;0;1;1;0;0;0;0;0;2;0;0;0;0
"10/04/2011";"18:20:00";"106";"com vítima";"175,6";"BR-393/RJ";"Sul";"Abalr.Mesmo Sentido";0;0;0;1;0;0;0;0;0;0;0;0;1;0;0
"10/04/2011";"18:25:00";"108";"sem vítima";"160";"BR-393/RJ";"Norte";"Colisão Traseira";1;0;1;0;0;0;0;0;0;0;2;0;0;0;0
"10/04/2011";"18:52:00";"112";"com vítima";"235,5";"BR-393/RJ";"Norte";"Abalr.Transversal";1;0;0;1;0;0;0;0;0;0;1;1;0;0;0
"11/04/2011";"06:28:00";"62";"com vítima";"280,8";"BR-393/RJ";"Norte";"Atropelamento";0;0;0;1;0;0;0;0;0;0;1;0;0;1;0
"11/04/2011";"15:38:00";"122";"sem vítima";"282";"BR-393/RJ";"Sul";"Colisão Traseira";2;0;0;0;0;0;0;0;0;0;2;0;0;0;0
"12/04/2011";"18:35:00";"124";"sem vítima";"284,2";"BR-393/RJ";"Norte";"Abalr.Transversal";1;0;0;0;0;0;0;0;0;0;1;0;0;0;0
"14/04/2011";"18:27:00";"93";"sem vítima";"254";"BR-393/RJ";"Sul";"Abalr.Mesmo Sentido";0;0;1;0;1;0;0;0;0;0;18;0;0;0;0
"14/04/2011";"18:38:00";"94";"com vítima";"106,3";"BR-393/RJ";"Norte";"Colisão Frontal";1;0;0;1;0;0;0;0;0;0;2;0;0;1;0
"15/04/2011";"04:15:00";"26";"sem vítima";"254";"BR-393/RJ";"Sul";"Tombamento";0;0;1;0;0;0;0;0;0;0;1;0;0;0;0
"15/04/2011";"06:08:00";"31";"sem vítima";"276,8";"BR-393/RJ";"Norte";"Saída de Pista";1;0;0;0;0;0;0;0;0;0;1;0;0;0;0
"15/04/2011";"10:12:00";"48";"com vítima";"243";"BR-393/RJ";"Sul";"Saída de Pista";0;0;1;0;0;0;0;0;0;0;1;1;0;0;0
"15/04/2011";"10:22:00";"49";"sem vítima";"284";"BR-393/RJ";"Sul";"Colisão Traseira";1;0;0;0;0;0;0;0;0;0;2;0;0;0;0
"15/04/2011";"12:34:00";"64";"sem vítima";"101,9";"BR-393/RJ";"Sul";"Abalr.Transversal";1;0;1;0;0;0;0;0;0;0;2;0;0;0;0
"15/04/2011";"14:21:00";"69";"sem vítima";"258";"BR-393/RJ";"Norte";"Colisão Traseira";2;0;0;0;0;0;0;0;0;0;2;0;0;0;0
"15/04/2011";"15:04:00";"71";"sem vítima";"158";"BR-393/RJ";"Sul";"Outros tipos de acidente";0;0;0;1;0;0;0;0;0;0;1;0;0;0;0
"16/04/2011";"12:41:00";"51";"com vítima";"120,8";"BR-393/RJ";"Sul";"Tombamento";0;0;1;0;0;0;0;0;0;0;0;2;0;0;0
"16/04/2011";"17:08:00";"65";"sem vítima";"282,4";"BR-393/RJ";"Norte";"Colisão Traseira";2;0;0;0;0;0;0;0;0;0;2;0;0;0;0
"17/04/2011";"17:45:00";"72";"com vítima";"282";"BR-393/RJ";"Norte";"Abalr.Transversal";1;0;0;1;0;0;0;0;0;0;1;1;0;0;0
"17/04/2011";"18:32:00";"77";"sem vítima";"102";"BR-393/RJ";"Norte";"Abalr.Transversal";2;0;0;0;0;0;0;0;0;0;2;0;0;0;0
"17/04/2011";"19:16:00";"82";"sem vítima";"282";"BR-393/RJ";"Sul";"Colisão Traseira";0;0;1;0;1;0;0;0;0;0;2;0;0;0;0
"17/04/2011";"20:33:00";"87";"com vítima";"159";"BR-393/RJ";"Sul";"Saída de Pista";1;0;0;0;0;0;0;0;0;0;0;1;0;0;0
"19/04/2011";"18:56:00";"118";"com vítima";"212";"BR-393/RJ";"Norte";"Saída de Pista";0;0;1;0;0;0;0;0;0;0;0;0;0;0;1
"20/04/2011";"06:58:00";"37";"sem vítima";"286,4";"BR-393/RJ";"Norte";"Colisão Traseira";1;0;1;0;0;0;0;0;0;0;2;0;0;0;0
"20/04/2011";"11:23:00";"60";"sem vítima";"286";"BR-393/RJ";"Sul";"Engavetamento";1;0;0;0;0;0;0;0;0;0;1;0;0;0;0
"20/04/2011";"11:33:00";"61";"sem vítima";"103,8";"BR-393/RJ";"Sul";"Colisão Frontal";1;0;0;0;0;0;0;0;0;0;1;0;0;0;0
"20/04/2011";"12:50:00";"66";"sem vítima";"285";"BR-393/RJ";"Norte";"Saída de Pista";1;0;0;0;0;0;0;0;0;0;1;0;0;0;0
"20/04/2011";"23:39:00";"115";"sem vítima";"285";"BR-393/RJ";"Norte";"Abalr.Mesmo Sentido";1;0;1;0;1;0;0;0;0;0;3;0;0;0;0
"21/04/2011";"07:32:00";"47";"sem vítima";"265";"BR-393/RJ";"Sul";"Colisão Traseira";0;0;2;0;0;0;0;0;0;0;2;0;0;0;0
"21/04/2011";"07:49:00";"49";"sem vítima";"198,7";"BR-393/RJ";"Norte";"Colisão Traseira";2;0;0;0;0;0;0;0;0;0;6;0;0;0;0
"21/04/2011";"11:04:00";"64";"sem vítima";"178,5";"BR-393/RJ";"Norte";"Colisão Traseira";2;0;0;0;0;0;0;0;0;0;5;0;0;0;0
"21/04/2011";"14:50:00";"79";"sem vítima";"104,1";"BR-393/RJ";"Norte";"Abalr.Transversal";2;0;0;0;0;0;0;0;0;0;6;0;0;0;0
"21/04/2011";"19:45:00";"100";"sem vítima";"230";"BR-393/RJ";"Sul";"Colisão com Objeto Fixo";1;0;0;0;0;0;0;0;0;0;1;0;0;0;0
"22/04/2011";"04:58:00";"20";"sem vítima";"114";"BR-393/RJ";"Sul";"Saída de Pista";1;0;0;0;0;0;0;0;0;0;5;0;0;0;0
"22/04/2011";"19:27:00";"69";"sem vítima";"253,8";"BR-393/RJ";"Sul";"Saída de Pista";1;0;0;0;0;0;0;0;0;0;2;0;0;0;0
"23/04/2011";"21:08:00";"78";"sem vítima";"195";"BR-393/RJ";"Sul";"Outros tipos de acidente";1;0;0;0;0;0;0;0;0;0;1;0;0;0;0
"23/04/2011";"21:25:00";"80";"com vítima";"272,3";"BR-393/RJ";"Sul";"Colisão Traseira";1;0;0;1;0;0;0;0;0;0;1;0;0;1;0
"24/04/2011";"15:50:00";"66";"com vítima";"264";"BR-393/RJ";"Norte";"Saída de Pista";0;0;0;1;0;0;0;0;0;0;0;1;0;1;0
"24/04/2011";"18:21:00";"80";"sem vítima";"282";"BR-393/RJ";"Norte";"Abalr.Transversal";2;0;0;0;0;0;0;0;0;0;2;0;0;0;0
"24/04/2011";"19:01:00";"88";"sem vítima";"282";"BR-393/RJ";"Sul";"Colisão Traseira";2;0;0;0;0;0;0;0;0;0;2;0;0;0;0
"24/04/2011";"23:56:00";"113";"sem vítima";"119,5";"BR-393/RJ";"Norte";"Colisão Frontal";2;0;0;0;0;0;0;0;0;0;2;0;0;0;0
"25/04/2011";"09:54:00";"50";"sem vítima";"161";"BR-393/RJ";"Norte";"Saída de Pista";1;0;0;0;0;0;0;0;0;0;4;0;0;0;0
"25/04/2011";"10:35:00";"57";"sem vítima";"286";"BR-393/RJ";"Norte";"Abalr.Transversal";1;0;1;0;0;0;0;0;0;0;2;0;0;0;0
"25/04/2011";"12:11:00";"64";"sem vítima";"104";"BR-393/RJ";"Sul";"Abalr.Transversal";2;0;0;0;0;0;0;0;0;0;2;0;0;0;0
"25/04/2011";"18:37:00";"95";"com vítima";"278,2";"BR-393/RJ";"Norte";"Atropelamento";0;0;0;1;0;0;0;0;0;0;0;0;0;2;0
"26/04/2011";"05:59:00";"51";"sem vítima";"215";"BR-393/RJ";"Norte";"Tombamento";0;0;1;0;0;0;0;0;0;0;2;0;0;0;0
"26/04/2011";"06:26:00";"52";"sem vítima";"274";"BR-393/RJ";"Norte";"Capotamento";1;0;0;0;0;0;0;0;0;0;1;0;0;0;0
"27/04/2011";"06:41:00";"76";"com vítima";"158";"BR-393/RJ";"Sul";"Tombamento";0;0;1;0;0;0;0;0;0;0;1;1;0;0;0
"27/04/2011";"08:31:00";"86";"sem vítima";"238";"BR-393/RJ";"Sul";"Abalr.Transversal";1;0;0;0;0;0;0;0;0;0;1;0;0;0;0
"27/04/2011";"14:33:00";"134";"com vítima";"277,5";"BR-393/RJ";"Sul";"Saída de Pista";0;0;1;0;0;0;0;0;0;0;0;0;0;1;0
"29/04/2011";"00:07:00";"1";"sem vítima";"2,2";"Alça Sul";"Norte";"Atropelamento de Animal";0;0;0;1;0;0;0;0;0;0;1;0;0;0;0
"29/04/2011";"12:22:00";"78";"sem vítima";"233";"BR-393/RJ";"Norte";"Abalr.Transversal";1;0;1;0;0;0;0;0;0;0;2;0;0;0;0
"29/04/2011";"13:13:00";"82";"com vítima";"147";"BR-393/RJ";"Norte";"Tombamento";0;0;1;0;0;0;0;0;0;0;1;0;0;0;1
"29/04/2011";"14:13:00";"86";"sem vítima";"281";"BR-393/RJ";"Norte";"Colisão Traseira";1;0;1;0;0;0;0;0;0;0;2;0;0;0;0
"29/04/2011";"16:37:00";"92";"sem vítima";"283";"BR-393/RJ";"Norte";"Atropelamento";1;0;0;0;0;0;0;0;0;0;1;0;0;0;0
"29/04/2011";"19:14:00";"110";"com vítima";"226";"BR-393/RJ";"Sul";"Abalr.Mesmo Sentido";2;0;0;0;0;0;0;0;0;0;1;0;0;2;0
"30/04/2011";"12:48:00";"56";"sem vítima";"286,4";"BR-393/RJ";"Norte";"Colisão Frontal";1;0;1;0;1;0;0;0;0;0;3;0;0;0;0
"30/04/2011";"13:54:00";"62";"sem vítima";"285,4";"BR-393/RJ";"Sul";"Colisão Traseira";2;0;0;0;0;0;0;0;0;0;4;0;0;0;0
"30/04/2011";"14:36:00";"64";"sem vítima";"165";"BR-393/RJ";"Norte";"Outros tipos de acidente";1;0;0;0;0;0;0;0;0;0;1;0;0;0;0
"30/04/2011";"15:37:00";"67";"sem vítima";"169";"BR-393/RJ";"Norte";"Outros tipos de acidente";1;0;0;0;0;0;0;0;0;0;1;0;0;0;0
"30/04/2011";"18:04:00";"79";"sem vítima";"274";"BR-393/RJ";"Sul";"Abalr.Mesmo Sentido";1;0;1;0;0;0;0;0;0;0;3;0;0;0;0
"30/04/2011";"19:08:00";"89";"com vítima";"236";"BR-393/RJ";"Sul";"Outros tipos de acidente";0;0;0;1;0;0;0;0;0;0;0;0;0;1;0
"01/05/2011";"01:36:00";"4";"sem vítima";"129,4";"BR-393/RJ";"S";"Tombamento";0;0;1;0;0;0;0;0;0;0;1;0;0;0;0
"01/05/2011";"01:45:00";"5";"com vítima";"130,5";"BR-393/RJ";"S";"Saída de Pista";1;0;0;0;0;0;0;0;0;0;0;1;0;0;0
"01/05/2011";"16:13:00";"53";"sem vítima";"104,1";"BR-393/RJ";"N";"Abalr.Transversal";1;0;0;1;0;0;0;0;0;0;6;0;0;0;0
"01/05/2011";"17:12:00";"62";"sem vítima";"202";"BR-393/RJ";"N";"Capotamento";1;0;0;0;0;0;0;0;0;0;1;0;0;0;0
"01/05/2011";"23:08:00";"82";"sem vítima";"286,1";"BR-393/RJ";"N";"Colisão Traseira";3;0;0;0;0;0;0;0;0;0;2;0;0;0;0
"02/05/2011";"02:08:00";"14";"com vítima";"189,1";"BR-393/RJ";"S";"Saída de Pista";1;0;0;0;0;0;0;0;0;0;1;0;1;0;0
"02/05/2011";"07:43:00";"33";"com vítima";"182";"BR-393/RJ";"N";"Colisão Traseira";1;0;0;1;0;0;0;0;0;0;1;1;0;0;0
"02/05/2011";"17:49:00";"92";"sem vítima";"130";"BR-393/RJ";"N";"Colisão Traseira";2;0;0;0;0;0;0;0;0;0;2;0;0;0;0
"02/05/2011";"19:19:00";"102";"sem vítima";"255,9";"BR-393/RJ";"N";"Saída de Pista";1;0;0;0;0;0;0;0;0;0;1;0;0;0;0
"03/05/2011";"12:32:00";"55";"sem vítima";"169";"BR-393/RJ";"S";"Abalr.Transversal";2;0;0;0;0;0;0;0;0;0;5;0;0;0;0
"03/05/2011";"23:36:00";"99";"com vítima";"239";"BR-393/RJ";"S";"Colisão Frontal";0;0;2;0;0;0;0;0;0;0;0;0;1;0;1
"04/05/2011";"13:55:00";"69";"com vítima";"167";"BR-393/RJ";"S";"Colisão Frontal";2;0;0;0;0;0;0;0;0;0;1;1;0;0;0
"04/05/2011";"18:17:00";"96";"sem vítima";"124";"BR-393/RJ";"N";"Abalr.Mesmo Sentido";1;0;0;0;0;0;0;0;0;0;1;0;0;0;0
"06/05/2011";"10:50:00";"56";"sem vítima";"285,5";"BR-393/RJ";"N";"Abalr.Transversal";2;0;0;0;0;0;0;0;0;0;2;0;0;0;0
"06/05/2011";"12:16:00";"64";"com vítima";"177";"BR-393/RJ";"S";"Engavetamento";2;0;1;0;0;0;0;0;0;0;2;2;0;0;0
"06/05/2011";"15:14:00";"81";"sem vítima";"175";"BR-393/RJ";"N";"Colisão Traseira";1;0;1;0;0;0;0;0;0;0;3;0;0;0;0
"06/05/2011";"16:30:00";"90";"sem vítima";"279,5";"BR-393/RJ";"N";"Engavetamento";2;0;1;0;0;0;0;0;0;0;3;0;0;0;0
"06/05/2011";"21:10:00";"119";"sem vítima";"188";"BR-393/RJ";"S";"Atropelamento de Animal";0;0;1;0;0;0;0;0;0;0;1;0;0;0;0
"07/05/2011";"01:35:00";"11";"sem vítima";"102";"BR-393/RJ";"N";"Saída de Pista";2;0;0;0;0;0;0;0;0;0;1;0;0;0;0