data;horario;n_da_ocorrencia;tipo_de_ocorrencia;km;trecho;sentido;tipo_de_acidente;automovel;bicicleta;caminhao;moto;onibus;outros;tracao_animal;transporte_de_cargas_especiais;trator_maquinas;utilitarios;ilesos;levemente_feridos;moderadamente_feridos;gravemente_feridos;mortos
"24/08/2012";"14:37:00";"77";"com vítima";"130,95";"BR-393/RJ";"Norte";"Colisão Traseira";0;0;1;1;0;0;0;0;0;0;1;1;0;0;0
"24/08/2012";"14:56:00";"78";"sem vítima";"263,35";"BR-393/RJ";"Sul";"Colisão Traseira";1;0;1;0;0;0;0;0;0;0;2;0;0;0;0
"24/08/2012";"15:57:00";"82";"sem vítima";"262,8";"BR-393/RJ";"Sul";"Colisão Traseira";2;0;0;0;0;0;0;0;0;0;2;0;0;0;0
"24/08/2012";"19:42:00";"101";"com vítima";"159,63";"BR-393/RJ";"Norte";"Abalroamento Sentido Oposto";2;0;1;0;0;0;0;0;0;0;3;2;1;0;0
"24/08/2012";"21:22:00";"110";"sem vítima";"105,94";"BR-393/RJ";"Norte";"Objeto lançado contra veículo";1;0;1;0;0;0;0;0;0;0;4;0;0;0;0
"25/08/2012";"04:43:00";"10";"com vítima";"237,495";"BR-393/RJ";"Norte";"Colisão Lateral";1;0;1;0;0;0;0;0;0;0;1;3;0;0;0
"25/08/2012";"21:03:00";"92";"sem vítima";"286";"BR-393/RJ";"Norte";"Engavetamento";3;0;0;0;0;0;0;0;0;0;3;0;0;0;0
"25/08/2012";"22:53:00";"104";"com vítima";"178,08";"BR-393/RJ";"Norte";"Atropelamento - Morador";0;0;0;1;0;0;0;0;0;0;0;1;1;0;0
"26/08/2012";"00:49:00";"1";"com vítima";"178,43";"BR-393/RJ";"Norte";"Colisão Traseira";2;0;0;0;0;0;0;0;0;0;1;2;0;0;0
"26/08/2012";"01:45:00";"3";"sem vítima";"285";"BR-393/RJ";"Norte";"Colisão Traseira";2;0;0;0;0;0;0;0;0;0;3;0;0;0;0
"26/08/2012";"04:51:00";"8";"com vítima";"181,03";"BR-393/RJ";"Norte";"Colisão Traseira";2;0;0;0;0;0;0;0;0;0;4;2;0;0;0
"26/08/2012";"16:45:00";"37";"com vítima";"282,24";"BR-393/RJ";"Norte";"Colisão Lateral";1;0;0;1;0;0;0;0;0;0;0;3;0;0;0
"26/08/2012";"18:45:00";"46";"sem vítima";"178";"BR-393/RJ";"Sul";"Atropelamento de Animal";1;0;0;0;0;0;0;0;0;0;1;0;0;0;0
"26/08/2012";"20:44:00";"58";"com vítima";"143,47";"BR-393/RJ";"Norte";"Tombamento";0;0;1;0;0;0;0;0;0;0;0;1;0;0;0
"26/08/2012";"23:58:00";"70";"com vítima";"236,15";"BR-393/RJ";"Sul";"Atropelamento de Animal";1;0;0;0;0;0;0;0;0;0;0;1;0;0;0
"27/08/2012";"07:20:00";"6";"sem vítima";"285,48";"BR-393/RJ";"Sul";"Colisão Lateral";1;0;1;0;0;0;0;0;0;0;2;0;0;0;0
"27/08/2012";"12:10:00";"44";"com vítima";"257,95";"BR-393/RJ";"Sul";"Choque - Defensa, barreira ou "submarino"";1;0;0;0;0;0;0;0;0;0;0;1;0;0;0
"27/08/2012";"16:48:00";"65";"com vítima";"231,808";"BR-393/RJ";"Sul";"Colisão Lateral";0;0;0;1;0;0;0;0;0;1;0;1;0;1;0
"28/08/2012";"12:20:00";"56";"com vítima";"141,85";"BR-393/RJ";"Norte";"Colisão Traseira";2;0;0;0;0;0;0;0;0;0;1;1;0;0;0
"28/08/2012";"14:27:00";"73";"com vítima";"282,3";"BR-393/RJ";"Norte";"Queda de Moto";0;0;0;1;0;0;0;0;0;0;0;1;0;0;0
"28/08/2012";"19:00:00";"86";"sem vítima";"125";"BR-393/RJ";"Sul";"Queda de Moto";0;0;0;1;0;0;0;0;0;0;1;0;0;0;0
"29/08/2012";"09:23:00";"37";"com vítima";"285,54";"BR-393/RJ";"Sul";"Colisão Lateral";2;0;0;0;0;0;0;0;0;0;1;1;0;0;0
"29/08/2012";"10:23:00";"47";"com vítima";"171,47";"BR-393/RJ";"Norte";"Colisão Traseira";1;0;1;0;0;0;0;0;0;0;1;1;0;0;0
"29/08/2012";"11:31:00";"54";"com vítima";"284,73";"BR-393/RJ";"Norte";"Engavetamento";3;0;0;0;0;0;0;0;0;0;3;1;0;0;0
"29/08/2012";"14:16:00";"75";"sem vítima";"131,5";"BR-393/RJ";"Norte";"Colisão Traseira";2;0;0;0;0;0;0;0;0;0;2;0;0;0;0
"29/08/2012";"21:17:00";"107";"sem vítima";"168,72";"BR-393/RJ";"Sul";"Choque - Poste";0;0;1;0;0;0;0;0;0;0;2;0;0;0;0
"30/08/2012";"13:08:00";"53";"sem vítima";"175,77";"BR-393/RJ";"Sul";"Colisão Lateral";1;0;1;0;0;0;0;0;0;0;2;0;0;0;0
"30/08/2012";"21:08:00";"88";"sem vítima";"244,5";"BR-393/RJ";"Sul";"Atropelamento de Animal";0;0;1;0;0;0;0;0;0;0;1;0;0;0;0
"31/08/2012";"06:46:00";"8";"sem vítima";"199,2";"BR-393/RJ";"Norte";"Colisão Traseira";0;0;2;0;0;0;0;0;0;0;2;0;0;0;0
"31/08/2012";"22:11:00";"96";"com vítima";"243,58";"BR-393/RJ";"Norte";"Abalroamento Sentido Oposto";2;0;0;0;0;0;0;0;0;0;0;3;0;0;0
"01/09/2012";"09:47:00";"31";"sem vítima";"166,7";"BR-393/RJ";"Sul";"Abalroamento Mesmo Sentido ";1;0;1;0;0;0;0;0;0;0;2;0;0;0;0
"01/09/2012";"11:18:00";"46";"com vítima";"285,4";"BR-393/RJ";"Norte";"Abalroamento Mesmo Sentido ";1;0;1;0;0;0;0;0;0;0;1;2;0;0;0
"01/09/2012";"11:41:00";"50";"sem vítima";"285,35";"BR-393/RJ";"Sul";"Abalroamento Mesmo Sentido ";1;0;1;0;0;0;0;0;0;0;2;0;0;0;0
"01/09/2012";"13:31:00";"60";"sem vítima";"280,85";"BR-393/RJ";"Norte";"Colisão Lateral";2;0;0;0;0;0;0;0;0;0;2;0;0;0;0
"01/09/2012";"13:59:00";"64";"com vítima";"152,35";"BR-393/RJ";"Sul";"Colisão Frontal";2;0;0;0;0;0;0;0;0;0;0;3;0;0;0
"02/09/2012";"16:34:00";"45";"com vítima";"258,5";"BR-393/RJ";"Norte";"Colisão Traseira";2;0;0;0;0;0;0;0;0;0;0;2;0;0;0
"03/09/2012";"20:35:00";"92";"com vítima";"266";"BR-393/RJ";"Sul";"Atropelamento de Animal";1;0;0;0;0;0;0;0;0;0;0;2;0;0;0
"04/09/2012";"06:31:00";"11";"com vítima";"131,44";"BR-393/RJ";"Norte";"Tombamento";0;0;1;0;0;0;0;0;0;0;0;1;0;0;0
"04/09/2012";"09:58:00";"28";"com vítima";"283";"BR-393/RJ";"Sul";"Colisão Transversal";0;0;0;1;1;0;0;0;0;0;1;0;1;0;0
"04/09/2012";"14:18:00";"53";"com vítima";"178,76";"BR-393/RJ";"Norte";"Outros - Sequência";1;0;1;1;0;0;0;0;0;0;1;4;0;0;0
"05/09/2012";"08:43:00";"26";"sem vítima";"285,5";"BR-393/RJ";"Sul";"Abalroamento Mesmo Sentido ";1;0;1;0;0;0;0;0;0;0;2;0;0;0;0
"05/09/2012";"12:08:00";"57";"sem vítima";"250,4";"BR-393/RJ";"Sul";"Abalroamento Mesmo Sentido ";0;0;0;0;0;0;0;0;0;2;2;0;0;0;0
"05/09/2012";"22:32:00";"107";"sem vítima";"255,73";"BR-393/RJ";"Norte";"Colisão Traseira";2;0;0;0;0;0;0;0;0;0;3;0;0;0;0
"06/09/2012";"07:31:00";"11";"com vítima";"131,44";"BR-393/RJ";"Norte";"Tombamento";0;0;1;0;0;0;0;0;0;0;0;0;1;0;0
"06/09/2012";"08:40:00";"17";"com vítima";"281,4";"BR-393/RJ";"Sul";"Colisão Lateral";1;0;0;1;0;0;0;0;0;0;1;0;2;0;0
"06/09/2012";"11:44:00";"44";"com vítima";"281";"BR-393/RJ";"Norte";"Colisão Lateral";1;0;0;1;0;0;0;0;0;0;3;0;1;0;0
"06/09/2012";"13:52:00";"56";"com vítima";"235,41";"BR-393/RJ";"Sul";"Colisão Lateral";2;0;0;0;0;0;0;0;0;0;1;1;0;0;0
"06/09/2012";"16:53:00";"69";"com vítima";"214,95";"BR-393/RJ";"Norte";"Queda de Moto";0;0;0;1;0;0;0;0;0;0;0;1;0;0;0
"06/09/2012";"18:27:00";"74";"com vítima";"104,33";"BR-393/RJ";"Norte";"Colisão Lateral";1;0;0;1;0;0;0;0;0;0;1;2;0;0;0
"06/09/2012";"23:27:00";"89";"sem vítima";"241,58";"BR-393/RJ";"Sul";"Colisão Traseira";1;0;0;0;0;0;0;0;0;1;2;0;0;0;0
"07/09/2012";"04:07:00";"5";"com vítima";"115,83";"BR-393/RJ";"Norte";"Choque - Talude";1;0;0;0;0;0;0;0;0;0;0;1;0;0;0
"07/09/2012";"06:59:00";"9";"com vítima";"152,39";"BR-393/RJ";"Sul";"Colisão Frontal";2;0;0;0;0;0;0;0;0;0;0;1;2;0;0
"07/09/2012";"13:22:00";"42";"sem vítima";"238,62";"BR-393/RJ";"Norte";"Colisão Transversal";2;0;0;0;0;0;0;0;0;0;7;0;0;0;0
"09/09/2012";"00:45:00";"3";"com vítima";"128,63";"BR-393/RJ";"Sul";"Capotamento";1;0;0;0;0;0;0;0;0;0;0;2;1;0;0
"10/09/2012";"10:17:00";"41";"com vítima";"255,715";"BR-393/RJ";"Norte";"Colisão Lateral";2;0;0;0;0;0;0;0;0;0;2;1;0;0;0
"10/09/2012";"14:40:00";"77";"sem vítima";"234,96";"BR-393/RJ";"Norte";"Colisão Traseira";0;0;0;0;0;0;0;0;0;2;6;0;0;0;0
"10/09/2012";"14:41:00";"78";"sem vítima";"201,85";"BR-393/RJ";"Sul";"Colisão Traseira";0;0;2;0;0;0;0;0;0;0;2;0;0;0;0
"10/09/2012";"19:10:00";"96";"sem vítima";"256,17";"BR-393/RJ";"Norte";"Colisão Traseira";2;0;0;0;0;0;0;0;0;0;2;0;0;0;0
"11/09/2012";"08:29:00";"29";"com vítima";"285,35";"BR-393/RJ";"Sul";"Abalroamento Mesmo Sentido ";1;0;1;0;0;0;0;0;0;0;1;1;0;0;0
"11/09/2012";"17:26:00";"72";"com vítima";"236,115";"BR-393/RJ";"Sul";"Atropelamento - Ciclista";0;1;0;1;0;0;0;0;0;0;1;0;0;1;0
"11/09/2012";"18:09:00";"93";"com vítima";"174,25";"BR-393/RJ";"Sul";"Abalroamento Mesmo Sentido ";1;0;1;0;0;0;0;0;0;0;1;1;0;0;0
"11/09/2012";"18:21:00";"95";"com vítima";"285,5";"BR-393/RJ";"Sul";"Abalroamento Mesmo Sentido ";1;0;1;0;0;0;0;0;0;0;1;1;0;0;0
"12/09/2012";"04:43:00";"7";"com vítima";"241,6";"BR-393/RJ";"Sul";"Engavetamento";1;0;3;0;0;0;0;0;0;0;2;2;0;1;0
"12/09/2012";"09:59:00";"29";"sem vítima";"201,47";"BR-393/RJ";"Norte";"Outros";0;0;1;0;0;0;0;0;0;0;1;0;0;0;0
"12/09/2012";"10:34:00";"30";"com vítima";"178,64";"BR-393/RJ";"Norte";"Engavetamento";2;0;0;0;0;0;0;0;0;1;3;1;0;0;0
"12/09/2012";"18:44:00";"79";"com vítima";"281";"BR-393/RJ";"Norte";"Atropelamento - Usuário";0;0;0;0;0;0;0;0;1;0;1;0;1;0;0
"12/09/2012";"18:57:00";"81";"com vítima";"278,13";"BR-393/RJ";"Norte";"Atropelamento - Usuário";1;0;0;0;0;0;0;0;0;0;1;0;1;0;0
"12/09/2012";"19:46:00";"84";"sem vítima";"281,2";"BR-393/RJ";"Norte";"Colisão Lateral";2;0;0;0;0;0;0;0;0;0;2;0;0;0;0
"13/09/2012";"10:11:00";"48";"sem vítima";"104";"BR-393/RJ";"Norte";"Colisão Lateral";1;0;0;1;0;0;0;0;0;0;2;0;0;0;0
"13/09/2012";"19:30:00";"100";"sem vítima";"132,5";"BR-393/RJ";"Sul";"Abalroamento Mesmo Sentido ";1;0;1;0;0;0;0;0;0;0;2;0;0;0;0
"14/09/2012";"13:19:00";"54";"sem vítima";"121,35";"BR-393/RJ";"Norte";"Outros";0;0;1;0;0;0;0;0;0;0;1;0;0;0;0
"14/09/2012";"14:28:00";"57";"com vítima";"126,45";"BR-393/RJ";"Norte";"Atropelamento - Funcionário";0;0;0;1;0;0;0;0;0;0;0;2;0;0;0
"14/09/2012";"14:57:00";"59";"com vítima";"251,5";"BR-393/RJ";"Norte";"Capotamento";1;0;0;0;0;0;0;0;0;0;0;0;1;0;0
"14/09/2012";"17:14:00";"71";"com vítima";"105,9";"BR-393/RJ";"Norte";"Colisão Lateral";1;0;0;1;0;0;0;0;0;0;1;1;0;0;0
"15/09/2012";"03:51:00";"2";"com vítima";"235,5";"BR-393/RJ";"Norte";"Saida de Pista";1;0;0;0;0;0;0;0;0;0;0;1;0;0;0
"15/09/2012";"08:14:00";"8";"com vítima";"198,6";"BR-393/RJ";"Sul";"Colisão Traseira";2;0;0;0;0;0;0;0;0;0;2;2;0;0;0
"15/09/2012";"15:35:00";"50";"com vítima";"282,36";"BR-393/RJ";"Sul";"Engavetamento";3;0;0;0;0;0;0;0;0;0;0;3;0;0;0
"15/09/2012";"20:09:00";"78";"com vítima";"283,5";"BR-393/RJ";"Norte";"Colisão Traseira";1;0;0;0;1;0;0;0;0;0;1;1;0;0;0
"16/09/2012";"18:22:00";"38";"com vítima";"247,3";"BR-393/RJ";"Norte";"Saida de Pista";1;0;0;0;0;0;0;0;0;0;0;0;1;0;0
"16/09/2012";"23:57:00";"62";"com vítima";"124";"BR-393/RJ";"Norte";"Queda de Moto";0;0;0;1;0;0;0;0;0;0;0;1;0;0;0
"17/09/2012";"08:15:00";"23";"com vítima";"215,5";"BR-393/RJ";"Sul";"Colisão Traseira";2;0;0;0;0;0;0;0;0;0;0;7;0;0;0
"17/09/2012";"11:57:00";"52";"com vítima";"273,777";"BR-393/RJ";"Norte";"Tombamento";0;0;1;0;0;0;0;0;0;0;0;0;1;0;0
"17/09/2012";"13:12:00";"58";"sem vítima";"265,18";"BR-393/RJ";"Norte";"Colisão Lateral";1;0;0;0;1;0;0;0;0;0;2;0;0;0;0
"17/09/2012";"18:26:00";"90";"com vítima";"285,5";"BR-393/RJ";"Sul";"Colisão Lateral";1;0;1;0;0;0;0;0;0;0;1;1;0;0;0
"17/09/2012";"19:31:00";"91";"com vítima";"200";"BR-393/RJ";"Sul";"Outros - Sequência";1;0;2;0;0;0;0;0;0;0;4;1;0;0;0
"18/09/2012";"12:05:00";"53";"com vítima";"182,37";"BR-393/RJ";"Norte";"Colisão Lateral";2;0;0;0;0;0;0;0;0;0;0;2;0;0;0
"19/09/2012";"03:19:00";"5";"sem vítima";"223";"BR-393/RJ";"Norte";"Colisão Lateral";0;0;1;0;0;0;0;0;0;1;2;0;0;0;0
"19/09/2012";"06:17:00";"9";"sem vítima";"244,7";"BR-393/RJ";"Norte";"Choque - Veiculo parado na pista";0;0;2;0;0;0;0;0;0;0;2;0;0;0;0
"19/09/2012";"11:04:00";"37";"com vítima";"182,45";"BR-393/RJ";"Sul";"Colisão Lateral";0;0;0;2;0;0;0;0;0;0;1;2;0;0;0
"19/09/2012";"17:02:00";"76";"com vítima";"277,88";"BR-393/RJ";"Norte";"Atropelamento - Usuário";1;0;0;0;0;0;0;0;0;0;1;0;0;1;0
"19/09/2012";"18:37:00";"88";"com vítima";"138,54";"BR-393/RJ";"Norte";"Engavetamento";2;0;0;0;0;0;0;0;0;1;11;2;0;0;0
"21/09/2012";"15:17:00";"65";"sem vítima";"284,57";"BR-393/RJ";"Norte";"Colisão Traseira";2;0;0;0;0;0;0;0;0;0;2;0;0;0;0
"21/09/2012";"19:28:00";"80";"sem vítima";"270,55";"BR-393/RJ";"Sul";"Abalroamento Sentido Oposto";1;0;1;0;0;0;0;0;0;0;2;0;0;0;0
"21/09/2012";"19:47:00";"85";"com vítima";"285,44";"BR-393/RJ";"Sul";"Colisão Frontal";2;0;0;0;0;0;0;0;0;0;0;2;0;0;0
"22/09/2012";"03:45:00";"6";"sem vítima";"151,95";"BR-393/RJ";"Sul";"Tombamento";0;0;1;0;0;0;0;0;0;0;1;0;0;0;0
"22/09/2012";"04:25:00";"8";"com vítima";"257,46";"BR-393/RJ";"Norte";"Outros - Sequência";2;0;1;0;0;0;0;0;0;0;1;0;2;0;1
"22/09/2012";"18:54:00";"78";"com vítima";"191,44";"BR-393/RJ";"Norte";"Colisão Lateral";1;1;0;0;0;0;0;0;0;0;1;0;0;1;0
"22/09/2012";"20:26:00";"83";"sem vítima";"275,49";"BR-393/RJ";"Sul";"Colisão Traseira";2;0;0;0;0;0;0;0;0;0;2;0;0;0;0
"23/09/2012";"07:23:00";"16";"com vítima";"210,95";"BR-393/RJ";"Sul";"Capotamento";1;0;0;0;0;0;0;0;0;0;0;4;0;0;0
"23/09/2012";"12:18:00";"31";"com vítima";"178,015";"BR-393/RJ";"Norte";"Queda de Moto";0;0;0;1;0;0;0;0;0;0;0;1;0;0;0
"23/09/2012";"15:46:00";"41";"com vítima";"134,29";"BR-393/RJ";"Norte";"Colisão Traseira";2;0;0;0;0;0;0;0;0;0;1;1;0;0;0
"23/09/2012";"20:15:00";"59";"sem vítima";"163,3";"BR-393/RJ";"Norte";"Atropelamento de Animal";0;0;1;0;0;0;0;0;0;0;1;0;0;0;0
"24/09/2012";"07:48:00";"16";"sem vítima";"285,51";"BR-393/RJ";"Sul";"Abalroamento Mesmo Sentido ";1;0;1;0;0;0;0;0;0;0;2;0;0;0;0
"24/09/2012";"20:39:00";"86";"com vítima";"220";"BR-393/RJ";"Norte";"Queda de Moto";0;0;0;1;0;0;0;0;0;0;0;2;0;0;0
"25/09/2012";"08:50:00";"26";"sem vítima";"286";"BR-393/RJ";"Sul";"Colisão Traseira";2;0;0;0;0;0;0;0;0;0;2;0;0;0;0
"25/09/2012";"09:17:00";"38";"com vítima";"285,59";"BR-393/RJ";"Sul";"Choque - Veiculo parado no acostamento";1;0;1;0;0;0;0;0;0;0;1;1;0;0;0
"25/09/2012";"10:38:00";"48";"com vítima";"284,29";"BR-393/RJ";"Norte";"Colisão Traseira";1;0;1;0;0;0;0;0;0;0;1;1;0;0;0
"26/09/2012";"06:58:00";"12";"com vítima";"151,9";"BR-393/RJ";"Sul";"Tombamento";0;0;1;0;0;0;0;0;0;0;0;1;0;0;0
"26/09/2012";"07:45:00";"14";"sem vítima";"164,65";"BR-393/RJ";"Norte";"Outros";0;0;1;0;0;0;0;0;0;0;1;0;0;0;0
"26/09/2012";"14:19:00";"60";"com vítima";"119,19";"BR-393/RJ";"Norte";"Colisão Traseira";1;0;0;0;0;0;0;0;0;1;1;6;1;0;0
"26/09/2012";"20:20:00";"84";"sem vítima";"103";"BR-393/RJ";"Norte";"Choque - Poste";0;0;1;0;0;0;0;0;0;0;1;0;0;0;0
"27/09/2012";"05:26:00";"6";"com vítima";"140,07";"BR-393/RJ";"Norte";"Tombamento";0;0;1;0;0;0;0;0;0;0;0;2;0;0;0
"27/09/2012";"06:51:00";"9";"com vítima";"278,5";"BR-393/RJ";"Sul";"Abalroamento Mesmo Sentido ";1;0;1;0;0;0;0;0;0;0;1;1;0;0;0
"27/09/2012";"08:17:00";"13";"com vítima";"183,43";"BR-393/RJ";"Norte";"Tombamento";0;0;1;0;0;0;0;0;0;0;0;1;0;0;0
"27/09/2012";"10:23:00";"25";"sem vítima";"245";"BR-393/RJ";"Norte";"Abalroamento Mesmo Sentido ";2;0;0;0;0;0;0;0;0;0;2;0;0;0;0
"27/09/2012";"10:25:00";"26";"sem vítima";"178,74";"BR-393/RJ";"Sul";"Colisão Traseira";1;0;0;0;0;0;0;0;0;1;2;0;0;0;0
"27/09/2012";"15:30:00";"53";"sem vítima";"148,82";"BR-393/RJ";"Norte";"Saida de Pista";1;0;0;0;0;0;0;0;0;0;1;0;0;0;0
"27/09/2012";"18:17:00";"70";"com vítima";"243,9";"BR-393/RJ";"Sul";"Atropelamento - Andarilho";1;0;0;0;0;0;0;0;0;0;1;0;0;1;0
"27/09/2012";"19:05:00";"73";"com vítima";"285";"BR-393/RJ";"Sul";"Colisão Lateral";1;0;1;0;0;0;0;0;0;0;1;1;0;0;0
"28/09/2012";"08:02:00";"9";"sem vítima";"228,86";"BR-393/RJ";"Sul";"Colisão Traseira";1;0;1;0;0;0;0;0;0;0;2;0;0;0;0
"28/09/2012";"12:17:00";"38";"com vítima";"281,5";"BR-393/RJ";"Norte";"Colisão Lateral";1;0;0;1;0;0;0;0;0;0;1;1;0;0;0
"28/09/2012";"13:38:00";"42";"com vítima";"178";"BR-393/RJ";"Norte";"Colisão Traseira";1;0;0;1;0;0;0;0;0;0;1;1;0;0;0
"28/09/2012";"15:59:00";"53";"com vítima";"187,1";"BR-393/RJ";"Norte";"Queda de Moto";0;0;0;1;0;0;0;0;0;0;1;1;0;0;0
"28/09/2012";"18:31:00";"67";"sem vítima";"132,75";"BR-393/RJ";"Norte";"Abalroamento Mesmo Sentido ";0;0;1;0;0;0;0;0;0;1;2;0;0;0;0
"28/09/2012";"18:55:00";"69";"com vítima";"206,18";"BR-393/RJ";"Norte";"Abalroamento Mesmo Sentido ";1;0;1;0;0;0;0;0;0;0;1;1;0;0;0
"28/09/2012";"19:18:00";"70";"sem vítima";"285,5";"BR-393/RJ";"Sul";"Abalroamento Mesmo Sentido ";1;0;1;0;0;0;0;0;0;0;2;0;0;0;0
"29/09/2012";"07:15:00";"7";"com vítima";"195,112";"BR-393/RJ";"Sul";"Colisão Traseira";0;0;2;0;0;0;0;0;0;0;1;1;0;0;0
"29/09/2012";"11:51:00";"38";"com vítima";"280,22";"BR-393/RJ";"Sul";"Colisão Lateral";2;0;0;0;0;0;0;0;0;0;1;1;0;0;0
"29/09/2012";"13:17:00";"45";"com vítima";"238,62";"BR-393/RJ";"Norte";"Colisão Lateral";2;0;0;0;0;0;0;0;0;0;1;1;0;0;0
"29/09/2012";"19:52:00";"67";"com vítima";"255,65";"BR-393/RJ";"Sul";"Colisão Traseira";1;0;1;0;0;0;0;0;0;0;1;4;0;0;0
"30/09/2012";"03:49:00";"7";"sem vítima";"168,58";"BR-393/RJ";"Norte";"Colisão Traseira";1;0;0;0;0;0;0;0;0;1;3;0;0;0;0
"30/09/2012";"10:02:00";"23";"com vítima";"286";"BR-393/RJ";"Norte";"Engavetamento";2;0;1;0;0;0;0;0;0;0;3;3;0;0;0
"30/09/2012";"16:42:00";"49";"com vítima";"281";"BR-393/RJ";"Sul";"Atropelamento - Ciclista";0;1;0;1;0;0;0;0;0;0;1;1;0;0;0
"30/09/2012";"17:05:00";"51";"com vítima";"118,96";"BR-393/RJ";"Norte";"Queda de Moto";0;0;0;1;0;0;0;0;0;0;0;1;0;0;0
"30/09/2012";"18:19:00";"54";"sem vítima";"205,27";"BR-393/RJ";"Norte";"Colisão Traseira";2;0;0;0;0;0;0;0;0;0;6;0;0;0;0
"30/09/2012";"22:10:00";"66";"sem vítima";"279,8";"BR-393/RJ";"Sul";"Colisão Traseira";2;0;0;0;0;0;0;0;0;0;2;0;0;0;0
"01/10/2012";"02:43:00";"5";"sem vítima";"276";"BR-393/RJ";"Sul";"Saida de Pista";1;0;0;0;0;0;0;0;0;0;2;0;0;0;0
"01/10/2012";"10:50:00";"34";"com vítima";"195,02";"BR-393/RJ";"Sul";"Choque - Outros";1;0;1;0;0;0;0;0;0;0;1;1;0;0;0
"01/10/2012";"11:07:00";"35";"com vítima";"175,18";"BR-393/RJ";"Sul";"Capotamento";1;0;0;0;0;0;0;0;0;0;0;1;0;0;0
"01/10/2012";"14:32:00";"48";"com vítima";"219,725";"BR-393/RJ";"Norte";"Abalroamento Mesmo Sentido ";1;0;1;0;0;0;0;0;0;0;2;1;0;0;0
"01/10/2012";"15:15:00";"53";"com vítima";"242,37";"BR-393/RJ";"Sul";"Colisão Frontal";0;0;0;0;1;0;0;0;0;1;0;8;0;0;2
"02/10/2012";"04:54:00";"3";"com vítima";"1,227";"Alça Sul";"Sul";"Atropelamento de Animal";0;0;1;1;0;0;0;0;0;0;1;1;0;0;0
"02/10/2012";"06:45:00";"8";"com vítima";"158,89";"BR-393/RJ";"Norte";"Tombamento";0;0;1;0;0;0;0;0;0;0;0;1;0;0;0
"02/10/2012";"09:39:00";"26";"sem vítima";"280,2";"BR-393/RJ";"Sul";"Abalroamento Sentido Oposto";2;0;0;0;0;0;0;0;0;0;2;0;0;0;0
"02/10/2012";"12:48:00";"44";"com vítima";"151,89";"BR-393/RJ";"Sul";"Tombamento";0;0;1;0;0;0;0;0;0;0;0;1;0;0;0
"02/10/2012";"14:21:00";"59";"com vítima";"179,11";"BR-393/RJ";"Sul";"Colisão Traseira";2;0;0;0;0;0;0;0;0;0;1;1;0;0;0
"02/10/2012";"18:17:00";"79";"com vítima";"257,48";"BR-393/RJ";"Sul";"Capotamento";1;0;0;0;0;0;0;0;0;0;0;2;0;0;0
"03/10/2012";"10:51:00";"39";"com vítima";"177,185";"BR-393/RJ";"Norte";"Colisão Frontal";2;0;0;0;0;0;0;0;0;0;0;0;4;0;0
"04/10/2012";"17:59:00";"76";"com vítima";"281,45";"BR-393/RJ";"Sul";"Colisão Transversal";1;0;0;0;0;0;0;0;0;1;0;2;0;0;0
"05/10/2012";"19:20:00";"79";"com vítima";"248";"BR-393/RJ";"Sul";"Capotamento";1;0;0;0;0;0;0;0;0;0;0;0;1;0;0
"06/10/2012";"13:51:00";"34";"com vítima";"135,13";"BR-393/RJ";"Sul";"Choque - Outros";1;0;0;0;0;0;0;0;0;0;0;5;0;0;0
"06/10/2012";"16:52:00";"46";"com vítima";"175,09";"BR-393/RJ";"Sul";"Choque - Outros";0;0;0;1;0;0;0;0;0;0;0;2;0;0;0
"06/10/2012";"19:31:00";"56";"com vítima";"217,65";"BR-393/RJ";"Norte";"Colisão Transversal";1;0;0;0;1;0;0;0;0;0;1;3;0;0;0
"06/10/2012";"20:32:00";"59";"sem vítima";"243,63";"BR-393/RJ";"Sul";"Tombamento";0;0;1;0;0;0;0;0;0;0;1;0;0;0;0
"07/10/2012";"14:08:00";"31";"com vítima";"235,15";"BR-393/RJ";"Sul";"Abalroamento Sentido Oposto";1;0;0;1;0;0;0;0;0;0;1;2;0;0;0
"07/10/2012";"21:29:00";"63";"com vítima";"221,58";"BR-393/RJ";"Sul";"Colisão Transversal";1;0;1;0;0;0;0;0;0;0;0;3;0;1;1
"08/10/2012";"09:59:00";"35";"com vítima";"258";"BR-393/RJ";"Sul";"Queda de Bicicleta";0;1;0;0;0;0;0;0;0;0;0;1;0;0;0
"08/10/2012";"10:31:00";"42";"sem vítima";"195";"BR-393/RJ";"Sul";"Colisão Traseira";0;0;2;0;0;0;0;0;0;0;2;0;0;0;0
"08/10/2012";"21:02:00";"113";"sem vítima";"237";"BR-393/RJ";"Sul";"Atropelamento de Animal";1;0;0;0;0;0;0;0;0;0;3;0;0;0;0
"09/10/2012";"07:51:00";"14";"sem vítima";"265,17";"BR-393/RJ";"Sul";"Colisão Traseira";0;0;1;0;0;0;0;0;0;1;2;0;0;0;0
"09/10/2012";"09:42:00";"31";"sem vítima";"285,49";"BR-393/RJ";"Sul";"Colisão Lateral";1;0;1;0;0;0;0;0;0;0;2;0;0;0;0
"09/10/2012";"10:08:00";"33";"sem vítima";"180,2";"BR-393/RJ";"Norte";"Colisão Traseira";1;0;1;0;0;0;0;0;0;0;2;0;0;0;0
"09/10/2012";"12:25:00";"48";"com vítima";"243,72";"BR-393/RJ";"Sul";"Tombamento";0;0;1;0;0;0;0;0;0;0;0;1;0;0;0
"10/10/2012";"06:09:00";"6";"com vítima";"262,56";"BR-393/RJ";"Sul";"Colisão Frontal";0;0;1;0;0;0;0;0;0;1;0;1;0;0;1
"10/10/2012";"07:36:00";"10";"com vítima";"285,28";"BR-393/RJ";"Sul";"Colisão Lateral";0;0;1;1;0;0;0;0;0;0;1;1;0;0;0
"10/10/2012";"20:34:00";"74";"sem vítima";"131,28";"BR-393/RJ";"Norte";"Choque - Talude";0;0;1;0;0;0;0;0;0;0;1;0;0;0;0
"11/10/2012";"00:49:00";"2";"com vítima";"213,38";"BR-393/RJ";"Sul";"Colisão Frontal";0;0;2;0;0;0;0;0;0;0;0;0;0;0;2