data;horario;n_da_ocorrencia;tipo_de_ocorrencia;km;trecho;sentido;tipo_de_acidente;automovel;bicicleta;caminhao;moto;onibus;outros;tracao_animal;transporte_de_cargas_especiais;trator_maquinas;utilitarios;ilesos;levemente_feridos;moderadamente_feridos;gravemente_feridos;mortos
"28/04/2013";"16:53:00";"36";"com vítima";"172,29";"BR-393/RJ";"Norte";"Queda de Moto";0;0;0;1;0;0;0;0;0;0;0;2;0;0;0
"28/04/2013";"18:54:00";"41";"com vítima";"232,1";"BR-393/RJ";"Sul";"Colisão Lateral";1;0;0;1;0;0;0;0;0;0;1;0;1;0;0
"28/04/2013";"19:38:00";"44";"com vítima";"102";"BR-393/RJ";"Norte";"Choque - Defensa, barreira ou "submarino"";1;0;0;0;0;0;0;0;0;0;0;1;0;0;0
"28/04/2013";"19:50:00";"45";"com vítima";"103,8";"BR-393/RJ";"Norte";"Choque - Defensa, barreira ou "submarino"";1;0;0;0;0;0;0;0;0;0;0;0;0;1;0
"29/04/2013";"11:03:00";"75";"sem vítima";"125,8";"BR-393/RJ";"Sul";"Colisão Traseira";1;0;1;0;0;0;0;0;0;0;5;0;0;0;0
"29/04/2013";"13:46:00";"98";"sem vítima";"230,35";"BR-393/RJ";"Norte";"Abalroamento Mesmo Sentido ";0;0;2;0;0;0;0;0;0;0;2;0;0;0;0
"29/04/2013";"15:42:00";"104";"sem vítima";"283,9";"BR-393/RJ";"Norte";"Colisão Traseira";1;0;1;0;0;0;0;0;0;0;2;0;0;0;0
"29/04/2013";"18:47:00";"119";"sem vítima";"183,64";"BR-393/RJ";"Norte";"Queda de Moto";0;0;0;1;0;0;0;0;0;0;1;0;0;0;0
"30/04/2013";"18:40:00";"84";"com vítima";"274,08";"BR-393/RJ";"Sul";"Tombamento";1;0;1;0;0;0;0;0;0;0;0;1;1;0;0
"30/04/2013";"18:44:00";"85";"com vítima";"236,75";"BR-393/RJ";"Norte";"Colisão Transversal";2;0;0;0;0;0;0;0;0;0;2;1;0;0;0
"30/04/2013";"21:22:00";"92";"com vítima";"238,69";"BR-393/RJ";"Sul";"Colisão Transversal";1;0;0;1;0;0;0;0;0;0;1;0;2;0;0
"01/05/2013";"04:53:00";"3";"sem vítima";"181,659";"BR-393/RJ";"Sul";"Abalroamento Sentido Oposto";1;0;0;0;1;0;0;0;0;0;2;0;0;0;0
"01/05/2013";"08:00:00";"12";"sem vítima";"281,9";"BR-393/RJ";"Sul";"Abalroamento Mesmo Sentido ";0;0;2;0;0;0;0;0;0;0;2;0;0;0;0
"01/05/2013";"09:58:00";"19";"sem vítima";"285";"BR-393/RJ";"Norte";"Colisão Lateral";1;0;1;0;0;0;0;0;0;0;2;0;0;0;0
"02/05/2013";"06:21:00";"15";"com vítima";"175,5";"BR-393/RJ";"Sul";"Choque - Poste";1;0;0;0;0;0;0;0;0;0;0;1;0;0;0
"02/05/2013";"09:28:00";"29";"sem vítima";"284";"BR-393/RJ";"Sul";"Atropelamento de Animal";1;0;0;0;0;0;0;0;0;0;1;0;0;0;0
"02/05/2013";"10:05:00";"34";"com vítima";"161,47";"BR-393/RJ";"Sul";"Atropelamento - Funcionário";0;0;0;1;0;0;0;0;0;0;0;0;2;0;0
"02/05/2013";"17:57:00";"71";"sem vítima";"176";"BR-393/RJ";"Norte";"Engavetamento";3;0;0;0;0;0;0;0;0;0;3;0;0;0;0
"03/05/2013";"15:12:00";"69";"com vítima";"281,5";"BR-393/RJ";"Sul";"Colisão Traseira";2;0;0;0;0;0;0;0;0;0;1;2;0;0;0
"03/05/2013";"17:37:00";"79";"sem vítima";"236,6";"BR-393/RJ";"Norte";"Colisão Traseira";1;0;1;0;0;0;0;0;0;0;2;0;0;0;0
"03/05/2013";"17:46:00";"80";"com vítima";"168,8";"BR-393/RJ";"Norte";"Colisão Transversal";2;0;0;0;0;0;0;0;0;0;1;2;0;0;0
"03/05/2013";"18:02:00";"82";"sem vítima";"283,54";"BR-393/RJ";"Norte";"Colisão Lateral";2;0;0;0;0;0;0;0;0;0;2;0;0;0;0
"03/05/2013";"20:26:00";"90";"com vítima";"128,53";"BR-393/RJ";"Sul";"Abalroamento Sentido Oposto";0;0;1;1;0;0;0;0;0;0;1;0;1;0;0
"03/05/2013";"22:34:00";"100";"com vítima";"268,3";"BR-393/RJ";"Sul";"Colisão Lateral";2;0;0;0;0;0;0;0;0;0;1;4;0;0;0
"04/05/2013";"06:08:00";"9";"sem vítima";"278,9";"BR-393/RJ";"Sul";"Colisão Traseira";0;0;2;0;0;0;0;0;0;0;2;0;0;0;0
"04/05/2013";"07:25:00";"14";"com vítima";"279";"BR-393/RJ";"Norte";"Atropelamento - Ciclista";0;1;0;0;0;0;0;0;0;1;1;0;1;0;0
"04/05/2013";"12:02:00";"45";"com vítima";"286,3";"BR-393/RJ";"Sul";"Colisão Traseira";4;0;0;0;0;0;0;0;0;0;4;1;0;0;0
"04/05/2013";"13:30:00";"50";"com vítima";"124,59";"BR-393/RJ";"Sul";"Abalroamento Mesmo Sentido ";0;0;1;0;0;0;0;0;0;1;1;1;0;0;0
"04/05/2013";"20:54:00";"79";"sem vítima";"148,84";"BR-393/RJ";"Norte";"Choque - Elemento de Drenagem";1;0;0;0;0;0;0;0;0;0;1;0;0;0;0
"05/05/2013";"12:48:00";"28";"com vítima";"172,35";"BR-393/RJ";"Sul";"Queda de Moto";0;0;0;1;0;0;0;0;0;0;0;1;0;0;0
"05/05/2013";"18:38:00";"54";"sem vítima";"255,73";"BR-393/RJ";"Sul";"Colisão Traseira";2;0;0;0;0;0;0;0;0;0;5;0;0;0;0
"05/05/2013";"21:43:00";"66";"com vítima";"206,15";"BR-393/RJ";"Norte";"Colisão Transversal";1;0;1;0;0;0;0;0;0;0;1;1;0;0;0
"06/05/2013";"04:44:00";"13";"com vítima";"105,95";"BR-393/RJ";"Norte";"Choque - Defensa, barreira ou "submarino"";0;0;1;0;0;0;0;0;0;0;0;0;1;0;0
"06/05/2013";"06:31:00";"15";"com vítima";"285,89";"BR-393/RJ";"Sul";"Choque - Poste";0;0;0;0;1;0;0;0;0;0;0;1;0;0;0
"06/05/2013";"08:36:00";"22";"sem vítima";"195,05";"BR-393/RJ";"Sul";"Colisão Traseira";1;0;1;0;0;0;0;0;0;0;2;0;0;0;0
"06/05/2013";"10:24:00";"28";"sem vítima";"273,7";"BR-393/RJ";"Sul";"Choque - Defensa, barreira ou "submarino"";0;0;1;0;0;0;0;0;0;0;1;0;0;0;0
"07/05/2013";"12:52:00";"67";"com vítima";"175";"BR-393/RJ";"Sul";"Colisão Lateral";2;0;0;0;0;0;0;0;0;0;0;5;0;0;0
"08/05/2013";"06:59:00";"7";"sem vítima";"283,1";"BR-393/RJ";"Norte";"Colisão Lateral";2;0;0;0;0;0;0;0;0;0;2;0;0;0;0
"08/05/2013";"10:11:00";"25";"com vítima";"169,55";"BR-393/RJ";"Norte";"Tombamento";0;0;1;0;0;0;0;0;0;0;0;1;0;0;0
"08/05/2013";"15:02:00";"53";"sem vítima";"265,1";"BR-393/RJ";"Norte";"Colisão Traseira";1;0;1;0;0;0;0;0;0;0;2;0;0;0;0
"08/05/2013";"19:12:00";"72";"com vítima";"1,991";"Alça Sul";"Sul";"Choque - Talude";1;0;0;0;0;0;0;0;0;0;0;1;0;0;0
"08/05/2013";"21:58:00";"80";"com vítima";"107,04";"BR-393/RJ";"Norte";"Colisão Transversal";1;0;0;1;0;0;0;0;0;0;1;0;1;0;0
"09/05/2013";"06:25:00";"11";"com vítima";"246,08";"BR-393/RJ";"Norte";"Tombamento";0;0;1;0;0;0;0;0;0;0;0;1;0;0;0
"09/05/2013";"17:13:00";"44";"sem vítima";"162,39";"BR-393/RJ";"Sul";"Choque - Defensa, barreira ou "submarino"";1;0;0;0;0;0;0;0;0;0;4;0;0;0;0
"10/05/2013";"08:18:00";"16";"com vítima";"236,53";"BR-393/RJ";"Norte";"Colisão Lateral";1;0;0;1;0;0;0;0;0;0;1;2;0;0;0
"10/05/2013";"09:16:00";"21";"com vítima";"235,63";"BR-393/RJ";"Norte";"Queda de Moto";0;0;0;1;0;0;0;0;0;0;0;2;0;0;0
"10/05/2013";"16:48:00";"62";"sem vítima";"243,3";"BR-393/RJ";"Sul";"Queda de Moto";0;0;0;1;0;0;0;0;0;0;1;0;0;0;0
"11/05/2013";"11:06:00";"44";"sem vítima";"284,3";"BR-393/RJ";"Sul";"Engavetamento";3;0;0;0;0;0;0;0;0;0;3;0;0;0;0
"11/05/2013";"16:58:00";"71";"sem vítima";"281";"BR-393/RJ";"Sul";"Colisão Lateral";1;0;0;0;1;0;0;0;0;0;2;0;0;0;0
"11/05/2013";"18:22:00";"75";"sem vítima";"171,6";"BR-393/RJ";"Norte";"Choque - Elemento de Drenagem";0;0;1;0;0;0;0;0;0;0;1;0;0;0;0
"11/05/2013";"20:29:00";"85";"com vítima";"255,64";"BR-393/RJ";"Norte";"Queda de Moto";0;0;0;1;0;0;0;0;0;0;0;1;0;0;0
"11/05/2013";"21:33:00";"88";"sem vítima";"3,003";"Alça Sul";"Norte";"Capotamento";1;0;0;0;0;0;0;0;0;0;1;0;0;0;0
"12/05/2013";"00:43:00";"2";"sem vítima";"213,04";"BR-393/RJ";"Sul";"Capotamento";1;0;0;0;0;0;0;0;0;0;1;0;0;0;0
"12/05/2013";"01:41:00";"4";"sem vítima";"242,93";"BR-393/RJ";"Norte";"Outros - Sequência";3;0;0;0;0;0;0;0;0;0;3;0;0;0;0
"12/05/2013";"04:25:00";"8";"sem vítima";"175,79";"BR-393/RJ";"Norte";"Choque - Poste";1;0;0;0;0;0;0;0;0;0;1;0;0;0;0
"12/05/2013";"04:35:00";"9";"com vítima";"284";"BR-393/RJ";"Sul";"Saida de Pista";1;0;0;0;0;0;0;0;0;0;0;1;0;0;0
"12/05/2013";"12:22:00";"24";"com vítima";"251,3";"BR-393/RJ";"Sul";"Queda de Moto";0;0;0;1;0;0;0;0;0;0;0;1;0;0;0
"12/05/2013";"13:31:00";"25";"sem vítima";"232,87";"BR-393/RJ";"Norte";"Colisão Lateral";2;0;0;0;0;0;0;0;0;0;2;0;0;0;0
"12/05/2013";"17:27:00";"43";"com vítima";"279,43";"BR-393/RJ";"Sul";"Engavetamento";3;0;0;0;0;0;0;0;0;0;2;1;0;0;0
"12/05/2013";"18:04:00";"47";"sem vítima";"159,07";"BR-393/RJ";"Sul";"Outros";1;0;0;0;0;1;0;0;0;0;3;0;0;0;0
"12/05/2013";"21:13:00";"58";"com vítima";"274,628";"BR-393/RJ";"Sul";"Abalroamento Mesmo Sentido ";0;0;1;1;0;0;0;0;0;0;1;2;0;0;0
"12/05/2013";"22:17:00";"60";"sem vítima";"180,07";"BR-393/RJ";"Norte";"Choque - Elemento de Drenagem";1;0;0;0;0;0;0;0;0;0;2;0;0;0;0
"13/05/2013";"01:24:00";"3";"com vítima";"215,28";"BR-393/RJ";"Norte";"Queda de Moto";0;0;0;1;0;0;0;0;0;0;0;0;1;0;0
"13/05/2013";"07:13:00";"14";"sem vítima";"172,7";"BR-393/RJ";"Norte";"Atropelamento de Animal";1;0;0;0;0;0;0;0;0;0;1;0;0;0;0
"13/05/2013";"17:32:00";"56";"com vítima";"285,4";"BR-393/RJ";"Sul";"Abalroamento Mesmo Sentido ";1;0;1;0;1;0;0;0;0;0;2;1;0;0;0
"14/05/2013";"00:06:00";"9";"com vítima";"234,93";"BR-393/RJ";"Norte";"Capotamento";1;0;0;0;0;0;0;0;0;0;0;0;1;0;0
"14/05/2013";"02:33:00";"12";"com vítima";"164,75";"BR-393/RJ";"Sul";"Tombamento";0;0;1;0;0;0;0;0;0;0;0;1;0;0;0
"15/05/2013";"06:59:00";"18";"com vítima";"143,6";"BR-393/RJ";"Norte";"Tombamento";0;0;1;0;0;0;0;0;0;0;0;0;1;0;0
"15/05/2013";"08:38:00";"25";"sem vítima";"136";"BR-393/RJ";"Norte";"Engavetamento";2;0;1;0;0;0;0;0;0;0;9;0;0;0;0
"15/05/2013";"08:38:00";"27";"com vítima";"135,98";"BR-393/RJ";"Norte";"Atropelamento - Morador";1;0;0;0;0;0;0;0;0;0;1;1;0;0;0
"15/05/2013";"10:41:00";"29";"com vítima";"211,8";"BR-393/RJ";"Sul";"Engavetamento";0;0;2;0;0;0;0;0;0;1;1;1;2;0;0
"16/05/2013";"08:49:00";"17";"sem vítima";"285,67";"BR-393/RJ";"Sul";"Abalroamento Mesmo Sentido ";1;0;1;0;0;0;0;0;0;0;2;0;0;0;0
"16/05/2013";"17:45:00";"76";"sem vítima";"279,63";"BR-393/RJ";"Norte";"Colisão Transversal";2;0;0;0;0;0;0;0;0;0;2;0;0;0;0
"16/05/2013";"20:45:00";"81";"sem vítima";"108,45";"BR-393/RJ";"Sul";"Choque - Outros";0;0;0;0;1;0;0;0;0;0;1;0;0;0;0
"17/05/2013";"06:43:00";"9";"com vítima";"267,78";"BR-393/RJ";"Sul";"Saida de Pista";0;0;0;0;0;0;0;0;0;1;0;1;0;0;0
"17/05/2013";"20:14:00";"63";"com vítima";"251,25";"BR-393/RJ";"Norte";"Colisão Transversal";1;0;0;1;0;0;0;0;0;0;1;2;0;0;0
"18/05/2013";"12:37:00";"27";"sem vítima";"286,2";"BR-393/RJ";"Norte";"Colisão Traseira";2;0;0;0;0;0;0;0;0;0;2;0;0;0;0
"19/05/2013";"00:13:00";"9";"com vítima";"160,79";"BR-393/RJ";"Norte";"Outros - Sequência";2;0;0;0;0;0;0;0;0;2;3;3;1;0;0
"19/05/2013";"04:58:00";"15";"com vítima";"139,54";"BR-393/RJ";"Norte";"Choque - Arvore";1;0;0;0;0;0;0;0;0;0;0;2;0;0;0
"19/05/2013";"19:54:00";"56";"sem vítima";"171,53";"BR-393/RJ";"Sul";"Saida de Pista";0;0;1;0;0;0;0;0;0;0;1;0;0;0;0
"20/05/2013";"11:09:00";"40";"sem vítima";"242,84";"BR-393/RJ";"Sul";"Saida de Pista";0;0;1;0;0;0;0;0;0;0;1;0;0;0;0
"21/05/2013";"03:07:00";"4";"com vítima";"193,29";"BR-393/RJ";"Norte";"Queda de Moto";0;0;0;1;0;0;0;0;0;0;0;1;0;0;0
"21/05/2013";"09:18:00";"18";"com vítima";"250,2";"BR-393/RJ";"Norte";"Colisão Traseira";2;0;0;0;0;0;0;0;0;0;0;2;0;0;0
"21/05/2013";"12:55:00";"41";"com vítima";"3,0015";"Alça Sul";"Norte";"Choque - Veiculo parado no acostamento";1;1;0;0;0;0;0;0;0;0;1;1;0;0;0
"21/05/2013";"13:01:00";"42";"com vítima";"135,84";"BR-393/RJ";"Norte";"Colisão Traseira";1;0;1;0;0;0;0;0;0;0;1;1;0;0;0
"21/05/2013";"18:06:00";"58";"com vítima";"281,07";"BR-393/RJ";"Norte";"Colisão Transversal";1;0;0;1;0;0;0;0;0;0;1;1;0;0;0
"21/05/2013";"21:05:00";"67";"com vítima";"244,43";"BR-393/RJ";"Norte";"Atropelamento de Animal";1;0;0;0;0;0;0;0;0;0;0;1;0;0;0
"22/05/2013";"07:18:00";"22";"com vítima";"285,52";"BR-393/RJ";"Sul";"Abalroamento Mesmo Sentido ";1;0;1;0;0;0;0;0;0;0;0;2;0;0;0
"22/05/2013";"09:05:00";"27";"com vítima";"205,77";"BR-393/RJ";"Sul";"Colisão Traseira";0;0;1;0;1;0;0;0;0;0;1;1;0;0;0
"22/05/2013";"13:25:00";"44";"sem vítima";"217,62";"BR-393/RJ";"Sul";"Queda de Moto";0;0;0;1;0;0;0;0;0;0;1;0;0;0;0
"22/05/2013";"17:26:00";"57";"com vítima";"253,67";"BR-393/RJ";"Norte";"Colisão Traseira";0;0;2;0;0;0;0;0;0;0;1;0;2;0;0
"23/05/2013";"08:02:00";"14";"com vítima";"180,78";"BR-393/RJ";"Norte";"Colisão Frontal";2;0;1;0;0;0;0;0;0;1;0;5;0;0;1
"23/05/2013";"11:10:00";"20";"sem vítima";"241";"BR-393/RJ";"Sul";"Engavetamento";2;0;1;0;0;0;0;0;0;0;5;0;0;0;0
"23/05/2013";"23:29:00";"79";"com vítima";"286";"BR-393/RJ";"Norte";"Colisão Traseira";2;0;0;0;0;0;0;0;0;0;1;1;0;0;0
"24/05/2013";"18:19:00";"72";"sem vítima";"254,122";"BR-393/RJ";"Sul";"Saida de Pista";1;0;0;0;0;0;0;0;0;0;1;0;0;0;0
"24/05/2013";"18:44:00";"75";"sem vítima";"285,8";"BR-393/RJ";"Norte";"Colisão Traseira";3;0;0;0;0;0;0;0;0;0;3;0;0;0;0
"25/05/2013";"23:48:00";"46";"com vítima";"286,3";"BR-393/RJ";"Sul";"Engavetamento";2;0;0;0;0;0;0;0;0;1;0;4;0;0;0
"26/05/2013";"06:31:00";"18";"sem vítima";"172,23";"BR-393/RJ";"Sul";"Capotamento";1;0;0;0;0;0;0;0;0;0;2;0;0;0;0
"26/05/2013";"12:34:00";"32";"sem vítima";"103,13";"BR-393/RJ";"Norte";"Colisão Traseira";2;0;0;0;0;0;0;0;0;0;2;0;0;0;0
"26/05/2013";"13:11:00";"34";"com vítima";"274";"BR-393/RJ";"Sul";"Abalroamento Mesmo Sentido ";1;0;1;0;0;0;0;0;0;0;3;1;0;0;0
"26/05/2013";"20:03:00";"59";"com vítima";"229,81";"BR-393/RJ";"Sul";"Choque - Talude";1;0;0;0;0;0;0;0;0;0;0;2;0;0;0
"26/05/2013";"22:38:00";"63";"sem vítima";"261,388";"BR-393/RJ";"Sul";"Atropelamento de Animal";1;0;0;0;0;0;0;0;0;0;1;0;0;0;0
"27/05/2013";"12:25:00";"48";"sem vítima";"106,49";"BR-393/RJ";"Norte";"Colisão Traseira";2;0;0;0;0;0;0;0;0;0;2;0;0;0;0
"27/05/2013";"21:35:00";"95";"sem vítima";"115,05";"BR-393/RJ";"Norte";"Tombamento";0;0;1;0;0;0;0;0;0;0;1;0;0;0;0
"28/05/2013";"16:57:00";"79";"sem vítima";"282";"BR-393/RJ";"Sul";"Atropelamento - Ciclista";1;1;0;0;0;0;0;0;0;0;2;0;0;0;0
"28/05/2013";"19:41:00";"86";"sem vítima";"216,462";"BR-393/RJ";"Sul";"Saida de Pista";0;0;1;0;0;0;0;0;0;0;1;0;0;0;0
"28/05/2013";"20:53:00";"91";"com vítima";"128,498";"BR-393/RJ";"Sul";"Colisão Lateral";0;0;3;0;0;0;0;0;0;0;0;3;0;0;0
"29/05/2013";"19:01:00";"62";"com vítima";"175,98";"BR-393/RJ";"Sul";"Queda de Moto";0;0;0;1;0;0;0;0;0;0;0;2;0;0;0
"29/05/2013";"20:01:00";"65";"com vítima";"285,5";"BR-393/RJ";"Norte";"Colisão Traseira";1;0;0;0;1;0;0;0;0;0;1;2;0;0;0
"29/05/2013";"20:57:00";"72";"sem vítima";"122,07";"BR-393/RJ";"Norte";"Atropelamento de Animal";1;0;0;0;0;0;0;0;0;0;4;0;0;0;0
"30/05/2013";"04:14:00";"16";"com vítima";"134,6";"BR-393/RJ";"Norte";"Choque - Outros";1;0;0;0;0;0;0;0;0;0;0;0;1;0;0
"30/05/2013";"05:59:00";"17";"com vítima";"204,09";"BR-393/RJ";"Sul";"Colisão Transversal";2;0;0;0;0;0;0;0;0;0;0;7;0;0;0
"30/05/2013";"06:53:00";"18";"sem vítima";"207,77";"BR-393/RJ";"Sul";"Abalroamento Sentido Oposto";1;0;1;0;0;0;0;0;0;0;2;0;0;0;0
"30/05/2013";"07:42:00";"19";"com vítima";"195,05";"BR-393/RJ";"Norte";"Colisão Traseira";1;0;1;0;0;0;0;0;0;0;4;1;0;0;0
"31/05/2013";"01:39:00";"9";"sem vítima";"234,97";"BR-393/RJ";"Norte";"Saida de Pista";1;0;0;0;0;0;0;0;0;0;1;0;0;0;0
"31/05/2013";"10:27:00";"29";"com vítima";"183,54";"BR-393/RJ";"Norte";"Colisão Transversal";2;0;0;0;0;0;0;0;0;0;4;1;0;0;0
"31/05/2013";"11:09:00";"30";"sem vítima";"279,45";"BR-393/RJ";"Norte";"Objeto lançado contra veículo";2;0;0;0;0;0;0;0;0;0;2;0;0;0;0
"31/05/2013";"17:05:00";"54";"sem vítima";"286";"BR-393/RJ";"Sul";"Abalroamento Mesmo Sentido ";1;0;1;0;0;0;0;0;0;0;2;0;0;0;0
"31/05/2013";"18:02:00";"56";"com vítima";"182,37";"BR-393/RJ";"Sul";"Colisão Transversal";0;0;0;1;0;0;0;0;0;1;0;2;1;0;0
"31/05/2013";"22:27:00";"71";"sem vítima";"248,42";"BR-393/RJ";"Norte";"Saida de Pista";0;0;1;0;0;0;0;0;0;0;1;0;0;0;0
"01/06/2013";"09:45:00";"27";"com vítima";"128,61";"BR-393/RJ";"Sul";"Tombamento";0;0;1;0;0;0;0;0;0;0;0;0;1;0;0
"02/06/2013";"00:29:00";"10";"com vítima";"284";"BR-393/RJ";"Norte";"Abalroamento Sentido Oposto";1;0;0;1;0;0;0;0;0;0;1;1;0;0;0
"02/06/2013";"11:42:00";"27";"com vítima";"284,48";"BR-393/RJ";"Sul";"Colisão Traseira";2;0;0;0;0;0;0;0;0;0;2;0;1;0;0
"02/06/2013";"14:04:00";"34";"com vítima";"268,35";"BR-393/RJ";"Sul";"Colisão Transversal";2;0;0;0;0;0;0;0;0;0;1;0;1;1;0
"02/06/2013";"18:38:00";"56";"com vítima";"218,26";"BR-393/RJ";"Norte";"Colisão Frontal";1;0;1;0;0;0;0;0;0;0;0;5;1;0;0
"02/06/2013";"19:09:00";"60";"sem vítima";"280";"BR-393/RJ";"Sul";"Colisão Traseira";2;0;0;0;0;0;0;0;0;0;2;0;0;0;0
"02/06/2013";"20:45:00";"63";"sem vítima";"171,41";"BR-393/RJ";"Sul";"Tombamento";0;0;1;0;0;0;0;0;0;0;1;0;0;0;0
"03/06/2013";"06:33:00";"17";"com vítima";"104,08";"BR-393/RJ";"Sul";"Colisão Traseira";0;0;0;1;1;0;0;0;0;0;1;1;0;0;0
"03/06/2013";"07:45:00";"21";"com vítima";"161,04";"BR-393/RJ";"Norte";"Abalroamento Sentido Oposto";1;0;0;0;1;0;0;0;0;0;1;1;0;0;0
"03/06/2013";"14:02:00";"43";"com vítima";"222,93";"BR-393/RJ";"Sul";"Saida de Pista";1;0;0;0;0;0;0;0;0;0;0;2;0;0;0
"03/06/2013";"18:13:00";"52";"sem vítima";"242,49";"BR-393/RJ";"Norte";"Saida de Pista";0;0;1;0;0;0;0;0;0;0;2;0;0;0;0
"03/06/2013";"19:39:00";"58";"sem vítima";"161,48";"BR-393/RJ";"Norte";"Saida de Pista";1;0;0;0;0;0;0;0;0;0;4;0;0;0;0
"03/06/2013";"22:57:00";"71";"sem vítima";"284";"BR-393/RJ";"Norte";"Colisão Traseira";1;0;1;0;0;0;0;0;0;0;2;0;0;0;0
"04/06/2013";"07:22:00";"16";"sem vítima";"106,963";"BR-393/RJ";"Norte";"Colisão Lateral";2;0;0;0;0;0;0;0;0;0;2;0;0;0;0
"05/06/2013";"03:36:00";"11";"sem vítima";"274,8";"BR-393/RJ";"Sul";"Choque - Arvore";1;0;0;0;0;0;0;0;0;0;1;0;0;0;0
"05/06/2013";"09:13:00";"24";"sem vítima";"195";"BR-393/RJ";"Norte";"Colisão Traseira";0;0;1;0;0;0;0;0;0;1;2;0;0;0;0
"05/06/2013";"17:59:00";"68";"com vítima";"281,324";"BR-393/RJ";"Norte";"Atropelamento - Ciclista";0;1;0;1;0;0;0;0;0;0;1;1;0;0;0
"06/06/2013";"07:28:00";"13";"sem vítima";"285";"BR-393/RJ";"Sul";"Colisão Traseira";1;0;1;0;0;0;0;0;0;0;2;0;0;0;0
"06/06/2013";"07:37:00";"14";"sem vítima";"285,4";"BR-393/RJ";"Norte";"Colisão Lateral";1;0;1;0;0;0;0;0;0;0;2;0;0;0;0
"07/06/2013";"13:27:00";"42";"sem vítima";"235";"BR-393/RJ";"Norte";"Abalroamento Mesmo Sentido ";2;0;0;0;0;0;0;0;0;0;2;0;0;0;0
"07/06/2013";"13:54:00";"43";"sem vítima";"280,2";"BR-393/RJ";"Sul";"Colisão Traseira";2;0;0;0;0;0;0;0;0;0;2;0;0;0;0
"08/06/2013";"15:19:00";"54";"com vítima";"235";"BR-393/RJ";"Sul";"Outros - Sequência";1;0;1;0;0;0;0;0;0;0;2;1;0;0;0
"09/06/2013";"06:58:00";"18";"sem vítima";"178,232";"BR-393/RJ";"Norte";"Colisão Traseira";2;0;0;0;0;0;0;0;0;0;8;0;0;0;0
"09/06/2013";"15:01:00";"41";"com vítima";"171,5";"BR-393/RJ";"Sul";"Saida de Pista";1;0;0;0;0;0;0;0;0;0;0;1;0;0;0
"09/06/2013";"18:42:00";"52";"com vítima";"140,039";"BR-393/RJ";"Sul";"Atropelamento - Morador";1;1;0;0;0;0;0;0;0;0;1;0;0;0;1
"10/06/2013";"07:32:00";"22";"com vítima";"285";"BR-393/RJ";"Sul";"Colisão Lateral";1;0;1;0;0;0;0;0;0;0;0;2;0;0;0
"10/06/2013";"17:08:00";"70";"sem vítima";"281";"BR-393/RJ";"Norte";"Colisão Transversal";1;0;0;1;0;0;0;0;0;0;2;0;0;0;0
"10/06/2013";"18:47:00";"73";"com vítima";"154,5";"BR-393/RJ";"Norte";"Queda de Moto";0;0;0;1;0;0;0;0;0;0;0;0;1;0;0
"11/06/2013";"12:53:00";"51";"com vítima";"139,2";"BR-393/RJ";"Sul";"Abalroamento Mesmo Sentido ";1;0;2;0;0;0;0;0;0;0;0;6;0;0;0
"11/06/2013";"17:46:00";"62";"sem vítima";"283";"BR-393/RJ";"Norte";"Colisão Traseira";1;0;1;0;0;0;0;0;0;0;2;0;0;0;0
"12/06/2013";"13:45:00";"49";"com vítima";"147,1";"BR-393/RJ";"Norte";"Outros - Sequência";0;0;2;0;0;0;0;0;0;0;1;1;0;0;0
"12/06/2013";"17:57:00";"58";"com vítima";"238,747";"BR-393/RJ";"Norte";"Colisão Transversal";1;0;1;0;0;0;0;0;0;0;0;2;0;0;0
"13/06/2013";"18:59:00";"62";"com vítima";"265,523";"BR-393/RJ";"Sul";"Atropelamento de Animal";1;0;0;0;0;0;0;0;0;0;0;1;0;0;0
"14/06/2013";"10:15:00";"35";"com vítima";"184,5";"BR-393/RJ";"Sul";"Saida de Pista";1;0;0;0;0;0;0;0;0;0;0;1;0;0;0
"14/06/2013";"15:22:00";"53";"com vítima";"252,4";"BR-393/RJ";"Sul";"Colisão Lateral";1;0;0;0;0;0;0;0;0;1;0;4;0;0;0
"14/06/2013";"18:21:00";"64";"com vítima";"241";"BR-393/RJ";"Norte";"Outros - Sequência";4;0;0;0;0;0;0;0;0;0;2;5;0;0;0
"14/06/2013";"20:09:00";"72";"sem vítima";"279";"BR-393/RJ";"Norte";"Colisão Traseira";2;0;0;0;0;0;0;0;0;0;2;0;0;0;0
"15/06/2013";"10:43:00";"28";"com vítima";"176,2";"BR-393/RJ";"Sul";"Colisão Traseira";1;0;0;1;0;0;0;0;0;0;0;2;0;0;0
"15/06/2013";"17:49:00";"53";"com vítima";"242";"BR-393/RJ";"Sul";"Atropelamento - Usuário";1;0;1;0;0;0;0;0;0;0;3;1;0;0;0
"15/06/2013";"19:24:00";"61";"sem vítima";"187,2";"BR-393/RJ";"Norte";"Choque - Outros";1;0;0;0;0;0;0;0;0;0;3;0;0;0;0
"17/06/2013";"00:52:00";"10";"com vítima";"280,23";"BR-393/RJ";"Norte";"Colisão Frontal";2;0;0;0;0;0;0;0;0;0;1;1;0;0;0
"17/06/2013";"07:42:00";"19";"sem vítima";"227,689";"BR-393/RJ";"Norte";"Saida de Pista";1;0;0;0;0;0;0;0;0;0;1;0;0;0;0
"17/06/2013";"11:01:00";"28";"com vítima";"168,764";"BR-393/RJ";"Sul";"Colisão Transversal";2;0;0;0;0;0;0;0;0;0;0;6;0;0;0
"17/06/2013";"14:39:00";"55";"com vítima";"172,6";"BR-393/RJ";"Norte";"Capotamento";1;0;0;0;0;0;0;0;0;0;0;1;0;0;0
"17/06/2013";"17:15:00";"71";"com vítima";"156,5";"BR-393/RJ";"Norte";"Queda de Moto";0;0;0;1;0;0;0;0;0;0;0;0;2;0;0
"17/06/2013";"20:28:00";"83";"sem vítima";"285,5";"BR-393/RJ";"Sul";"Engavetamento";3;0;0;0;0;0;0;0;0;0;3;0;0;0;0
"18/06/2013";"19:19:00";"75";"com vítima";"236";"BR-393/RJ";"Sul";"Colisão Transversal";2;0;0;0;0;0;0;0;0;0;2;2;0;0;0