data;horario;n_da_ocorrencia;tipo_de_ocorrencia;km;trecho;sentido;tipo_de_acidente;automovel;bicicleta;caminhao;moto;onibus;outros;tracao_animal;transporte_de_cargas_especiais;trator_maquinas;utilitarios;ilesos;levemente_feridos;moderadamente_feridos;gravemente_feridos;mortos
"04/03/2015";"06:19:00";"31";"com vítima";"131,6";"BR-393/RJ";"Pista Sul";"Acidentes de outra natureza";0;0;1;0;0;0;0;0;0;0;0;1;0;0;0
"04/03/2015";"09:58:00";"53";"com vítima";"201,259";"BR-393/RJ";"Pista Norte";"Colisão com veículos (traseira)";1;0;1;0;0;0;0;0;0;0;0;2;0;0;0
"04/03/2015";"10:23:00";"54";"com vítima";"279,052";"BR-393/RJ";"Pista Sul";"Colisão lateral no sentido contrário";0;0;0;2;0;0;0;0;0;0;0;2;0;0;0
"04/03/2015";"11:21:00";"58";"com vítima";"284,2";"BR-393/RJ";"Pista Sul";"Acidentes de outra natureza";3;0;0;0;0;0;0;0;0;1;3;1;0;0;0
"06/03/2015";"00:23:00";"5";"com vítima";"285,9";"BR-393/RJ";"Pista Norte";"Colisão lateral no sentido contrário";1;0;0;1;0;0;0;0;0;0;1;0;0;1;0
"06/03/2015";"12:23:00";"58";"sem vítima";"113";"BR-393/RJ";"Pista Norte";"Colisão lateral no sentido contrário";0;0;2;0;0;0;0;0;0;0;2;0;0;0;0
"06/03/2015";"20:00:00";"104";"com vítima";"192";"BR-393/RJ";"Pista Norte";"Colisão lateral no sentido contrário";2;0;0;0;0;0;0;0;0;0;0;1;1;0;0
"07/03/2015";"04:13:00";"22";"sem vítima";"246";"BR-393/RJ";"Pista Norte";"Saídas de pista";1;0;0;0;0;0;0;0;0;0;1;0;0;0;0
"07/03/2015";"09:55:00";"45";"com vítima";"147,2";"BR-393/RJ";"Pista Norte";"Tombamento";0;0;1;0;0;0;0;0;0;0;0;1;0;0;0
"07/03/2015";"12:20:00";"49";"sem vítima";"285";"BR-393/RJ";"Pista Sul";"Colisão lateral no mesmo sentido";1;0;1;0;0;0;0;0;0;0;2;0;0;0;0
"08/03/2015";"15:29:00";"54";"com vítima";"169,5";"BR-393/RJ";"Pista Sul";"Saídas de pista";1;0;0;0;0;0;0;0;0;0;0;1;0;0;0
"08/03/2015";"17:15:00";"63";"com vítima";"157,9";"BR-393/RJ";"Pista Norte";"Colisão c/ obstáculos";1;0;0;0;0;0;0;0;0;0;0;1;0;0;0
"08/03/2015";"19:44:00";"70";"sem vítima";"256";"BR-393/RJ";"Pista Norte";"Saídas de pista";1;0;0;0;0;0;0;0;0;0;1;0;0;0;0
"08/03/2015";"19:59:00";"73";"sem vítima";"244";"BR-393/RJ";"Pista Sul";"Atropelamento de animais";0;0;1;0;0;0;0;0;0;0;1;0;0;0;0
"09/03/2015";"05:22:00";"22";"sem vítima";"195";"BR-393/RJ";"Pista Sul";"Colisão com veículos (traseira)";0;0;1;0;0;0;0;0;0;1;3;0;0;0;0
"09/03/2015";"13:17:00";"41";"sem vítima";"153,22";"BR-393/RJ";"Pista Sul";"Acidentes de outra natureza";0;0;0;1;0;0;0;0;0;0;1;0;0;0;0
"09/03/2015";"17:18:00";"53";"sem vítima";"102,707";"BR-393/RJ";"Pista Norte";"Colisão lateral no sentido contrário";1;0;1;0;0;0;0;0;0;0;2;0;0;0;0
"10/03/2015";"06:29:00";"17";"sem vítima";"157";"BR-393/RJ";"Pista Norte";"Colisão c/ obstáculos";1;0;0;0;0;0;0;0;0;0;1;0;0;0;0
"10/03/2015";"11:22:00";"44";"com vítima";"255";"BR-393/RJ";"Pista Norte";"Colisão lateral no sentido contrário";1;0;1;0;0;0;0;0;0;0;1;1;0;0;0
"10/03/2015";"21:07:00";"98";"com vítima";"102,69";"BR-393/RJ";"Pista Sul";"Acidentes de outra natureza";0;0;0;1;0;0;0;0;0;0;0;1;1;0;0
"11/03/2015";"19:55:00";"96";"sem vítima";"255";"BR-393/RJ";"Pista Sul";"Colisão lateral no sentido contrário";1;0;0;0;1;0;0;0;0;0;3;0;0;0;0
"12/03/2015";"02:24:00";"15";"com vítima";"195";"BR-393/RJ";"Pista Norte";"Acidentes de outra natureza";1;0;1;0;0;0;0;0;0;0;2;2;0;0;0
"12/03/2015";"10:59:00";"47";"com vítima";"124";"BR-393/RJ";"Pista Norte";"Tombamento";0;0;1;0;0;0;0;0;0;0;0;1;0;0;0
"12/03/2015";"11:17:00";"49";"com vítima";"257,926";"BR-393/RJ";"Pista Norte";"Acidentes de outra natureza";0;0;2;0;0;0;0;0;0;0;0;2;0;0;0
"12/03/2015";"11:21:00";"50";"sem vítima";"268";"BR-393/RJ";"Pista Norte";"Acidentes de outra natureza";0;0;1;0;0;0;0;0;0;0;1;0;0;0;0
"12/03/2015";"12:01:00";"51";"sem vítima";"262,046";"BR-393/RJ";"Pista Norte";"Saídas de pista";1;0;0;0;0;0;0;0;0;0;1;0;0;0;0
"12/03/2015";"12:58:00";"52";"sem vítima";"107";"BR-393/RJ";"Pista Sul";"Colisão com veículos (traseira)";2;0;0;0;0;0;0;0;0;0;2;0;0;0;0
"12/03/2015";"17:48:00";"68";"sem vítima";"280,1";"BR-393/RJ";"Pista Sul";"Acidentes de outra natureza";2;0;0;0;0;0;1;0;0;0;3;0;0;0;0
"13/03/2015";"00:19:00";"4";"sem vítima";"286";"BR-393/RJ";"Pista Norte";"Colisão lateral no sentido contrário";2;0;0;0;0;0;0;0;0;0;5;0;0;0;0
"13/03/2015";"16:09:00";"44";"com vítima";"239,533";"BR-393/RJ";"Pista Norte";"Acidentes de outra natureza";2;0;2;0;0;0;0;0;0;0;2;1;2;1;0
"13/03/2015";"17:03:00";"46";"com vítima";"264";"BR-393/RJ";"Pista Norte";"Acidentes de outra natureza";2;0;1;0;0;0;0;0;0;0;0;1;1;1;0
"13/03/2015";"18:48:00";"51";"com vítima";"267";"BR-393/RJ";"Pista Sul";"Colisão lateral no sentido contrário";1;0;1;0;0;0;0;0;0;0;1;1;0;0;0
"13/03/2015";"21:52:00";"64";"sem vítima";"285";"BR-393/RJ";"Pista Norte";"Colisão com veículos (traseira)";2;0;0;0;0;0;0;0;0;0;2;0;0;0;0
"14/03/2015";"08:45:00";"29";"com vítima";"237";"BR-393/RJ";"Pista Norte";"Colisão lateral no sentido contrário";1;0;0;1;0;0;0;0;0;0;2;1;0;0;0
"14/03/2015";"10:11:00";"30";"sem vítima";"282,8";"BR-393/RJ";"Pista Norte";"Colisão com veículos (traseira)";2;0;0;0;0;0;0;0;0;0;2;0;0;0;0
"14/03/2015";"14:10:00";"42";"sem vítima";"279,3";"BR-393/RJ";"Pista Norte";"Colisão lateral no sentido contrário";2;0;0;0;0;0;0;0;0;0;2;0;0;0;0
"14/03/2015";"18:32:00";"59";"com vítima";"168,494";"BR-393/RJ";"Pista Sul";"Colisão lateral no sentido contrário";1;0;0;1;0;0;0;0;0;0;0;3;0;0;0
"14/03/2015";"22:35:00";"75";"sem vítima";"200,9";"BR-393/RJ";"Pista Norte";"Atropelamento de animais";0;0;1;0;0;0;0;0;0;0;1;0;0;0;0
"15/03/2015";"11:33:00";"34";"com vítima";"147,046";"BR-393/RJ";"Pista Norte";"Acidentes de outra natureza";2;0;1;0;0;0;0;0;0;0;3;2;0;0;0
"16/03/2015";"16:55:00";"66";"sem vítima";"226,507";"BR-393/RJ";"Pista Norte";"Colisão lateral no sentido contrário";0;0;2;0;0;0;0;0;0;0;4;0;0;0;0
"16/03/2015";"21:32:00";"92";"sem vítima";"139,5";"BR-393/RJ";"Pista Sul";"Saídas de pista";1;0;0;0;0;0;0;0;0;0;1;0;0;0;0
"17/03/2015";"16:34:00";"72";"com vítima";"170,752";"BR-393/RJ";"Pista Norte";"Capotamento";1;0;0;0;0;0;0;0;0;0;0;1;0;0;0
"17/03/2015";"20:23:00";"94";"com vítima";"271,5";"BR-393/RJ";"Pista Norte";"Atropelamento de animais";0;0;0;1;0;0;0;0;0;0;0;1;0;0;0
"18/03/2015";"05:25:00";"24";"sem vítima";"121,524";"BR-393/RJ";"Pista Sul";"Saídas de pista";0;0;1;0;0;0;0;0;0;0;1;0;0;0;0
"19/03/2015";"09:20:00";"41";"com vítima";"207,23";"BR-393/RJ";"Pista Sul";"Engavetamento";1;0;2;0;1;0;0;0;0;0;10;6;0;1;0
"20/03/2015";"17:30:00";"47";"com vítima";"236,589";"BR-393/RJ";"Pista Norte";"Colisão lateral no sentido contrário";2;0;0;0;0;0;0;0;0;0;1;2;0;0;0
"20/03/2015";"19:35:00";"58";"com vítima";"169";"BR-393/RJ";"Pista Norte";"Acidentes de outra natureza";0;0;0;1;0;0;0;0;0;0;0;1;0;0;0
"21/03/2015";"10:47:00";"38";"sem vítima";"123,7";"BR-393/RJ";"Pista Sul";"Colisão c/ obstáculos";1;0;0;0;0;0;0;0;0;0;4;0;0;0;0
"21/03/2015";"10:52:00";"39";"sem vítima";"143";"BR-393/RJ";"Pista Sul";"Colisão c/ obstáculos";1;0;0;0;0;0;0;0;0;0;1;0;0;0;0
"21/03/2015";"11:02:00";"42";"sem vítima";"251";"BR-393/RJ";"Pista Sul";"Colisão lateral no sentido contrário";2;0;0;0;0;0;0;0;0;0;3;0;0;0;0
"21/03/2015";"11:08:00";"43";"sem vítima";"164,8";"BR-393/RJ";"Pista Norte";"Tombamento";0;0;1;0;0;0;0;0;0;0;1;0;0;0;0
"22/03/2015";"13:03:00";"26";"com vítima";"238,606";"BR-393/RJ";"Pista Norte";"Colisão lateral no sentido contrário";2;0;0;0;0;0;0;0;0;0;1;3;0;0;0
"22/03/2015";"23:07:00";"47";"sem vítima";"282,15";"BR-393/RJ";"Pista Sul";"Colisão com veículos (traseira)";2;0;0;0;0;0;0;0;0;0;2;0;0;0;0
"23/03/2015";"01:13:00";"4";"sem vítima";"172,8";"BR-393/RJ";"Pista Sul";"Atropelamento de animais";0;0;1;0;0;0;0;0;0;0;1;0;0;0;0
"23/03/2015";"02:26:00";"9";"sem vítima";"261,172";"BR-393/RJ";"Pista Sul";"Atropelamento de animais";0;0;1;0;0;0;0;0;0;0;1;0;0;0;0
"23/03/2015";"16:18:00";"56";"com vítima";"279,563";"BR-393/RJ";"Pista Norte";"Colisão c/ obstáculos";0;0;1;0;0;0;0;0;0;0;0;1;0;0;0
"24/03/2015";"08:03:00";"20";"sem vítima";"278,7";"BR-393/RJ";"Pista Sul";"Colisão com veículos (traseira)";2;0;0;0;0;0;0;0;0;0;4;0;0;0;0
"25/03/2015";"15:27:00";"45";"com vítima";"178,881";"BR-393/RJ";"Pista Sul";"Colisão com veículos (traseira)";1;0;0;1;0;0;0;0;0;0;0;3;0;0;0
"26/03/2015";"10:08:00";"37";"sem vítima";"286,001";"BR-393/RJ";"Pista Sul";"Engavetamento";3;0;0;0;0;0;0;0;0;0;3;0;0;0;0
"26/03/2015";"13:50:00";"58";"sem vítima";"143";"BR-393/RJ";"Pista Norte";"Saídas de pista";1;0;0;0;0;0;0;0;0;0;1;0;0;0;0
"26/03/2015";"13:54:00";"60";"com vítima";"155";"BR-393/RJ";"Pista Norte";"Acidentes de outra natureza";0;0;0;1;0;0;0;0;0;0;0;1;0;0;0
"26/03/2015";"16:09:00";"73";"sem vítima";"265,123";"BR-393/RJ";"Pista Norte";"Colisão lateral no sentido contrário";2;0;0;0;0;0;0;0;0;0;2;0;0;0;0
"27/03/2015";"13:25:00";"52";"com vítima";"186,6";"BR-393/RJ";"Pista Norte";"Colisão lateral no mesmo sentido";0;0;3;0;0;0;0;0;0;0;1;2;0;0;0
"28/03/2015";"17:28:00";"52";"sem vítima";"161,3";"BR-393/RJ";"Pista Norte";"Colisão c/ obstáculos";1;0;0;0;0;0;0;0;0;0;2;0;0;0;0
"29/03/2015";"06:11:00";"18";"sem vítima";"251,46";"BR-393/RJ";"Pista Norte";"Colisão c/ obstáculos";1;0;0;0;0;0;0;0;0;0;1;0;0;0;0
"29/03/2015";"21:51:00";"57";"com vítima";"161";"BR-393/RJ";"Pista Sul";"Acidentes de outra natureza";0;0;0;1;0;0;0;0;0;0;0;2;0;0;0
"29/03/2015";"22:48:00";"62";"sem vítima";"164,6";"BR-393/RJ";"Pista Norte";"Colisão c/ obstáculos";0;0;2;0;0;0;0;0;0;0;2;0;0;0;0
"30/03/2015";"12:25:00";"67";"sem vítima";"285,476";"BR-393/RJ";"Pista Norte";"Colisão lateral no mesmo sentido";2;0;0;0;0;0;0;0;0;0;2;0;0;0;0
"30/03/2015";"21:35:00";"110";"sem vítima";"164,735";"BR-393/RJ";"Pista Sul";"Acidentes de outra natureza";1;0;0;0;0;0;0;0;0;0;1;0;0;0;0
"31/03/2015";"00:57:00";"3";"sem vítima";"2,467";"Alça Sul";"Pista Norte";"Atropelamento de animais";0;0;0;0;0;0;0;0;0;1;1;0;0;0;0
"31/03/2015";"08:57:00";"22";"sem vítima";"285,8";"BR-393/RJ";"Pista Norte";"Engavetamento";2;0;1;0;0;0;0;0;0;0;3;0;0;0;0
"31/03/2015";"09:32:00";"25";"com vítima";"286,003";"BR-393/RJ";"Pista Sul";"Colisão com veículos (traseira)";2;0;0;0;0;0;0;0;0;0;2;1;0;0;0
"31/03/2015";"09:55:00";"26";"sem vítima";"285,537";"BR-393/RJ";"Pista Sul";"Colisão lateral no mesmo sentido";1;0;1;0;0;0;0;0;0;0;2;0;0;0;0
"01/04/2015";"16:10:00";"48";"com vítima";"217,659";"BR-393/RJ";"Pista Norte";"Colisão lateral no sentido contrário";1;0;1;0;0;0;0;0;0;0;1;4;0;0;0
"02/04/2015";"18:54:00";"77";"sem vítima";"265";"BR-393/RJ";"Pista Norte";"Colisão com veículos (traseira)";1;0;1;0;0;0;0;0;0;0;2;0;0;0;0
"03/04/2015";"04:59:00";"37";"sem vítima";"239,4";"BR-393/RJ";"Pista Norte";"Saídas de pista";1;0;0;0;0;0;0;0;0;0;1;0;0;0;0
"03/04/2015";"06:06:00";"42";"sem vítima";"228,946";"BR-393/RJ";"Pista Norte";"Saídas de pista";1;0;0;0;0;0;0;0;0;0;3;0;0;0;0
"03/04/2015";"09:46:00";"59";"sem vítima";"103,9";"BR-393/RJ";"Pista Norte";"Colisão lateral no mesmo sentido";2;0;0;0;0;0;0;0;0;0;8;0;0;0;0
"04/04/2015";"14:33:00";"47";"com vítima";"181,31";"BR-393/RJ";"Pista Norte";"Colisão lateral no mesmo sentido";0;0;0;2;0;0;0;0;0;0;0;1;0;0;1
"04/04/2015";"22:00:00";"71";"com vítima";"258,052";"BR-393/RJ";"Pista Sul";"Colisão c/ obstáculos";0;0;0;0;0;0;0;0;0;1;0;2;0;0;0
"05/04/2015";"12:38:00";"36";"com vítima";"156,039";"BR-393/RJ";"Pista Norte";"Capotamento";1;0;0;0;0;0;0;0;0;0;0;1;0;0;0
"05/04/2015";"13:38:00";"41";"com vítima";"168,733";"BR-393/RJ";"Pista Norte";"Colisão lateral no sentido contrário";2;0;0;0;0;0;0;0;0;0;6;2;0;0;0
"05/04/2015";"18:04:00";"67";"sem vítima";"282";"BR-393/RJ";"Pista Sul";"Colisão com veículos (traseira)";2;0;0;0;0;0;0;0;0;0;3;0;0;0;0
"05/04/2015";"18:38:00";"71";"sem vítima";"285,5";"BR-393/RJ";"Pista Sul";"Colisão lateral no mesmo sentido";1;0;1;0;0;0;0;0;0;0;6;0;0;0;0
"06/04/2015";"13:15:00";"58";"com vítima";"133,354";"BR-393/RJ";"Pista Sul";"Atropelamento de pedestre";1;1;0;0;0;0;0;0;0;0;0;2;0;0;0
"06/04/2015";"13:21:00";"59";"com vítima";"233,954";"BR-393/RJ";"Pista Norte";"Colisão com veículos (traseira)";1;0;0;1;0;0;0;0;0;0;1;0;1;0;0
"07/04/2015";"07:02:00";"11";"com vítima";"175,792";"BR-393/RJ";"Pista Norte";"Tombamento";0;0;1;0;0;0;0;0;0;0;0;1;0;0;0
"07/04/2015";"13:15:00";"42";"sem vítima";"268,337";"BR-393/RJ";"Pista Norte";"Colisão com veículos (traseira)";2;0;0;0;0;0;0;0;0;0;2;0;0;0;0
"07/04/2015";"20:24:00";"75";"com vítima";"285,46";"BR-393/RJ";"Pista Sul";"Colisão lateral no sentido contrário";1;0;0;1;0;0;0;0;0;0;0;2;0;0;0
"09/04/2015";"09:22:00";"44";"sem vítima";"132";"BR-393/RJ";"Pista Norte";"Colisão com veículos (traseira)";1;0;0;1;0;0;0;0;0;0;2;0;0;0;0
"09/04/2015";"21:26:00";"103";"sem vítima";"265";"BR-393/RJ";"Pista Norte";"Colisão lateral no mesmo sentido";1;0;1;0;0;0;0;0;0;0;3;0;0;0;0
"10/04/2015";"12:22:00";"51";"com vítima";"240";"BR-393/RJ";"Pista Norte";"Capotamento";1;0;0;0;0;0;0;0;0;0;0;0;1;0;0
"10/04/2015";"15:34:00";"66";"com vítima";"279,5";"BR-393/RJ";"Pista Norte";"Colisão lateral no sentido contrário";1;0;0;1;0;0;0;0;0;0;0;1;1;0;0
"10/04/2015";"18:46:00";"75";"sem vítima";"286";"BR-393/RJ";"Pista Sul";"Colisão com veículos (traseira)";2;0;0;0;0;0;0;0;0;0;2;0;0;0;0
"11/04/2015";"04:52:00";"21";"sem vítima";"172,7";"BR-393/RJ";"Pista Norte";"Atropelamento de animais";0;0;0;0;0;1;0;0;0;0;1;0;0;0;0
"11/04/2015";"10:11:00";"43";"sem vítima";"139,94";"BR-393/RJ";"Pista Norte";"Saídas de pista";0;0;1;0;0;0;0;0;0;0;1;0;0;0;0
"11/04/2015";"10:59:00";"50";"sem vítima";"286";"BR-393/RJ";"Pista Norte";"Colisão com veículos (traseira)";2;0;0;0;0;0;0;0;0;0;2;0;0;0;0
"11/04/2015";"17:22:00";"85";"com vítima";"235,394";"BR-393/RJ";"Pista Norte";"Colisão lateral no sentido contrário";1;0;0;1;0;0;0;0;0;0;1;1;0;0;0
"12/04/2015";"04:16:00";"15";"com vítima";"155,6";"BR-393/RJ";"Pista Sul";"Acidentes de outra natureza";0;0;0;1;0;0;0;0;0;0;0;0;1;0;0
"12/04/2015";"07:20:00";"16";"sem vítima";"124,323";"BR-393/RJ";"Pista Norte";"Tombamento";0;0;1;0;0;0;0;0;0;0;1;0;0;0;0
"12/04/2015";"19:50:00";"8";"sem vítima";"285";"BR-393/RJ";"Pista Norte";"Colisão com veículos (traseira)";2;0;0;0;0;0;0;0;0;0;2;0;0;0;0
"12/04/2015";"20:09:00";"9";"com vítima";"188";"BR-393/RJ";"Pista Sul";"Acidentes de outra natureza";0;0;1;2;0;0;0;0;0;0;1;2;1;0;0
"13/04/2015";"20:12:00";"62";"sem vítima";"283,3";"BR-393/RJ";"Pista Sul";"Colisão lateral no sentido contrário";2;0;0;0;0;0;0;0;0;0;4;0;0;0;0
"14/04/2015";"09:00:00";"25";"com vítima";"278";"BR-393/RJ";"Pista Sul";"Colisão lateral no mesmo sentido";2;0;0;0;0;0;0;0;0;0;1;1;0;0;0
"14/04/2015";"18:17:00";"54";"com vítima";"156";"BR-393/RJ";"Pista Norte";"Saídas de pista";1;0;0;0;0;0;0;0;0;0;0;1;0;0;0
"14/04/2015";"23:17:00";"79";"sem vítima";"285,7";"BR-393/RJ";"Pista Norte";"Colisão lateral no sentido contrário";1;0;1;0;0;0;0;0;0;0;2;0;0;0;0
"16/04/2015";"03:20:00";"18";"com vítima";"251,8";"BR-393/RJ";"Pista Norte";"Capotamento";1;0;0;0;0;0;0;0;0;0;0;1;0;0;0
"16/04/2015";"07:20:00";"34";"com vítima";"185,05";"BR-393/RJ";"Pista Norte";"Colisão com veículos (frontal)";1;0;2;0;0;0;0;0;0;0;2;0;0;1;0
"16/04/2015";"13:10:00";"63";"com vítima";"106";"BR-393/RJ";"Pista Norte";"Colisão lateral no sentido contrário";1;0;0;1;0;0;0;0;0;0;1;1;0;0;0
"17/04/2015";"06:44:00";"27";"com vítima";"136,3";"BR-393/RJ";"Pista Norte";"Tombamento";0;0;1;0;0;0;0;0;0;0;0;1;0;0;0
"17/04/2015";"10:43:00";"46";"sem vítima";"252,4";"BR-393/RJ";"Pista Norte";"Colisão lateral no mesmo sentido";2;0;0;0;0;0;0;0;0;0;5;0;0;0;0
"17/04/2015";"22:29:00";"93";"com vítima";"235";"BR-393/RJ";"Pista Norte";"Colisão lateral no mesmo sentido";1;0;0;1;0;0;0;0;0;0;1;1;0;0;0
"18/04/2015";"02:17:00";"5";"com vítima";"123,504";"BR-393/RJ";"Pista Sul";"Colisão c/ obstáculos";1;0;0;0;0;0;0;0;0;0;0;2;0;0;0
"18/04/2015";"07:15:00";"26";"sem vítima";"252";"BR-393/RJ";"Pista Sul";"Colisão lateral no sentido contrário";1;0;1;0;0;0;0;0;0;0;2;0;0;0;0
"18/04/2015";"09:07:00";"29";"com vítima";"201,4";"BR-393/RJ";"Pista Norte";"Tombamento";0;0;1;0;0;0;0;0;0;0;0;0;1;0;0
"19/04/2015";"05:05:00";"17";"sem vítima";"249,5";"BR-393/RJ";"Pista Norte";"Colisão com veículos (frontal)";1;0;0;0;1;0;0;0;0;0;45;0;0;0;0
"19/04/2015";"09:27:00";"32";"com vítima";"141,25";"BR-393/RJ";"Pista Sul";"Acidentes de outra natureza";0;1;0;0;0;0;0;0;0;0;0;1;0;0;0
"21/04/2015";"03:47:00";"15";"sem vítima";"286,002";"BR-393/RJ";"Pista Sul";"Colisão com veículos (traseira)";1;0;0;1;0;0;0;0;0;0;2;0;0;0;0
"22/04/2015";"07:49:00";"22";"sem vítima";"285";"BR-393/RJ";"Pista Sul";"Colisão lateral no mesmo sentido";1;0;1;0;0;0;0;0;0;0;2;0;0;0;0
"22/04/2015";"18:15:00";"59";"com vítima";"178,2";"BR-393/RJ";"Pista Sul";"Saídas de pista";1;0;0;0;0;0;0;0;0;0;0;1;0;0;0
"22/04/2015";"18:28:00";"60";"sem vítima";"286,2";"BR-393/RJ";"Pista Norte";"Colisão com veículos (traseira)";1;0;1;0;0;0;0;0;0;0;2;0;0;0;0
"22/04/2015";"18:33:00";"61";"sem vítima";"182,4";"BR-393/RJ";"Pista Sul";"Colisão c/ obstáculos";0;0;1;0;0;0;0;0;0;0;1;0;0;0;0
"22/04/2015";"18:46:00";"63";"sem vítima";"265";"BR-393/RJ";"Pista Norte";"Colisão com veículos (traseira)";2;0;0;0;0;0;0;0;0;0;2;0;0;0;0
"23/04/2015";"18:23:00";"92";"com vítima";"151,9";"BR-393/RJ";"Pista Sul";"Tombamento";0;0;1;0;0;0;0;0;0;0;1;0;1;0;0
"23/04/2015";"21:08:00";"99";"com vítima";"283,3";"BR-393/RJ";"Pista Sul";"Colisão com veículos (frontal)";1;0;0;1;0;0;0;0;0;0;1;1;0;0;0
"24/04/2015";"09:12:00";"35";"sem vítima";"282,38";"BR-393/RJ";"Pista Norte";"Colisão lateral no sentido contrário";2;0;0;0;0;0;0;0;0;0;2;0;0;0;0
"24/04/2015";"12:14:00";"61";"sem vítima";"168,22";"BR-393/RJ";"Pista Norte";"Colisão lateral no mesmo sentido";0;0;0;1;0;0;0;0;0;1;3;0;0;0;0
"24/04/2015";"15:14:00";"68";"sem vítima";"163";"BR-393/RJ";"Pista Sul";"Colisão com veículos (frontal)";1;0;0;1;0;0;0;0;0;0;3;0;0;0;0
"24/04/2015";"15:19:00";"71";"com vítima";"272,7";"BR-393/RJ";"Pista Sul";"Saídas de pista";0;0;1;0;0;0;0;0;0;0;0;1;0;0;0
"24/04/2015";"18:36:00";"96";"sem vítima";"168,7";"BR-393/RJ";"Pista Norte";"Colisão lateral no mesmo sentido";1;0;0;0;1;0;0;0;0;0;32;0;0;0;0
"24/04/2015";"19:37:00";"101";"com vítima";"172";"BR-393/RJ";"Pista Norte";"Colisão lateral no sentido contrário";1;0;1;0;0;0;0;0;0;0;1;2;0;0;0
"25/04/2015";"00:15:00";"2";"sem vítima";"284,5";"BR-393/RJ";"Pista Sul";"Colisão lateral no mesmo sentido";1;0;1;0;0;0;0;0;0;0;2;0;0;0;0
"26/04/2015";"11:21:00";"28";"com vítima";"177,182";"BR-393/RJ";"Pista Norte";"Colisão lateral no sentido contrário";1;0;0;1;0;0;0;0;0;0;0;4;0;0;0
"26/04/2015";"19:12:00";"64";"sem vítima";"282,5";"BR-393/RJ";"Pista Sul";"Colisão com veículos (traseira)";2;0;0;0;0;0;0;0;0;0;2;0;0;0;0
"27/04/2015";"02:25:00";"4";"com vítima";"216,3";"BR-393/RJ";"Pista Sul";"Saídas de pista";0;0;1;0;0;0;0;0;0;0;0;1;0;0;0
"27/04/2015";"14:04:00";"64";"sem vítima";"280,164";"BR-393/RJ";"Pista Norte";"Colisão com veículos (traseira)";1;0;1;0;0;0;0;0;0;0;3;0;0;0;0
"27/04/2015";"16:31:00";"76";"sem vítima";"222,1";"BR-393/RJ";"Pista Norte";"Colisão com veículos (frontal)";2;0;0;0;0;0;0;0;0;0;2;0;0;0;0
"28/04/2015";"08:01:00";"31";"sem vítima";"285,003";"BR-393/RJ";"Pista Sul";"Colisão lateral no mesmo sentido";1;0;1;0;0;0;0;0;0;0;2;0;0;0;0
"28/04/2015";"16:02:00";"69";"sem vítima";"214,192";"BR-393/RJ";"Pista Sul";"Colisão c/ obstáculos";1;0;0;0;0;0;0;0;0;0;1;0;0;0;0
"29/04/2015";"12:55:00";"65";"sem vítima";"285,226";"BR-393/RJ";"Pista Norte";"Saídas de pista";2;0;0;0;0;0;0;0;0;0;2;0;0;0;0
"30/04/2015";"00:55:00";"3";"sem vítima";"253,7";"BR-393/RJ";"Pista Sul";"Colisão com veículos (traseira)";2;0;0;0;0;0;0;0;0;0;3;0;0;0;0
"30/04/2015";"05:01:00";"18";"com vítima";"259,508";"BR-393/RJ";"Pista Norte";"Tombamento";0;0;1;0;0;0;0;0;0;0;0;1;0;0;0
"30/04/2015";"07:42:00";"25";"com vítima";"155,441";"BR-393/RJ";"Pista Norte";"Saídas de pista";0;0;1;0;0;0;0;0;0;0;0;1;0;0;0
"30/04/2015";"13:15:00";"43";"sem vítima";"102";"BR-393/RJ";"Pista Sul";"Colisão com veículos (traseira)";1;0;1;0;0;0;0;0;0;0;3;0;0;0;0
"30/04/2015";"21:14:00";"68";"sem vítima";"255,4";"BR-393/RJ";"Pista Norte";"Colisão lateral no sentido contrário";2;0;0;0;0;0;0;0;0;0;2;0;0;0;0
"01/05/2015";"14:52:00";"47";"com vítima";"282";"BR-393/RJ";"Pista Sul";"Colisão lateral no sentido contrário";1;0;0;1;0;0;0;0;0;0;1;2;0;0;0
"02/05/2015";"18:17:00";"37";"com vítima";"245,5";"BR-393/RJ";"Pista Norte";"Atropelamento de pedestre";1;1;0;0;0;0;0;0;0;0;1;1;0;0;0
"03/05/2015";"16:26:00";"53";"com vítima";"131,377";"BR-393/RJ";"Pista Norte";"Acidentes de outra natureza";0;0;0;1;0;0;0;0;0;0;0;2;0;0;0
"04/05/2015";"21:43:00";"65";"sem vítima";"284";"BR-393/RJ";"Pista Sul";"Colisão com veículos (traseira)";2;0;0;0;0;0;0;0;0;0;2;0;0;0;0