data;horario;n_da_ocorrencia;tipo_de_ocorrencia;km;trecho;sentido;tipo_de_acidente;automovel;bicicleta;caminhao;moto;onibus;outros;tracao_animal;transporte_de_cargas_especiais;trator_maquinas;utilitarios;ilesos;levemente_feridos;moderadamente_feridos;gravemente_feridos;mortos
"05/05/2015";"06:39:00";"18";"sem vítima";"146";"BR-393/RJ";"Pista Norte";"Colisão c/ obstáculos";1;0;0;0;0;0;0;0;0;0;3;0;0;0;0
"05/05/2015";"07:28:00";"19";"sem vítima";"151,837";"BR-393/RJ";"Pista Sul";"Tombamento";0;0;1;0;0;0;0;0;0;0;1;0;0;0;0
"05/05/2015";"08:22:00";"22";"sem vítima";"283";"BR-393/RJ";"Pista Sul";"Colisão lateral no mesmo sentido";2;0;0;0;0;0;0;0;0;0;2;0;0;0;0
"05/05/2015";"18:30:00";"46";"sem vítima";"133";"BR-393/RJ";"Pista Norte";"Colisão com veículos (traseira)";1;0;1;0;0;0;0;0;0;0;3;0;0;0;0
"06/05/2015";"06:50:00";"20";"com vítima";"168,455";"BR-393/RJ";"Pista Sul";"Colisão lateral no mesmo sentido";1;0;0;1;0;0;0;0;0;0;1;0;1;0;0
"06/05/2015";"08:50:00";"26";"com vítima";"174,506";"BR-393/RJ";"Pista Norte";"Colisão lateral no sentido contrário";1;0;0;1;0;0;0;0;0;0;1;0;1;0;0
"06/05/2015";"17:46:00";"78";"com vítima";"147,5";"BR-393/RJ";"Pista Norte";"Acidentes de outra natureza";0;0;0;1;0;0;0;0;0;0;0;1;0;0;0
"07/05/2015";"07:40:00";"28";"com vítima";"270,947";"BR-393/RJ";"Pista Norte";"Colisão lateral no sentido contrário";2;0;0;0;0;0;0;0;0;0;0;1;1;0;0
"07/05/2015";"12:04:00";"43";"sem vítima";"252,402";"BR-393/RJ";"Pista Norte";"Colisão lateral no sentido contrário";2;0;0;0;0;0;0;0;0;0;2;0;0;0;0
"08/05/2015";"07:59:00";"25";"com vítima";"230,393";"BR-393/RJ";"Pista Sul";"Acidentes de outra natureza";0;0;0;1;0;0;0;0;0;0;0;1;0;0;0
"08/05/2015";"13:30:00";"39";"sem vítima";"133,652";"BR-393/RJ";"Pista Norte";"Colisão com veículos (traseira)";0;0;2;0;0;0;0;0;0;0;2;0;0;0;0
"08/05/2015";"17:59:00";"61";"com vítima";"279,8";"BR-393/RJ";"Pista Sul";"Engavetamento";3;0;0;0;0;0;0;0;0;0;3;2;0;0;0
"08/05/2015";"18:35:00";"62";"com vítima";"182";"BR-393/RJ";"Pista Norte";"Atropelamento de pedestre";0;0;0;1;0;0;0;0;0;0;0;1;0;1;0
"08/05/2015";"21:46:00";"73";"com vítima";"102";"BR-393/RJ";"Pista Sul";"Colisão com veículos (frontal)";2;0;0;0;0;0;0;0;0;0;1;1;0;0;0
"09/05/2015";"01:17:00";"2";"sem vítima";"282";"BR-393/RJ";"Pista Norte";"Colisão com veículos (traseira)";2;0;0;0;0;0;0;0;0;0;3;0;0;0;0
"09/05/2015";"12:20:00";"47";"sem vítima";"282,376";"BR-393/RJ";"Pista Sul";"Colisão lateral no sentido contrário";2;0;0;0;0;0;0;0;0;0;3;0;0;0;0
"09/05/2015";"17:23:00";"60";"com vítima";"132,8";"BR-393/RJ";"Pista Sul";"Colisão lateral no sentido contrário";1;0;0;1;0;0;0;0;0;0;1;1;0;0;0
"10/05/2015";"06:20:00";"17";"com vítima";"152,8";"BR-393/RJ";"Pista Norte";"Capotamento";1;0;0;0;0;0;0;0;0;0;0;2;0;0;0
"10/05/2015";"19:12:00";"77";"sem vítima";"281,843";"BR-393/RJ";"Pista Sul";"Colisão com veículos (traseira)";1;0;0;1;0;0;0;0;0;0;2;0;0;0;0
"11/05/2015";"18:03:00";"85";"sem vítima";"262";"BR-393/RJ";"Pista Norte";"Acidentes de outra natureza";0;0;0;1;0;0;0;0;0;0;2;0;0;0;0
"11/05/2015";"20:56:00";"91";"sem vítima";"285,5";"BR-393/RJ";"Pista Norte";"Colisão com veículos (traseira)";1;0;0;0;1;0;0;0;0;0;2;0;0;0;0
"12/05/2015";"16:32:00";"66";"sem vítima";"267,302";"BR-393/RJ";"Pista Norte";"Colisão c/ obstáculos";1;0;0;0;0;0;0;0;0;0;1;0;0;0;0
"13/05/2015";"07:17:00";"21";"com vítima";"242,423";"BR-393/RJ";"Pista Norte";"Colisão c/ obstáculos";1;0;0;0;0;0;0;0;0;0;1;0;1;0;0
"14/05/2015";"02:44:00";"18";"sem vítima";"283,067";"BR-393/RJ";"Pista Norte";"Colisão c/ obstáculos";1;0;0;0;0;0;0;0;0;0;2;0;0;0;0
"14/05/2015";"11:01:00";"52";"sem vítima";"195,119";"BR-393/RJ";"Pista Norte";"Colisão com veículos (traseira)";0;0;2;0;0;0;0;0;0;0;2;0;0;0;0
"14/05/2015";"14:13:00";"63";"com vítima";"162";"BR-393/RJ";"Pista Norte";"Colisão com veículos (traseira)";2;0;0;0;0;0;0;0;0;0;2;1;0;0;0
"14/05/2015";"18:02:00";"72";"com vítima";"235,2";"BR-393/RJ";"Pista Norte";"Colisão lateral no sentido contrário";0;0;0;2;0;0;0;0;0;0;1;0;1;0;0
"14/05/2015";"23:59:00";"96";"sem vítima";"268,4";"BR-393/RJ";"Pista Sul";"Capotamento";1;0;0;0;0;0;0;0;0;0;1;0;0;0;0
"15/05/2015";"13:59:00";"60";"com vítima";"159,818";"BR-393/RJ";"Pista Norte";"Colisão com veículos (frontal)";1;0;2;0;0;0;0;0;0;0;0;1;1;0;1
"15/05/2015";"18:25:00";"69";"com vítima";"284,65";"BR-393/RJ";"Pista Sul";"Acidentes de outra natureza";0;0;0;1;0;0;0;0;0;0;0;1;0;0;0
"15/05/2015";"19:08:00";"74";"com vítima";"201,55";"BR-393/RJ";"Pista Norte";"Tombamento";0;0;1;0;0;0;0;0;0;0;0;1;0;0;0
"15/05/2015";"22:00:00";"81";"com vítima";"238,528";"BR-393/RJ";"Pista Sul";"Saídas de pista";1;0;0;0;0;0;0;0;0;0;0;1;1;0;0
"16/05/2015";"16:25:00";"50";"com vítima";"123";"BR-393/RJ";"Pista Norte";"Colisão lateral no sentido contrário";1;0;2;0;0;0;0;0;0;0;2;1;0;1;0
"16/05/2015";"19:12:00";"53";"sem vítima";"220";"BR-393/RJ";"Pista Norte";"Acidentes de outra natureza";0;0;0;1;0;0;0;0;0;0;1;0;0;0;0
"18/05/2015";"14:36:00";"69";"sem vítima";"284";"BR-393/RJ";"Pista Norte";"Colisão Lateral Mesmo Sentido";2;0;0;0;0;0;0;0;0;0;2;0;0;0;0
"19/05/2015";"04:15:00";"3";"sem vítima";"155,768";"BR-393/RJ";"Pista Norte";"Tombamento";0;0;1;0;0;0;0;0;0;0;1;0;0;0;0
"19/05/2015";"07:09:00";"18";"com vítima";"286,001";"BR-393/RJ";"Pista Norte";"Atropelamento de pedestre";0;0;0;1;0;0;0;0;0;0;0;2;0;0;0
"19/05/2015";"08:12:00";"21";"com vítima";"281,462";"BR-393/RJ";"Pista Sul";"Acidentes de outra natureza";0;0;0;1;0;0;0;0;0;0;0;2;0;0;0
"19/05/2015";"09:32:00";"27";"sem vítima";"223,859";"BR-393/RJ";"Pista Sul";"Saídas de pista";2;0;0;0;0;0;0;0;0;0;3;0;0;0;0
"21/05/2015";"08:04:00";"29";"com vítima";"164,653";"BR-393/RJ";"Pista Norte";"Tombamento";0;0;1;0;0;0;0;0;0;0;0;1;0;0;0
"21/05/2015";"19:42:00";"86";"com vítima";"281,3";"BR-393/RJ";"Pista Norte";"Colisão lateral no sentido contrário";0;0;1;1;0;0;0;0;0;0;1;0;1;0;0
"22/05/2015";"09:36:00";"56";"sem vítima";"281";"BR-393/RJ";"Pista Sul";"Colisão lateral no sentido contrário";1;0;0;1;0;0;0;0;0;0;2;0;0;0;0
"22/05/2015";"12:57:00";"69";"com vítima";"104,584";"BR-393/RJ";"Pista Sul";"Colisão lateral no mesmo sentido";1;0;0;1;0;0;0;0;0;0;2;1;0;0;0
"23/05/2015";"03:39:00";"21";"com vítima";"180,1";"BR-393/RJ";"Pista Sul";"Saídas de pista";1;0;0;0;0;0;0;0;0;0;0;0;1;0;0
"23/05/2015";"05:52:00";"24";"sem vítima";"156,568";"BR-393/RJ";"Pista Norte";"Tombamento";0;0;1;0;0;0;0;0;0;0;1;0;0;0;0
"23/05/2015";"06:28:00";"27";"sem vítima";"258,229";"BR-393/RJ";"Pista Norte";"Colisão c/ obstáculos";2;0;0;0;0;0;0;0;0;0;2;0;0;0;0
"23/05/2015";"10:50:00";"36";"sem vítima";"285,119";"BR-393/RJ";"Pista Norte";"Colisão c/ obstáculos";1;0;0;0;0;0;0;0;0;0;1;0;0;0;0
"23/05/2015";"11:12:00";"37";"com vítima";"232,197";"BR-393/RJ";"Pista Sul";"Colisão com veículos (frontal)";1;0;2;0;0;0;0;0;0;0;3;0;1;0;0
"23/05/2015";"11:38:00";"39";"sem vítima";"232,197";"BR-393/RJ";"Pista Sul";"Colisão lateral no sentido contrário";0;0;0;0;0;0;0;0;0;2;2;0;0;0;0
"23/05/2015";"21:22:00";"54";"sem vítima";"285,9";"BR-393/RJ";"Pista Norte";"Colisão com veículos (traseira)";1;0;0;1;0;0;0;0;0;0;4;0;0;0;0
"24/05/2015";"02:23:00";"4";"com vítima";"105,383";"BR-393/RJ";"Pista Sul";"Capotamento";1;0;0;0;0;0;0;0;0;0;0;0;0;1;0
"24/05/2015";"05:43:00";"7";"com vítima";"177,53";"BR-393/RJ";"Pista Sul";"Colisão c/ obstáculos";1;0;0;0;0;0;0;0;0;0;0;1;0;0;0
"24/05/2015";"19:44:00";"35";"com vítima";"158";"BR-393/RJ";"Pista Norte";"Acidentes de outra natureza";0;0;0;1;0;0;0;0;0;0;0;2;0;0;0
"25/05/2015";"19:56:00";"86";"sem vítima";"123,138";"BR-393/RJ";"Pista Sul";"Tombamento";0;0;1;0;0;0;0;0;0;0;1;0;0;0;0
"26/05/2015";"00:22:00";"1";"com vítima";"254,2";"BR-393/RJ";"Pista Sul";"Acidentes de outra natureza";0;0;0;1;0;0;0;0;0;0;0;1;0;0;0
"26/05/2015";"12:36:00";"52";"sem vítima";"265";"BR-393/RJ";"Pista Sul";"Colisão com veículos (traseira)";0;0;2;0;0;0;0;0;0;0;2;0;0;0;0
"26/05/2015";"18:18:00";"82";"com vítima";"280,814";"BR-393/RJ";"Pista Sul";"Colisão lateral no sentido contrário";1;0;0;1;0;0;0;0;0;0;1;1;0;0;0
"26/05/2015";"20:22:00";"95";"com vítima";"255,5";"BR-393/RJ";"Pista Sul";"Acidentes de outra natureza";0;0;0;1;0;0;0;0;0;0;0;1;0;0;0
"27/05/2015";"07:57:00";"31";"sem vítima";"285,502";"BR-393/RJ";"Pista Sul";"Colisão lateral no sentido contrário";1;0;1;0;0;0;0;0;0;0;2;0;0;0;0
"27/05/2015";"08:01:00";"32";"sem vítima";"175,765";"BR-393/RJ";"Pista Norte";"Engavetamento";3;0;0;0;0;0;0;0;0;0;3;0;0;0;0
"27/05/2015";"18:10:00";"73";"com vítima";"279,1";"BR-393/RJ";"Pista Norte";"Atropelamento de pedestre";1;1;0;0;0;0;0;0;0;0;1;1;0;0;0
"29/05/2015";"05:23:00";"15";"com vítima";"138,626";"BR-393/RJ";"Pista Norte";"Colisão com veículos (frontal)";2;0;0;1;0;0;0;0;0;0;0;6;2;0;0
"29/05/2015";"06:39:00";"18";"com vítima";"177,75";"BR-393/RJ";"Pista Sul";"Colisão com veículos (frontal)";1;0;1;0;0;0;0;0;0;0;1;1;0;0;0
"29/05/2015";"06:43:00";"19";"com vítima";"177,8";"BR-393/RJ";"Pista Norte";"Colisão lateral no mesmo sentido";1;0;0;1;0;0;0;0;0;0;1;0;0;1;0
"29/05/2015";"07:25:00";"20";"com vítima";"238,6";"BR-393/RJ";"Pista Norte";"Colisão lateral no sentido contrário";1;0;1;0;0;0;0;0;0;0;1;0;0;1;0
"29/05/2015";"07:30:00";"21";"com vítima";"181";"BR-393/RJ";"Pista Norte";"Colisão com veículos (frontal)";2;0;0;0;0;0;0;0;0;0;0;4;1;0;0
"30/05/2015";"07:52:00";"22";"sem vítima";"195";"BR-393/RJ";"Pista Norte";"Colisão com veículos (traseira)";2;0;0;0;0;0;0;0;0;0;2;0;0;0;0
"30/05/2015";"10:39:00";"39";"sem vítima";"140,513";"BR-393/RJ";"Pista Norte";"Atropelamento de animais";0;0;0;0;1;0;0;0;0;0;14;0;0;0;0
"31/05/2015";"07:08:00";"29";"com vítima";"182,234";"BR-393/RJ";"Pista Norte";"Colisão c/ obstáculos";0;0;1;0;0;0;0;0;0;0;0;1;0;0;0
"31/05/2015";"16:16:00";"45";"com vítima";"268,366";"BR-393/RJ";"Pista Sul";"Colisão lateral no sentido contrário";2;0;0;0;0;0;0;0;0;0;1;4;0;0;0
"31/05/2015";"17:54:00";"53";"sem vítima";"265";"BR-393/RJ";"Pista Sul";"Engavetamento";2;0;0;1;0;0;0;0;0;0;3;0;0;0;0
"31/05/2015";"17:58:00";"54";"sem vítima";"256";"BR-393/RJ";"Pista Sul";"Saídas de pista";1;0;0;0;0;0;0;0;0;0;1;0;0;0;0
"31/05/2015";"18:09:00";"55";"com vítima";"223,165";"BR-393/RJ";"Pista Norte";"Acidentes de outra natureza";0;0;0;1;0;0;0;0;0;0;0;1;1;0;0
"01/06/2015";"01:39:00";"2";"sem vítima";"282,919";"BR-393/RJ";"Pista Norte";"Saídas de pista";1;0;0;0;0;0;0;0;0;0;1;0;0;0;0
"01/06/2015";"15:14:00";"44";"com vítima";"182,396";"BR-393/RJ";"Pista Norte";"Colisão lateral no mesmo sentido";2;0;0;0;0;0;0;0;0;0;0;3;0;0;0
"02/06/2015";"09:02:00";"28";"sem vítima";"286,4";"BR-393/RJ";"Pista Norte";"Colisão com veículos (traseira)";1;0;0;0;1;0;0;0;0;0;3;0;0;0;0
"02/06/2015";"09:11:00";"30";"com vítima";"239";"BR-393/RJ";"Pista Sul";"Colisão com veículos (traseira)";2;0;0;0;0;0;0;0;0;0;2;1;0;0;0
"03/06/2015";"07:22:00";"42";"com vítima";"238";"BR-393/RJ";"Pista Norte";"Colisão lateral no sentido contrário";2;0;0;0;0;0;0;0;0;0;0;4;0;0;0
"03/06/2015";"15:54:00";"90";"sem vítima";"283,2";"BR-393/RJ";"Pista Sul";"Colisão lateral no sentido contrário";2;0;0;0;0;0;0;0;0;0;2;0;0;0;0
"04/06/2015";"19:14:00";"76";"com vítima";"285,9";"BR-393/RJ";"Pista Norte";"Colisão lateral no sentido contrário";1;0;0;1;0;0;0;0;0;0;1;1;0;0;0
"05/06/2015";"17:47:00";"51";"com vítima";"215,9";"BR-393/RJ";"Pista Norte";"Saídas de pista";1;0;0;0;0;0;0;0;0;0;0;0;1;0;0
"06/06/2015";"05:23:00";"24";"sem vítima";"135,9";"BR-393/RJ";"Pista Norte";"Colisão com veículos (traseira)";1;0;0;0;0;0;0;0;0;1;2;0;0;0;0
"06/06/2015";"21:23:00";"89";"sem vítima";"102,8";"BR-393/RJ";"Pista Sul";"Colisão lateral no mesmo sentido";2;0;0;0;0;0;0;0;0;0;3;0;0;0;0
"07/06/2015";"11:30:00";"38";"com vítima";"281";"BR-393/RJ";"Pista Norte";"Colisão com veículos (traseira)";2;0;0;0;0;0;0;0;0;0;2;1;0;0;0
"07/06/2015";"14:43:00";"55";"sem vítima";"283";"BR-393/RJ";"Pista Norte";"Colisão com veículos (traseira)";2;0;0;0;0;0;0;0;0;0;2;0;0;0;0
"07/06/2015";"18:55:00";"73";"com vítima";"281,929";"BR-393/RJ";"Pista Sul";"Colisão com veículos (traseira)";2;0;0;0;0;0;0;0;0;0;5;2;0;0;0
"08/06/2015";"07:48:00";"23";"com vítima";"284,512";"BR-393/RJ";"Pista Sul";"Colisão com veículos (traseira)";2;0;0;0;0;0;0;0;0;0;1;1;0;0;0
"08/06/2015";"09:47:00";"35";"com vítima";"105,429";"BR-393/RJ";"Pista Norte";"Atropelamento de pedestre";0;1;1;0;0;0;0;0;0;0;1;1;0;0;0
"08/06/2015";"22:14:00";"77";"com vítima";"286";"BR-393/RJ";"Pista Norte";"Colisão lateral no sentido contrário";1;0;0;1;0;0;0;0;0;0;1;1;0;0;0
"09/06/2015";"16:32:00";"75";"com vítima";"175,663";"BR-393/RJ";"Pista Norte";"Atropelamento de pedestre";1;1;0;0;0;0;0;0;0;0;1;1;0;0;0
"09/06/2015";"21:16:00";"95";"sem vítima";"265,2";"BR-393/RJ";"Pista Norte";"Colisão com veículos (traseira)";2;0;0;0;0;0;0;0;0;0;2;0;0;0;0
"10/06/2015";"10:55:00";"54";"com vítima";"255";"BR-393/RJ";"Pista Norte";"Colisão lateral no sentido contrário";0;0;1;1;0;0;0;0;0;0;1;1;0;0;0
"10/06/2015";"11:20:00";"58";"sem vítima";"182,328";"BR-393/RJ";"Pista Sul";"Colisão com veículos (traseira)";0;0;2;0;0;0;0;0;0;0;4;0;0;0;0
"10/06/2015";"12:41:00";"61";"sem vítima";"286";"BR-393/RJ";"Pista Sul";"Engavetamento";4;0;0;0;0;0;0;0;0;0;4;0;0;0;0
"10/06/2015";"18:15:00";"99";"sem vítima";"268,145";"BR-393/RJ";"Pista Sul";"Saídas de pista";1;0;0;0;0;0;0;0;0;0;1;0;0;0;0
"10/06/2015";"19:14:00";"103";"com vítima";"278,08";"BR-393/RJ";"Pista Sul";"Atropelamento de pedestre";0;1;1;0;0;0;0;0;0;0;1;0;0;1;0
"10/06/2015";"21:15:00";"108";"sem vítima";"214,731";"BR-393/RJ";"Pista Sul";"Saídas de pista";0;0;1;0;0;0;0;0;0;0;1;0;0;0;0
"11/06/2015";"01:11:00";"10";"com vítima";"117,154";"BR-393/RJ";"Pista Sul";"Colisão lateral no sentido contrário";2;0;1;0;0;0;0;0;0;0;4;3;2;0;0
"11/06/2015";"04:17:00";"15";"sem vítima";"229,962";"BR-393/RJ";"Pista Norte";"Saídas de pista";0;0;1;0;0;0;0;0;0;0;2;0;0;0;0
"11/06/2015";"10:32:00";"41";"sem vítima";"252,464";"BR-393/RJ";"Pista Sul";"Colisão lateral no sentido contrário";1;0;0;1;0;0;0;0;0;0;2;0;0;0;0
"11/06/2015";"11:43:00";"50";"sem vítima";"285";"BR-393/RJ";"Pista Norte";"Engavetamento";3;0;0;0;0;0;0;0;0;0;3;0;0;0;0
"11/06/2015";"22:04:00";"95";"sem vítima";"284,25";"BR-393/RJ";"Pista Norte";"Colisão lateral no mesmo sentido";1;0;0;0;1;0;0;0;0;0;2;0;0;0;0
"12/06/2015";"02:01:00";"8";"sem vítima";"255,5";"BR-393/RJ";"Pista Sul";"Colisão com veículos (traseira)";0;0;2;0;0;0;0;0;0;0;2;0;0;0;0
"12/06/2015";"06:32:00";"30";"com vítima";"217,642";"BR-393/RJ";"Pista Norte";"Colisão c/ obstáculos";1;0;0;0;0;0;0;0;0;0;0;1;0;0;0
"12/06/2015";"08:01:00";"33";"com vítima";"177,852";"BR-393/RJ";"Pista Norte";"Engavetamento";3;0;0;0;0;0;0;0;0;0;0;5;0;0;0
"12/06/2015";"13:32:00";"60";"com vítima";"177,183";"BR-393/RJ";"Pista Norte";"Colisão com veículos (traseira)";2;0;0;0;0;0;0;0;0;0;0;4;0;0;0
"12/06/2015";"17:14:00";"71";"com vítima";"199,1";"BR-393/RJ";"Pista Norte";"Colisão c/ obstáculos";1;0;0;0;0;0;0;0;0;0;3;2;0;0;0
"13/06/2015";"07:48:00";"26";"com vítima";"108,34";"BR-393/RJ";"Pista Norte";"Colisão com veículos (traseira)";2;0;0;0;0;0;0;0;0;0;2;2;0;0;0
"13/06/2015";"17:51:00";"57";"com vítima";"193";"BR-393/RJ";"Pista Norte";"Saídas de pista";1;0;0;0;0;0;0;0;0;0;0;2;0;0;0
"14/06/2015";"12:42:00";"37";"com vítima";"169";"BR-393/RJ";"Pista Sul";"Colisão com veículos (traseira)";1;0;0;1;0;0;0;0;0;0;0;2;0;0;0
"14/06/2015";"16:24:00";"52";"com vítima";"117,534";"BR-393/RJ";"Pista Norte";"Tombamento";0;0;1;0;0;0;0;0;0;0;0;0;1;0;0
"15/06/2015";"13:18:00";"86";"com vítima";"285";"BR-393/RJ";"Pista Sul";"Colisão lateral no sentido contrário";1;0;0;1;0;0;0;0;0;0;1;2;0;0;0
"16/06/2015";"08:50:00";"26";"com vítima";"133,938";"BR-393/RJ";"Pista Norte";"Colisão com veículos (traseira)";1;0;1;0;0;0;0;0;0;0;1;3;0;0;0
"17/06/2015";"18:27:00";"57";"sem vítima";"175";"BR-393/RJ";"Pista Sul";"Colisão lateral no mesmo sentido";2;0;0;0;0;0;0;0;0;0;2;0;0;0;0
"17/06/2015";"19:33:00";"62";"com vítima";"278";"BR-393/RJ";"Pista Sul";"Colisão lateral no sentido contrário";1;0;0;1;0;0;0;0;0;0;1;1;0;0;0
"18/06/2015";"07:43:00";"16";"com vítima";"175,438";"BR-393/RJ";"Pista Sul";"Capotamento";1;0;0;0;0;0;0;0;0;0;0;1;0;0;0
"19/06/2015";"06:36:00";"38";"sem vítima";"192";"BR-393/RJ";"Pista Norte";"Saídas de pista";1;0;0;0;0;0;0;0;0;0;4;0;0;0;0
"19/06/2015";"07:08:00";"40";"sem vítima";"272";"BR-393/RJ";"Pista Sul";"Saídas de pista";1;0;0;0;0;0;0;0;0;0;1;0;0;0;0
"19/06/2015";"15:21:00";"102";"sem vítima";"279,4";"BR-393/RJ";"Pista Sul";"Colisão com veículos (traseira)";2;0;0;0;0;0;0;0;0;0;3;0;0;0;0
"20/06/2015";"09:03:00";"32";"com vítima";"167,868";"BR-393/RJ";"Pista Sul";"Engavetamento";3;0;0;0;0;0;0;0;0;0;3;2;0;0;0
"20/06/2015";"12:36:00";"50";"com vítima";"217,881";"BR-393/RJ";"Pista Sul";"Tombamento";0;0;1;0;0;0;0;0;0;0;0;1;0;0;0
"21/06/2015";"04:26:00";"13";"com vítima";"281,387";"BR-393/RJ";"Pista Sul";"Acidentes de outra natureza";0;0;0;1;0;0;0;0;0;0;0;0;1;0;0
"22/06/2015";"13:46:00";"60";"com vítima";"235";"BR-393/RJ";"Pista Norte";"Colisão lateral no sentido contrário";1;0;0;1;0;0;0;0;0;0;1;1;0;0;0
"22/06/2015";"22:37:00";"108";"sem vítima";"159";"BR-393/RJ";"Pista Norte";"Colisão lateral no mesmo sentido";1;0;1;0;0;0;0;0;0;0;3;0;0;0;0
"23/06/2015";"12:15:00";"56";"sem vítima";"136,15";"BR-393/RJ";"Pista Norte";"Colisão com veículos (traseira)";1;0;1;0;0;0;0;0;0;0;4;0;0;0;0
"24/06/2015";"14:49:00";"61";"com vítima";"147,2";"BR-393/RJ";"Pista Sul";"Saídas de pista";1;0;0;0;0;0;0;0;0;0;0;2;0;0;0
"25/06/2015";"17:55:00";"69";"sem vítima";"286";"BR-393/RJ";"Pista Norte";"Engavetamento";3;0;0;0;0;0;0;0;0;0;3;0;0;0;0
"25/06/2015";"18:15:00";"71";"sem vítima";"176";"BR-393/RJ";"Pista Sul";"Colisão com veículos (traseira)";0;0;1;0;1;0;0;0;0;0;4;0;0;0;0
"25/06/2015";"19:15:00";"76";"sem vítima";"285";"BR-393/RJ";"Pista Norte";"Colisão com veículos (traseira)";2;0;0;0;0;0;0;0;0;0;2;0;0;0;0
"27/06/2015";"04:41:00";"23";"sem vítima";"239,514";"BR-393/RJ";"Pista Norte";"Capotamento";1;0;0;0;0;0;0;0;0;0;1;0;0;0;0
"27/06/2015";"14:25:00";"62";"com vítima";"252,419";"BR-393/RJ";"Pista Sul";"Colisão lateral no sentido contrário";1;0;0;0;1;0;0;0;0;0;2;3;0;0;0
"27/06/2015";"23:39:00";"87";"sem vítima";"254";"BR-393/RJ";"Pista Sul";"Saídas de pista";1;0;0;0;0;0;0;0;0;0;1;0;0;0;0
"27/06/2015";"23:46:00";"89";"sem vítima";"218";"BR-393/RJ";"Pista Norte";"Saídas de pista";1;0;0;0;0;0;0;0;0;0;1;0;0;0;0
"28/06/2015";"20:27:00";"59";"sem vítima";"202";"BR-393/RJ";"Pista Norte";"Colisão com veículos (traseira)";1;0;0;0;1;0;0;0;0;0;53;0;0;0;0
"28/06/2015";"22:37:00";"61";"com vítima";"238";"BR-393/RJ";"Pista Sul";"Colisão lateral no mesmo sentido";2;0;0;0;0;0;0;0;0;0;0;5;0;0;0
"29/06/2015";"19:02:00";"101";"sem vítima";"175,5";"BR-393/RJ";"Pista Sul";"Colisão com veículos (traseira)";2;0;0;0;0;0;0;0;0;0;2;0;0;0;0
"30/06/2015";"10:57:00";"40";"com vítima";"180,813";"BR-393/RJ";"Pista Sul";"Engavetamento";1;0;1;0;0;0;0;0;0;1;2;2;0;0;0
"30/06/2015";"18:59:00";"83";"sem vítima";"256";"BR-393/RJ";"Pista Norte";"Saídas de pista";1;0;0;0;0;0;0;0;0;0;1;0;0;0;0
"01/07/2015";"10:26:00";"50";"com vítima";"104,035";"BR-393/RJ";"Pista Sul";"Colisão com veículos (traseira)";1;0;0;1;0;0;0;0;0;0;1;1;0;0;0
"01/07/2015";"23:35:00";"123";"sem vítima";"133,9";"BR-393/RJ";"Pista Sul";"Colisão lateral no mesmo sentido";1;0;1;0;0;0;0;0;0;0;5;0;0;0;0
"03/07/2015";"12:28:00";"35";"sem vítima";"227,803";"BR-393/RJ";"Pista Sul";"Tombamento";0;0;1;0;0;0;0;0;0;0;1;0;0;0;0
"03/07/2015";"13:16:00";"36";"sem vítima";"243,453";"BR-393/RJ";"Pista Sul";"Saídas de pista";1;0;0;0;0;0;0;0;0;0;1;0;0;0;0
"03/07/2015";"15:45:00";"48";"com vítima";"283,585";"BR-393/RJ";"Pista Sul";"Colisão com veículos (traseira)";2;0;0;0;0;0;0;0;0;0;1;1;0;0;0
"04/07/2015";"10:31:00";"39";"sem vítima";"279,311";"BR-393/RJ";"Pista Norte";"Colisão com veículos (traseira)";1;0;0;0;0;0;0;0;0;1;2;0;0;0;0
"04/07/2015";"12:32:00";"47";"com vítima";"279,646";"BR-393/RJ";"Pista Sul";"Colisão lateral no mesmo sentido";1;0;0;1;0;0;0;0;0;0;1;1;0;0;0
"05/07/2015";"19:38:00";"83";"com vítima";"134,14";"BR-393/RJ";"Pista Norte";"Colisão com veículos (traseira)";1;0;0;0;0;0;0;0;0;1;1;1;0;0;0
"05/07/2015";"19:56:00";"85";"com vítima";"212,417";"BR-393/RJ";"Pista Norte";"Atropelamento de animais";0;0;0;0;0;0;0;0;0;1;0;2;0;0;0
"06/07/2015";"16:27:00";"84";"com vítima";"102";"BR-393/RJ";"Pista Sul";"Atropelamento de pedestre";1;0;0;0;0;0;0;0;0;0;1;0;0;1;0
"07/07/2015";"01:06:00";"9";"sem vítima";"113";"BR-393/RJ";"Pista Norte";"Atropelamento de animais";0;0;0;0;1;0;0;0;0;0;1;0;0;0;0