data;horario;n_da_ocorrencia;tipo_de_ocorrencia;km;trecho;sentido;tipo_de_acidente;automovel;bicicleta;caminhao;moto;onibus;outros;tracao_animal;transporte_de_cargas_especiais;trator_maquinas;utilitarios;ilesos;levemente_feridos;moderadamente_feridos;gravemente_feridos;mortos
"08/07/2015";"06:21:00";"15";"com vítima";"105,959";"BR-393/RJ";"Pista Sul";"Colisão com veículos (frontal)";2;0;0;0;0;0;0;0;0;0;1;1;1;0;0
"08/07/2015";"07:07:00";"22";"sem vítima";"284,606";"BR-393/RJ";"Pista Sul";"Colisão lateral no mesmo sentido";1;0;1;0;0;0;0;0;0;0;2;0;0;0;0
"08/07/2015";"07:48:00";"24";"sem vítima";"265,104";"BR-393/RJ";"Pista Sul";"Colisão com veículos (traseira)";1;0;1;0;0;0;0;0;0;0;2;0;0;0;0
"08/07/2015";"11:36:00";"56";"com vítima";"281,29";"BR-393/RJ";"Pista Norte";"Atropelamento de pedestre";1;1;0;0;0;0;0;0;0;0;1;1;0;0;0
"08/07/2015";"18:32:00";"91";"com vítima";"155,563";"BR-393/RJ";"Pista Norte";"Colisão com veículos (traseira)";2;0;0;0;0;0;0;0;0;0;2;1;0;0;0
"08/07/2015";"20:28:00";"97";"sem vítima";"232,354";"BR-393/RJ";"Pista Norte";"Colisão lateral no mesmo sentido";2;0;0;0;0;0;0;0;0;0;3;0;0;0;0
"10/07/2015";"11:24:00";"31";"sem vítima";"283,468";"BR-393/RJ";"Pista Sul";"Colisão com veículos (traseira)";2;0;0;0;0;0;0;0;0;0;3;0;0;0;0
"10/07/2015";"15:26:00";"48";"com vítima";"124,446";"BR-393/RJ";"Pista Norte";"Tombamento";0;0;1;0;0;0;0;0;0;0;0;0;1;0;0
"11/07/2015";"02:01:00";"10";"sem vítima";"175,5";"BR-393/RJ";"Pista Norte";"Saídas de pista";1;0;0;0;0;0;0;0;0;0;1;0;0;0;0
"11/07/2015";"06:27:00";"13";"com vítima";"164,697";"BR-393/RJ";"Pista Norte";"Tombamento";0;0;1;0;0;0;0;0;0;0;1;2;0;0;0
"11/07/2015";"07:04:00";"16";"com vítima";"162";"BR-393/RJ";"Pista Norte";"Saídas de pista";1;0;0;0;0;0;0;0;0;0;0;0;3;0;0
"11/07/2015";"10:12:00";"22";"sem vítima";"178";"BR-393/RJ";"Pista Sul";"Colisão com veículos (traseira)";2;0;0;0;0;0;0;0;0;0;3;0;0;0;0
"11/07/2015";"11:31:00";"25";"com vítima";"282,718";"BR-393/RJ";"Pista Norte";"Engavetamento";3;0;0;0;0;0;0;0;0;0;2;2;0;0;0
"12/07/2015";"03:18:00";"17";"com vítima";"239,4";"BR-393/RJ";"Pista Norte";"Capotamento";1;0;0;0;0;0;0;0;0;0;0;1;0;0;0
"12/07/2015";"13:46:00";"49";"sem vítima";"282,809";"BR-393/RJ";"Pista Sul";"Colisão com veículos (traseira)";2;0;0;0;0;0;0;0;0;0;2;0;0;0;0
"14/07/2015";"08:10:00";"20";"com vítima";"146,422";"BR-393/RJ";"Pista Sul";"Colisão c/ obstáculos";0;0;1;0;0;0;0;0;0;0;0;0;0;0;1
"14/07/2015";"12:58:00";"37";"sem vítima";"284,905";"BR-393/RJ";"Pista Norte";"Colisão com veículos (traseira)";1;0;1;0;0;0;0;0;0;0;2;0;0;0;0
"15/07/2015";"02:10:00";"13";"sem vítima";"253,4";"BR-393/RJ";"Pista Norte";"Atropelamento de animais";0;0;1;0;0;0;0;0;0;0;1;0;0;0;0
"15/07/2015";"07:31:00";"24";"com vítima";"124,868";"BR-393/RJ";"Pista Norte";"Colisão c/ obstáculos";0;0;1;0;0;0;0;0;0;0;0;1;0;0;0
"16/07/2015";"10:25:00";"38";"com vítima";"218,264";"BR-393/RJ";"Pista Norte";"Saídas de pista";3;0;0;0;0;0;0;0;0;0;0;4;1;1;2
"16/07/2015";"10:44:00";"39";"sem vítima";"256,2";"BR-393/RJ";"Pista Norte";"Colisão c/ obstáculos";1;0;0;0;0;0;0;0;0;0;1;0;0;0;0
"17/07/2015";"07:03:00";"38";"com vítima";"114,866";"BR-393/RJ";"Pista Norte";"Tombamento";0;0;1;0;0;0;0;0;0;0;0;2;0;0;0
"18/07/2015";"06:42:00";"38";"com vítima";"152,08";"BR-393/RJ";"Pista Sul";"Tombamento";0;0;1;0;0;0;0;0;0;0;0;1;0;0;0
"18/07/2015";"16:04:00";"66";"sem vítima";"238,377";"BR-393/RJ";"Pista Norte";"Colisão com veículos (traseira)";2;0;0;0;0;0;0;0;0;0;2;0;0;0;0
"19/07/2015";"13:31:00";"36";"com vítima";"167,68";"BR-393/RJ";"Pista Sul";"Colisão com veículos (frontal)";2;0;0;0;0;0;0;0;0;0;1;3;0;0;0
"20/07/2015";"12:03:00";"64";"sem vítima";"252,416";"BR-393/RJ";"Pista Sul";"Colisão lateral no sentido contrário";2;0;0;0;0;0;0;0;0;0;2;0;0;0;0
"20/07/2015";"18:50:00";"114";"com vítima";"205,15";"BR-393/RJ";"Pista Sul";"Acidentes de outra natureza";0;0;0;2;0;0;0;0;0;0;0;2;0;0;0
"22/07/2015";"09:43:00";"34";"com vítima";"238,613";"BR-393/RJ";"Pista Norte";"Colisão lateral no mesmo sentido";2;0;0;0;0;0;0;0;0;0;2;3;0;0;0
"22/07/2015";"10:06:00";"37";"sem vítima";"285,62";"BR-393/RJ";"Pista Norte";"Colisão lateral no mesmo sentido";1;0;0;0;1;0;0;0;0;0;2;0;0;0;0
"23/07/2015";"18:11:00";"66";"sem vítima";"229,5";"BR-393/RJ";"Pista Norte";"Colisão c/ obstáculos";1;0;0;0;0;0;0;0;0;0;5;0;0;0;0
"24/07/2015";"09:33:00";"33";"com vítima";"265";"BR-393/RJ";"Pista Sul";"Colisão lateral no mesmo sentido";1;0;1;0;0;0;0;0;0;0;2;1;0;0;0
"25/07/2015";"08:24:00";"26";"sem vítima";"266,087";"BR-393/RJ";"Pista Norte";"Colisão lateral no sentido contrário";2;0;0;0;0;0;0;0;0;0;2;0;0;0;0
"25/07/2015";"11:48:00";"42";"com vítima";"167,479";"BR-393/RJ";"Pista Sul";"Colisão com veículos (traseira)";1;0;0;1;0;0;0;0;0;0;1;1;0;0;0
"25/07/2015";"21:34:00";"95";"com vítima";"278,863";"BR-393/RJ";"Pista Sul";"Colisão com veículos (traseira)";2;0;0;0;0;0;0;0;0;0;1;1;0;0;0
"26/07/2015";"06:48:00";"14";"sem vítima";"275,409";"BR-393/RJ";"Pista Sul";"Colisão com veículos (frontal)";2;0;0;0;0;0;0;0;0;0;3;0;0;0;0
"27/07/2015";"05:23:00";"10";"com vítima";"203,31";"BR-393/RJ";"Pista Sul";"Atropelamento de animais";1;0;0;0;0;0;0;0;0;0;0;0;1;0;0
"27/07/2015";"19:24:00";"74";"sem vítima";"172";"BR-393/RJ";"Pista Norte";"Acidentes de outra natureza";0;0;0;1;0;0;0;0;0;0;1;0;0;0;0
"28/07/2015";"09:38:00";"35";"com vítima";"125,396";"BR-393/RJ";"Pista Norte";"Colisão lateral no mesmo sentido";2;0;0;0;0;0;0;0;0;0;5;2;0;0;0
"28/07/2015";"20:50:00";"136";"com vítima";"283,428";"BR-393/RJ";"Pista Norte";"Acidentes de outra natureza";0;0;0;1;0;0;0;0;0;0;0;1;0;0;0
"29/07/2015";"12:11:00";"92";"com vítima";"169,09";"BR-393/RJ";"Pista Sul";"Colisão lateral no sentido contrário";0;0;1;1;0;0;0;0;0;0;1;0;0;1;0
"29/07/2015";"12:37:00";"96";"sem vítima";"282,906";"BR-393/RJ";"Pista Sul";"Engavetamento";3;0;0;0;1;0;0;0;0;0;4;0;0;0;0
"30/07/2015";"18:59:00";"81";"com vítima";"237,8";"BR-393/RJ";"Pista Norte";"Colisão lateral no mesmo sentido";0;0;0;1;0;0;0;0;0;1;2;0;0;1;0
"31/07/2015";"08:53:00";"30";"sem vítima";"239,62";"BR-393/RJ";"Pista Sul";"Engavetamento";4;0;0;0;0;0;0;0;0;0;8;0;0;0;0
"03/08/2015";"08:24:00";"23";"com vítima";"178,348";"BR-393/RJ";"Pista Norte";"Colisão com veículos (traseira)";2;0;0;0;0;0;0;0;0;0;1;2;0;0;0
"03/08/2015";"09:22:00";"27";"sem vítima";"285,553";"BR-393/RJ";"Pista Sul";"Colisão lateral no mesmo sentido";1;0;1;0;0;0;0;0;0;0;2;0;0;0;0
"03/08/2015";"16:13:00";"59";"com vítima";"204,832";"BR-393/RJ";"Pista Sul";"Colisão c/ obstáculos";0;0;1;0;0;0;0;0;0;0;0;0;1;0;0
"03/08/2015";"16:19:00";"60";"com vítima";"155,477";"BR-393/RJ";"Pista Norte";"Tombamento";0;0;1;0;0;0;0;0;0;0;1;1;0;0;0
"03/08/2015";"18:39:00";"69";"sem vítima";"156";"BR-393/RJ";"Pista Norte";"Acidentes de outra natureza";0;0;0;1;0;0;0;0;0;0;1;0;0;0;0
"04/08/2015";"09:40:00";"26";"sem vítima";"178,3";"BR-393/RJ";"Pista Norte";"Colisão com veículos (traseira)";1;0;1;0;0;0;0;0;0;0;2;0;0;0;0
"04/08/2015";"09:47:00";"27";"com vítima";"255";"BR-393/RJ";"Pista Norte";"Colisão lateral no mesmo sentido";1;0;0;1;0;0;0;0;0;0;1;1;0;0;0
"05/08/2015";"07:00:00";"18";"com vítima";"168";"BR-393/RJ";"Pista Norte";"Colisão c/ obstáculos";1;0;0;0;0;0;0;0;0;0;0;1;0;0;0
"05/08/2015";"07:05:00";"19";"sem vítima";"234,707";"BR-393/RJ";"Pista Sul";"Colisão lateral no sentido contrário";2;0;0;0;0;0;0;0;0;0;2;0;0;0;0
"06/08/2015";"09:13:00";"40";"sem vítima";"285,473";"BR-393/RJ";"Pista Sul";"Colisão lateral no mesmo sentido";1;0;1;0;0;0;0;0;0;0;2;0;0;0;0
"07/08/2015";"02:30:00";"7";"sem vítima";"173,455";"BR-393/RJ";"Pista Sul";"Colisão c/ obstáculos";0;0;1;0;0;0;0;0;0;0;3;0;0;0;0
"07/08/2015";"07:38:00";"25";"com vítima";"147,181";"BR-393/RJ";"Pista Norte";"Tombamento";0;0;1;0;0;0;0;0;0;0;0;0;0;1;0
"07/08/2015";"15:23:00";"37";"com vítima";"234,5";"BR-393/RJ";"Pista Norte";"Colisão com veículos (traseira)";2;0;0;0;0;0;0;0;0;0;1;1;0;0;0
"07/08/2015";"18:32:00";"46";"com vítima";"219,1";"BR-393/RJ";"Pista Sul";"Saídas de pista";1;0;0;0;0;0;0;0;0;0;0;2;0;0;0
"08/08/2015";"00:01:00";"1";"com vítima";"103,8";"BR-393/RJ";"Pista Norte";"Acidentes de outra natureza";0;0;0;1;0;0;0;0;0;0;0;1;0;0;0
"08/08/2015";"08:07:00";"25";"com vítima";"165";"BR-393/RJ";"Pista Norte";"Colisão com veículos (frontal)";0;0;2;0;0;0;0;0;0;0;0;3;0;0;0
"08/08/2015";"22:41:00";"73";"com vítima";"167,4";"BR-393/RJ";"Pista Norte";"Acidentes de outra natureza";0;0;0;1;0;0;0;0;0;0;0;1;0;0;0
"09/08/2015";"07:43:00";"22";"com vítima";"182";"BR-393/RJ";"Pista Norte";"Acidentes de outra natureza";0;0;0;1;0;0;0;0;0;0;0;1;0;0;0
"09/08/2015";"21:35:00";"96";"com vítima";"280,5";"BR-393/RJ";"Pista Sul";"Atropelamento de pedestre";1;0;0;0;0;0;0;0;0;0;1;0;0;1;0
"10/08/2015";"12:37:00";"50";"sem vítima";"178";"BR-393/RJ";"Pista Sul";"Colisão c/ obstáculos";0;0;1;0;0;0;0;0;0;0;1;0;0;0;0
"10/08/2015";"19:02:00";"82";"com vítima";"242,05";"BR-393/RJ";"Pista Sul";"Acidentes de outra natureza";0;0;0;1;0;0;0;0;0;0;0;1;0;0;0
"10/08/2015";"19:16:00";"84";"sem vítima";"132";"BR-393/RJ";"Pista Sul";"Colisão com veículos (traseira)";2;0;0;0;0;0;0;0;0;0;2;0;0;0;0
"10/08/2015";"22:55:00";"94";"com vítima";"147,22";"BR-393/RJ";"Pista Sul";"Tombamento";0;0;1;0;0;0;0;0;0;0;0;1;0;0;0
"10/08/2015";"23:04:00";"96";"com vítima";"154";"BR-393/RJ";"Pista Sul";"Acidentes de outra natureza";0;0;0;1;0;0;0;0;0;0;0;1;0;0;0
"11/08/2015";"06:58:00";"10";"sem vítima";"240,853";"BR-393/RJ";"Pista Norte";"Atropelamento de animais";1;0;0;0;0;0;0;0;0;0;1;0;0;0;0
"11/08/2015";"10:49:00";"25";"com vítima";"258,066";"BR-393/RJ";"Pista Norte";"Tombamento";0;0;1;0;0;0;0;0;0;0;0;1;0;0;0
"11/08/2015";"18:16:00";"50";"com vítima";"174,8";"BR-393/RJ";"Pista Norte";"Atropelamento de pedestre";1;1;0;0;0;0;0;0;0;0;1;1;0;0;0
"13/08/2015";"22:38:00";"128";"sem vítima";"280";"BR-393/RJ";"Pista Norte";"Colisão com veículos (traseira)";0;0;1;0;0;0;0;0;0;1;2;0;0;0;0
"13/08/2015";"22:55:00";"133";"com vítima";"201,368";"BR-393/RJ";"Pista Norte";"Tombamento";0;0;1;0;0;0;0;0;0;0;0;1;0;0;0
"14/08/2015";"10:59:00";"51";"com vítima";"171,477";"BR-393/RJ";"Pista Sul";"Colisão lateral no sentido contrário";1;0;1;0;0;0;0;0;0;0;1;1;0;0;0
"14/08/2015";"18:15:00";"93";"com vítima";"193,175";"BR-393/RJ";"Pista Sul";"Atropelamento de pedestre";0;0;1;0;0;0;0;0;0;0;0;1;0;0;1
"14/08/2015";"18:39:00";"97";"sem vítima";"285,115";"BR-393/RJ";"Pista Norte";"Colisão com veículos (traseira)";2;0;0;0;0;0;0;0;0;0;2;0;0;0;0
"15/08/2015";"05:42:00";"40";"sem vítima";"243,195";"BR-393/RJ";"Pista Norte";"Objeto lançado contra veículo";0;0;1;0;1;0;0;0;0;0;30;0;0;0;0
"15/08/2015";"18:53:00";"106";"sem vítima";"282,3";"BR-393/RJ";"Pista Norte";"Colisão com veículos (traseira)";2;0;0;0;0;0;0;0;0;0;2;0;0;0;0
"15/08/2015";"19:39:00";"111";"sem vítima";"248,1";"BR-393/RJ";"Pista Sul";"Saídas de pista";1;0;0;0;0;0;0;0;0;0;1;0;0;0;0
"16/08/2015";"22:04:00";"64";"sem vítima";"168";"BR-393/RJ";"Pista Norte";"Colisão com veículos (traseira)";2;0;0;0;0;0;0;0;0;0;3;0;0;0;0
"17/08/2015";"00:49:00";"9";"com vítima";"282,128";"BR-393/RJ";"Pista Norte";"Acidentes de outra natureza";0;0;0;1;0;0;0;0;0;0;1;1;0;0;0
"17/08/2015";"10:38:00";"47";"com vítima";"261,191";"BR-393/RJ";"Pista Sul";"Colisão c/ obstáculos";1;0;0;0;0;0;0;0;0;0;0;0;1;0;0
"17/08/2015";"12:17:00";"54";"sem vítima";"285";"BR-393/RJ";"Pista Sul";"Colisão com veículos (traseira)";1;0;1;0;0;0;0;0;0;0;2;0;0;0;0
"18/08/2015";"01:14:00";"7";"sem vítima";"239,445";"BR-393/RJ";"Pista Norte";"Acidentes de outra natureza";1;0;0;0;0;0;0;0;0;0;2;0;0;0;0
"18/08/2015";"14:25:00";"54";"com vítima";"268";"BR-393/RJ";"Pista Norte";"Colisão lateral no sentido contrário";1;0;0;1;0;0;0;0;0;0;2;2;0;0;0
"19/08/2015";"09:05:00";"53";"com vítima";"273,752";"BR-393/RJ";"Pista Sul";"Colisão lateral no mesmo sentido";1;0;0;1;0;0;0;0;0;0;1;1;0;0;0
"19/08/2015";"11:11:00";"58";"com vítima";"104,129";"BR-393/RJ";"Pista Norte";"Acidentes de outra natureza";1;0;1;1;0;0;0;0;0;0;2;1;0;0;0
"20/08/2015";"09:01:00";"25";"sem vítima";"281";"BR-393/RJ";"Pista Norte";"Colisão com veículos (traseira)";1;0;1;0;0;0;0;0;0;0;2;0;0;0;0
"20/08/2015";"19:14:00";"85";"com vítima";"177,6";"BR-393/RJ";"Pista Sul";"Colisão com veículos (frontal)";2;0;0;0;0;0;0;0;0;0;1;2;0;0;0
"21/08/2015";"17:49:00";"100";"sem vítima";"284,2";"BR-393/RJ";"Pista Sul";"Colisão lateral no mesmo sentido";1;0;1;0;0;0;0;0;0;0;2;0;0;0;0
"21/08/2015";"21:18:00";"108";"com vítima";"175,588";"BR-393/RJ";"Pista Sul";"Engavetamento";2;0;1;0;0;0;0;0;0;0;1;3;0;0;0
"22/08/2015";"04:18:00";"5";"com vítima";"248,4";"BR-393/RJ";"Pista Norte";"Acidentes de outra natureza";0;0;0;1;0;0;0;0;0;0;1;1;0;0;0
"22/08/2015";"10:44:00";"40";"sem vítima";"268";"BR-393/RJ";"Pista Norte";"Colisão lateral no mesmo sentido";1;0;0;1;0;0;0;0;0;0;2;0;0;0;0
"23/08/2015";"06:27:00";"20";"com vítima";"201,44";"BR-393/RJ";"Pista Norte";"Tombamento";0;0;1;0;0;0;0;0;0;0;0;0;0;0;1
"23/08/2015";"10:44:00";"23";"sem vítima";"236,57";"BR-393/RJ";"Pista Sul";"Colisão com veículos (traseira)";2;0;0;0;0;0;0;0;0;0;4;0;0;0;0
"23/08/2015";"20:37:00";"54";"com vítima";"152";"BR-393/RJ";"Pista Sul";"Saídas de pista";1;0;0;0;0;0;0;0;0;0;0;1;0;0;0
"23/08/2015";"22:52:00";"60";"com vítima";"216";"BR-393/RJ";"Pista Sul";"Acidentes de outra natureza";0;0;1;1;0;0;0;0;0;0;1;0;0;0;1
"24/08/2015";"00:41:00";"9";"com vítima";"279,5";"BR-393/RJ";"Pista Norte";"Colisão lateral no sentido contrário";2;0;0;0;0;0;0;0;0;0;2;1;0;0;0
"24/08/2015";"11:41:00";"48";"sem vítima";"246,5";"BR-393/RJ";"Pista Norte";"Colisão lateral no sentido contrário";2;0;0;0;0;0;0;0;0;0;2;0;0;0;0
"24/08/2015";"19:23:00";"71";"com vítima";"249,3";"BR-393/RJ";"Pista Sul";"Colisão com veículos (traseira)";2;0;0;0;0;0;0;0;0;0;2;1;0;0;0
"25/08/2015";"15:37:00";"77";"com vítima";"125";"BR-393/RJ";"Pista Norte";"Colisão com veículos (traseira)";1;0;1;0;0;0;0;0;0;0;2;1;0;0;0
"25/08/2015";"18:17:00";"91";"com vítima";"268,609";"BR-393/RJ";"Pista Norte";"Colisão lateral no sentido contrário";2;0;0;0;0;0;0;0;0;0;0;2;1;0;0
"25/08/2015";"20:07:00";"101";"sem vítima";"262,954";"BR-393/RJ";"Pista Norte";"Saídas de pista";1;0;0;0;0;0;0;0;0;0;1;0;0;0;0
"26/08/2015";"08:27:00";"40";"sem vítima";"235";"BR-393/RJ";"Pista Sul";"Colisão lateral no mesmo sentido";1;0;1;0;0;0;0;0;0;0;3;0;0;0;0
"26/08/2015";"22:03:00";"115";"sem vítima";"283,412";"BR-393/RJ";"Pista Norte";"Colisão com veículos (traseira)";2;0;0;0;0;0;0;0;0;0;3;0;0;0;0
"27/08/2015";"10:49:00";"39";"sem vítima";"285,8";"BR-393/RJ";"Pista Sul";"Colisão lateral no mesmo sentido";2;0;0;0;0;0;0;0;0;0;2;0;0;0;0
"27/08/2015";"19:33:00";"62";"com vítima";"177,7";"BR-393/RJ";"Pista Sul";"Colisão lateral no mesmo sentido";1;0;1;0;0;0;0;0;0;0;1;1;0;0;0
"28/08/2015";"07:22:00";"18";"sem vítima";"218,486";"BR-393/RJ";"Pista Sul";"Saídas de pista";1;0;0;0;0;0;0;0;0;0;1;0;0;0;0
"28/08/2015";"19:09:00";"56";"sem vítima";"281";"BR-393/RJ";"Pista Norte";"Colisão lateral no sentido contrário";1;0;1;0;0;0;0;0;0;0;2;0;0;0;0
"29/08/2015";"10:18:00";"38";"sem vítima";"285";"BR-393/RJ";"Pista Norte";"Colisão lateral no sentido contrário";2;0;0;0;0;0;0;0;0;0;2;0;0;0;0
"29/08/2015";"11:02:00";"49";"sem vítima";"285";"BR-393/RJ";"Pista Norte";"Colisão com veículos (traseira)";1;0;1;0;0;0;0;0;0;0;2;0;0;0;0
"29/08/2015";"11:04:00";"51";"sem vítima";"243";"BR-393/RJ";"Pista Norte";"Capotamento";1;0;0;0;0;0;0;0;0;0;1;0;0;0;0
"29/08/2015";"22:55:00";"100";"com vítima";"250,8";"BR-393/RJ";"Pista Sul";"Atropelamento de pedestre";1;0;0;0;0;0;0;0;0;0;1;0;0;0;1
"30/08/2015";"18:15:00";"64";"sem vítima";"155";"BR-393/RJ";"Pista Sul";"Colisão lateral no mesmo sentido";2;0;0;0;0;0;0;0;0;0;8;0;0;0;0
"30/08/2015";"18:47:00";"69";"sem vítima";"284,8";"BR-393/RJ";"Pista Sul";"Colisão lateral no mesmo sentido";1;0;1;0;0;0;0;0;0;0;2;0;0;0;0
"01/09/2015";"22:18:00";"106";"com vítima";"281,2";"BR-393/RJ";"Pista Sul";"Colisão lateral no mesmo sentido";0;1;0;0;1;0;0;0;0;0;1;1;0;0;0
"02/09/2015";"13:46:00";"64";"com vítima";"254";"BR-393/RJ";"Pista Sul";"Saídas de pista";1;0;0;0;0;0;0;0;0;0;0;1;0;0;0
"02/09/2015";"18:41:00";"89";"sem vítima";"285,514";"BR-393/RJ";"Pista Sul";"Colisão lateral no mesmo sentido";1;0;1;0;0;0;0;0;0;0;2;0;0;0;0
"04/09/2015";"10:00:00";"37";"com vítima";"172,216";"BR-393/RJ";"Pista Norte";"Tombamento";0;0;2;0;0;0;0;0;0;0;0;1;3;0;0
"04/09/2015";"17:27:00";"63";"sem vítima";"174";"BR-393/RJ";"Pista Sul";"Acidentes de outra natureza";0;0;0;1;0;0;0;0;0;0;1;0;0;0;0
"04/09/2015";"17:38:00";"65";"sem vítima";"284,4";"BR-393/RJ";"Pista Sul";"Colisão lateral no mesmo sentido";1;0;0;0;1;0;0;0;0;0;2;0;0;0;0
"04/09/2015";"18:28:00";"72";"sem vítima";"285,5";"BR-393/RJ";"Pista Norte";"Colisão com veículos (traseira)";1;0;1;0;0;0;0;0;0;0;2;0;0;0;0
"04/09/2015";"23:59:00";"99";"com vítima";"274,8";"BR-393/RJ";"Pista Norte";"Saídas de pista";1;0;0;0;0;0;0;0;0;0;2;1;0;0;0
"05/09/2015";"03:35:00";"12";"sem vítima";"141,3";"BR-393/RJ";"Pista Sul";"Saídas de pista";1;0;0;0;0;0;0;0;0;0;1;0;0;0;0
"05/09/2015";"10:57:00";"33";"sem vítima";"195,15";"BR-393/RJ";"Pista Sul";"Colisão com veículos (traseira)";2;0;0;0;0;0;0;0;0;0;7;0;0;0;0
"05/09/2015";"15:31:00";"53";"sem vítima";"155,557";"BR-393/RJ";"Pista Norte";"Saídas de pista";1;0;0;0;0;0;0;0;0;0;2;0;0;0;0
"05/09/2015";"15:36:00";"54";"com vítima";"168,764";"BR-393/RJ";"Pista Norte";"Colisão lateral no sentido contrário";2;0;0;0;0;0;0;0;0;0;0;3;0;0;0
"05/09/2015";"16:06:00";"55";"sem vítima";"153,633";"BR-393/RJ";"Pista Norte";"Acidentes de outra natureza";0;0;0;1;0;0;0;0;0;0;2;0;0;0;0
"05/09/2015";"19:21:00";"69";"sem vítima";"143";"BR-393/RJ";"Pista Norte";"Colisão lateral no sentido contrário";1;0;0;0;1;0;0;0;0;0;6;0;0;0;0
"05/09/2015";"19:32:00";"72";"sem vítima";"165";"BR-393/RJ";"Pista Sul";"Saídas de pista";1;0;0;0;0;0;0;0;0;0;2;0;0;0;0
"05/09/2015";"22:57:00";"77";"com vítima";"114,25";"BR-393/RJ";"Pista Norte";"Capotamento";1;0;0;0;0;0;0;0;0;0;0;0;1;0;0
"06/09/2015";"07:16:00";"16";"sem vítima";"266,508";"BR-393/RJ";"Pista Norte";"Colisão c/ obstáculos";1;0;0;0;0;0;0;0;0;0;1;0;0;0;0
"06/09/2015";"18:12:00";"49";"com vítima";"151,928";"BR-393/RJ";"Pista Sul";"Capotamento";0;0;1;0;0;0;0;0;0;0;0;0;0;0;1
"06/09/2015";"19:06:00";"52";"com vítima";"274,718";"BR-393/RJ";"Pista Sul";"Capotamento";1;0;0;0;0;0;0;0;0;0;0;1;0;0;0
"06/09/2015";"20:40:00";"59";"sem vítima";"251";"BR-393/RJ";"Pista Norte";"Colisão lateral no mesmo sentido";2;0;0;0;0;0;0;0;0;0;2;0;0;0;0
"07/09/2015";"11:35:00";"36";"sem vítima";"278,577";"BR-393/RJ";"Pista Sul";"Colisão com veículos (traseira)";2;0;0;0;0;0;0;0;0;0;2;0;0;0;0
"07/09/2015";"14:23:00";"48";"sem vítima";"102";"BR-393/RJ";"Pista Norte";"Colisão lateral no sentido contrário";2;0;0;0;0;0;0;0;0;0;10;0;0;0;0
"08/09/2015";"00:48:00";"2";"com vítima";"280";"BR-393/RJ";"Pista Sul";"Colisão lateral no sentido contrário";0;0;0;2;0;0;0;0;0;0;1;1;0;0;0
"08/09/2015";"05:48:00";"32";"com vítima";"175";"BR-393/RJ";"Pista Sul";"Capotamento";1;0;0;0;0;0;0;0;0;0;0;1;0;0;0
"08/09/2015";"09:33:00";"50";"sem vítima";"281";"BR-393/RJ";"Pista Sul";"Colisão lateral no mesmo sentido";2;0;0;0;0;0;0;0;0;0;2;0;0;0;0
"09/09/2015";"19:37:00";"73";"com vítima";"201,4";"BR-393/RJ";"Pista Sul";"Acidentes de outra natureza";0;0;0;1;0;0;0;0;0;0;1;1;0;0;0
"10/09/2015";"07:04:00";"17";"com vítima";"114,31";"BR-393/RJ";"Pista Norte";"Colisão c/ obstáculos";0;0;1;0;0;0;0;0;0;0;0;1;0;0;1
"10/09/2015";"11:24:00";"49";"com vítima";"181,396";"BR-393/RJ";"Pista Norte";"Capotamento";1;0;0;0;0;0;0;0;0;0;0;1;0;0;0
"11/09/2015";"11:40:00";"75";"sem vítima";"155";"BR-393/RJ";"Pista Norte";"Saídas de pista";1;0;0;0;0;0;0;0;0;0;2;0;0;0;0
"11/09/2015";"14:55:00";"107";"sem vítima";"260,769";"BR-393/RJ";"Pista Norte";"Colisão c/ obstáculos";1;0;0;0;0;0;0;0;0;0;1;0;0;0;0
"11/09/2015";"15:26:00";"111";"sem vítima";"136,487";"BR-393/RJ";"Pista Sul";"Saídas de pista";1;0;0;0;0;0;0;0;0;0;4;0;0;0;0
"11/09/2015";"18:40:00";"133";"com vítima";"218,367";"BR-393/RJ";"Pista Sul";"Tombamento";0;0;1;0;0;0;0;0;0;0;0;1;0;0;0
"14/09/2015";"11:39:00";"42";"com vítima";"105";"BR-393/RJ";"Pista Norte";"Acidentes de outra natureza";0;0;0;1;0;0;0;0;0;0;0;1;0;0;0
"14/09/2015";"17:42:00";"73";"com vítima";"279";"BR-393/RJ";"Pista Norte";"Colisão lateral no sentido contrário";1;0;1;0;0;0;0;0;0;0;1;0;0;1;0
"15/09/2015";"00:45:00";"2";"com vítima";"161,935";"BR-393/RJ";"Pista Sul";"Capotamento";0;0;1;0;0;0;0;0;0;0;0;1;0;0;0
"15/09/2015";"03:22:00";"13";"sem vítima";"279,075";"BR-393/RJ";"Pista Sul";"Saídas de pista";0;0;1;0;0;0;0;0;0;0;1;0;0;0;0