data;horario;n_da_ocorrencia;tipo_de_ocorrencia;km;trecho;sentido;tipo_de_acidente;automovel;bicicleta;caminhao;moto;onibus;outros;tracao_animal;transporte_de_cargas_especiais;trator_maquinas;utilitarios;ilesos;levemente_feridos;moderadamente_feridos;gravemente_feridos;mortos
"21/11/2015";"14:33:00";"43";"com vítima";"238,641";"BR-393/RJ";"Pista Norte";"Colisão lateral no sentido contrário";2;0;0;0;0;0;0;0;0;0;0;6;0;0;0
"21/11/2015";"16:54:00";"51";"com vítima";"131,461";"BR-393/RJ";"Pista Norte";"Tombamento";0;0;1;0;0;0;0;0;0;0;0;0;0;1;0
"22/11/2015";"03:17:00";"16";"com vítima";"260,451";"BR-393/RJ";"Pista Norte";"Saídas de pista";1;0;0;0;0;0;0;0;0;0;0;1;0;0;0
"22/11/2015";"10:19:00";"34";"sem vítima";"236,377";"BR-393/RJ";"Pista Sul";"Colisão lateral no mesmo sentido";1;0;0;0;1;0;0;0;0;0;36;0;0;0;0
"22/11/2015";"11:32:00";"37";"com vítima";"3,015";"Alça Sul";"Pista Sul";"Colisão com veículos (frontal)";1;0;0;1;0;0;0;0;0;0;0;2;0;0;0
"22/11/2015";"17:12:00";"59";"com vítima";"281,251";"BR-393/RJ";"Pista Norte";"Colisão com veículos (traseira)";2;0;0;0;0;0;0;0;0;0;2;1;0;0;0
"22/11/2015";"18:41:00";"74";"com vítima";"151,9";"BR-393/RJ";"Pista Sul";"Tombamento";0;0;1;0;0;0;0;0;0;0;0;1;0;0;0
"23/11/2015";"08:02:00";"23";"com vítima";"222,639";"BR-393/RJ";"Pista Sul";"Colisão lateral no sentido contrário";0;0;1;1;0;0;0;0;0;0;1;1;0;0;0
"23/11/2015";"10:30:00";"32";"com vítima";"206,243";"BR-393/RJ";"Pista Norte";"Colisão c/ obstáculos";1;0;0;0;0;0;0;0;0;0;0;1;0;0;0
"23/11/2015";"16:24:00";"51";"sem vítima";"134,88";"BR-393/RJ";"Pista Norte";"Saídas de pista";1;0;0;0;0;0;0;0;0;0;2;0;0;0;0
"23/11/2015";"18:10:00";"56";"com vítima";"266,8";"BR-393/RJ";"Pista Norte";"Saídas de pista";1;0;0;0;0;0;0;0;0;0;0;1;0;0;0
"23/11/2015";"19:27:00";"60";"com vítima";"281";"BR-393/RJ";"Pista Sul";"Colisão lateral no mesmo sentido";2;0;0;0;0;0;0;0;0;0;1;2;0;0;0
"23/11/2015";"22:44:00";"65";"com vítima";"134";"BR-393/RJ";"Pista Norte";"Atropelamento de animais";1;0;0;0;0;0;0;0;0;0;1;1;0;0;0
"24/11/2015";"21:15:00";"66";"com vítima";"232,7";"BR-393/RJ";"Pista Sul";"Colisão lateral no sentido contrário";2;0;0;0;0;0;0;0;0;0;2;1;0;0;0
"25/11/2015";"06:34:00";"11";"com vítima";"138,229";"BR-393/RJ";"Pista Sul";"Capotamento";0;0;1;0;0;0;0;0;0;0;0;1;0;0;0
"25/11/2015";"09:12:00";"23";"sem vítima";"165,839";"BR-393/RJ";"Pista Sul";"Colisão lateral no sentido contrário";2;0;0;0;0;0;0;0;0;0;5;0;0;0;0
"26/11/2015";"06:53:00";"25";"com vítima";"283,235";"BR-393/RJ";"Pista Sul";"Colisão com veículos (traseira)";2;0;0;0;0;0;0;0;0;0;1;1;0;0;0
"28/11/2015";"06:41:00";"15";"sem vítima";"181,415";"BR-393/RJ";"Pista Norte";"Saídas de pista";1;0;0;0;0;0;0;0;0;0;1;0;0;0;0
"28/11/2015";"12:40:00";"38";"sem vítima";"250,471";"BR-393/RJ";"Pista Norte";"Colisão lateral no sentido contrário";2;0;0;0;0;0;0;0;0;0;4;0;0;0;0
"29/11/2015";"19:16:00";"68";"com vítima";"181,601";"BR-393/RJ";"Pista Norte";"Acidentes de outra natureza";0;0;0;1;0;0;0;0;0;0;0;1;0;0;0
"29/11/2015";"23:00:00";"85";"com vítima";"284,431";"BR-393/RJ";"Pista Norte";"Colisão com veículos (traseira)";2;0;0;0;0;0;0;0;0;0;3;1;0;0;0
"30/11/2015";"12:37:00";"97";"com vítima";"282,234";"BR-393/RJ";"Pista Norte";"Acidentes de outra natureza";0;1;0;0;0;0;0;0;0;0;0;1;0;0;0
"30/11/2015";"17:21:00";"119";"com vítima";"252,475";"BR-393/RJ";"Pista Norte";"Colisão lateral no sentido contrário";2;0;0;0;0;0;0;0;0;0;5;1;0;0;0
"30/11/2015";"18:06:00";"123";"sem vítima";"280,198";"BR-393/RJ";"Pista Sul";"Colisão com veículos (frontal)";2;0;0;0;0;0;0;0;0;0;2;0;0;0;0
"30/11/2015";"18:46:00";"124";"sem vítima";"106,4";"BR-393/RJ";"Pista Norte";"Colisão lateral no mesmo sentido";1;0;1;0;0;0;0;0;0;0;3;0;0;0;0
"01/12/2015";"08:20:00";"54";"com vítima";"124,439";"BR-393/RJ";"Pista Norte";"Acidentes de outra natureza";0;0;0;1;0;0;0;0;0;0;0;1;0;0;0
"01/12/2015";"11:18:00";"68";"com vítima";"281,097";"BR-393/RJ";"Pista Norte";"Colisão lateral no sentido contrário";1;0;0;1;0;0;0;0;0;0;1;1;0;0;0
"03/12/2015";"07:00:00";"15";"com vítima";"188,845";"BR-393/RJ";"Pista Norte";"Capotamento";1;0;0;0;0;0;0;0;0;0;0;2;0;0;0
"05/12/2015";"02:10:00";"1";"sem vítima";"285,03";"BR-393/RJ";"Pista Norte";"Saídas de pista";1;0;0;0;0;0;0;0;0;0;1;0;0;0;0
"05/12/2015";"14:10:00";"40";"com vítima";"281";"BR-393/RJ";"Pista Norte";"Colisão lateral no sentido contrário";1;0;0;1;0;0;0;0;0;0;3;1;0;0;0
"05/12/2015";"18:26:00";"47";"sem vítima";"232,8";"BR-393/RJ";"Pista Sul";"Colisão lateral no sentido contrário";2;0;0;0;0;0;0;0;0;0;5;0;0;0;0
"06/12/2015";"13:54:00";"37";"com vítima";"285";"BR-393/RJ";"Pista Norte";"Colisão com veículos (traseira)";1;0;0;1;0;0;0;0;0;0;0;3;0;0;0
"06/12/2015";"14:36:00";"38";"sem vítima";"265";"BR-393/RJ";"Pista Norte";"Colisão com veículos (traseira)";0;0;2;0;0;0;0;0;0;0;2;0;0;0;0
"06/12/2015";"22:00:00";"65";"sem vítima";"286";"BR-393/RJ";"Pista Sul";"Colisão c/ obstáculos";1;0;0;0;1;0;0;0;0;0;37;0;0;0;0
"07/12/2015";"00:27:00";"1";"com vítima";"190";"BR-393/RJ";"Pista Norte";"Colisão lateral no sentido contrário";1;0;0;0;1;0;0;0;0;0;1;4;0;0;0
"07/12/2015";"01:08:00";"4";"com vítima";"165,7";"BR-393/RJ";"Pista Norte";"Capotamento";1;0;0;0;0;0;0;0;0;0;0;4;0;0;0
"07/12/2015";"07:17:00";"24";"com vítima";"283,3";"BR-393/RJ";"Pista Norte";"Colisão com veículos (traseira)";2;0;0;0;0;0;0;0;0;0;1;1;0;0;0
"10/12/2015";"15:49:00";"44";"com vítima";"128";"BR-393/RJ";"Pista Norte";"Saídas de pista";1;0;0;0;0;0;0;0;0;0;0;1;0;0;0
"11/12/2015";"01:02:00";"5";"com vítima";"210,7";"BR-393/RJ";"Pista Sul";"Atropelamento de animais";1;0;0;0;0;0;0;0;0;0;0;1;0;0;0
"11/12/2015";"14:38:00";"53";"sem vítima";"182";"BR-393/RJ";"Pista Norte";"Colisão com veículos (traseira)";1;0;1;0;0;0;0;0;0;0;3;0;0;0;0
"11/12/2015";"18:21:00";"69";"com vítima";"123,141";"BR-393/RJ";"Pista Norte";"Saida de Pista";1;0;0;0;0;0;0;0;0;0;2;1;0;0;0
"11/12/2015";"19:20:00";"74";"sem vítima";"141,077";"BR-393/RJ";"Pista Sul";"Acidentes de outra natureza";0;1;0;0;0;0;0;0;0;0;1;0;0;0;0
"11/12/2015";"21:12:00";"89";"sem vítima";"286";"BR-393/RJ";"Pista Sul";"Engavetamento";3;0;0;0;0;0;0;0;0;0;3;0;0;0;0
"12/12/2015";"00:41:00";"13";"sem vítima";"102,3";"BR-393/RJ";"Pista Sul";"Colisão lateral no sentido contrário";1;0;1;0;0;0;0;0;0;0;2;0;0;0;0
"12/12/2015";"01:11:00";"14";"sem vítima";"242,465";"BR-393/RJ";"Pista Norte";"Acidentes de outra natureza";0;0;1;0;0;0;0;0;0;0;1;0;0;0;0
"12/12/2015";"02:17:00";"27";"sem vítima";"2,5";"Alça Sul";"Pista Sul";"Atropelamento de animais";1;0;0;0;0;0;0;0;0;0;1;0;0;0;0
"12/12/2015";"09:05:00";"52";"sem vítima";"281,519";"BR-393/RJ";"Pista Norte";"Engavetamento";3;0;0;0;0;0;0;0;0;0;4;0;0;0;0
"12/12/2015";"18:38:00";"87";"com vítima";"261,326";"BR-393/RJ";"Pista Norte";"Colisão c/ obstáculos";1;0;0;0;0;0;0;0;0;0;0;3;1;0;0
"12/12/2015";"21:18:00";"101";"com vítima";"179,322";"BR-393/RJ";"Pista Norte";"Acidentes de outra natureza";0;1;0;0;0;0;0;0;0;0;0;0;1;0;0
"12/12/2015";"23:28:00";"109";"com vítima";"179,73";"BR-393/RJ";"Pista Norte";"Colisão lateral no sentido contrário";2;0;1;0;0;0;0;0;0;0;1;4;0;0;0
"13/12/2015";"04:38:00";"17";"com vítima";"243,8";"BR-393/RJ";"Pista Norte";"Colisão c/ obstáculos";1;0;0;0;0;0;0;0;0;0;0;2;0;0;0
"13/12/2015";"05:00:00";"19";"com vítima";"256,04";"BR-393/RJ";"Pista Norte";"Saídas de pista";1;0;0;0;0;0;0;0;0;0;0;1;0;0;0
"13/12/2015";"19:06:00";"48";"sem vítima";"122,921";"BR-393/RJ";"Pista Sul";"Tombamento";0;0;1;0;0;0;0;0;0;0;1;0;0;0;0
"13/12/2015";"20:22:00";"58";"com vítima";"286";"BR-393/RJ";"Pista Norte";"Colisão com veículos (traseira)";2;0;0;0;0;0;0;0;0;0;2;1;0;0;0
"13/12/2015";"22:14:00";"72";"sem vítima";"284,2";"BR-393/RJ";"Pista Sul";"Colisão com veículos (traseira)";1;0;0;1;0;0;0;0;0;0;2;0;0;0;0
"13/12/2015";"22:20:00";"73";"sem vítima";"134";"BR-393/RJ";"Pista Sul";"Saídas de pista";0;0;0;0;0;0;0;0;0;1;1;0;0;0;0
"14/12/2015";"01:23:00";"3";"com vítima";"119";"BR-393/RJ";"Pista Sul";"Saídas de pista";1;0;0;0;0;0;0;0;0;0;0;2;0;0;0
"14/12/2015";"15:09:00";"53";"com vítima";"278,898";"BR-393/RJ";"Pista Sul";"Engavetamento";2;0;1;0;0;0;0;0;0;0;2;2;0;0;0
"14/12/2015";"19:09:00";"63";"com vítima";"284,2";"BR-393/RJ";"Pista Norte";"Atropelamento de pedestre";1;1;0;0;0;0;0;0;0;0;1;0;0;1;0
"15/12/2015";"15:05:00";"41";"sem vítima";"273";"BR-393/RJ";"Pista Norte";"Saídas de pista";0;0;1;0;0;0;0;0;0;0;1;0;0;0;0
"15/12/2015";"23:31:00";"85";"sem vítima";"285,2";"BR-393/RJ";"Pista Norte";"Acidentes de outra natureza";0;0;0;1;0;0;0;0;0;0;1;0;0;0;0
"17/12/2015";"05:54:00";"30";"com vítima";"171,175";"BR-393/RJ";"Pista Sul";"Colisão com veículos (frontal)";1;0;1;0;0;0;0;0;0;0;1;3;0;0;0
"17/12/2015";"09:25:00";"33";"sem vítima";"284,252";"BR-393/RJ";"Pista Norte";"Colisão lateral no sentido contrário";2;0;0;0;0;0;0;0;0;0;3;0;0;0;0
"17/12/2015";"21:03:00";"77";"sem vítima";"142,5";"BR-393/RJ";"Pista Sul";"Colisão com veículos (traseira)";2;0;0;0;0;0;0;0;0;0;3;0;0;0;0
"18/12/2015";"15:19:00";"35";"sem vítima";"283,406";"BR-393/RJ";"Pista Norte";"Colisão com veículos (traseira)";2;0;0;0;0;0;0;0;0;0;2;0;0;0;0
"18/12/2015";"17:47:00";"45";"sem vítima";"187,05";"BR-393/RJ";"Pista Norte";"Colisão lateral no mesmo sentido";1;0;1;0;0;0;0;0;0;0;4;0;0;0;0
"18/12/2015";"20:02:00";"50";"com vítima";"180,7";"BR-393/RJ";"Pista Norte";"Atropelamento de pedestre";0;1;0;1;0;0;0;0;0;0;0;1;1;0;0
"19/12/2015";"04:24:00";"18";"sem vítima";"139,2";"BR-393/RJ";"Pista Norte";"Saídas de pista";1;0;0;0;0;0;0;0;0;0;5;0;0;0;0
"19/12/2015";"05:44:00";"20";"sem vítima";"1,937";"Alça Sul";"Pista Norte";"Atropelamento de animais";1;0;0;0;0;0;0;0;0;0;1;0;0;0;0
"19/12/2015";"12:12:00";"54";"sem vítima";"285";"BR-393/RJ";"Pista Norte";"Engavetamento";3;0;0;0;0;0;0;0;0;0;5;0;0;0;0
"19/12/2015";"15:09:00";"64";"sem vítima";"277";"BR-393/RJ";"Pista Norte";"Engavetamento";2;0;1;0;0;0;0;0;0;0;7;0;0;0;0
"19/12/2015";"18:03:00";"89";"sem vítima";"280,15";"BR-393/RJ";"Pista Norte";"Colisão com veículos (traseira)";2;0;0;0;0;0;0;0;0;0;2;0;0;0;0
"20/12/2015";"05:19:00";"22";"sem vítima";"285,12";"BR-393/RJ";"Pista Norte";"Colisão com veículos (traseira)";2;0;0;0;0;0;0;0;0;0;2;0;0;0;0
"20/12/2015";"11:26:00";"41";"sem vítima";"285";"BR-393/RJ";"Pista Norte";"Engavetamento";3;0;0;0;0;0;0;0;0;0;3;0;0;0;0
"20/12/2015";"15:59:00";"57";"com vítima";"238,608";"BR-393/RJ";"Pista Norte";"Colisão lateral no sentido contrário";2;0;0;0;0;0;0;0;0;0;3;2;0;0;0
"20/12/2015";"19:04:00";"68";"sem vítima";"283,3";"BR-393/RJ";"Pista Norte";"Colisão com veículos (traseira)";2;0;0;0;0;0;0;0;0;0;2;0;0;0;0
"20/12/2015";"19:27:00";"69";"sem vítima";"285,3";"BR-393/RJ";"Pista Norte";"Colisão lateral no mesmo sentido";1;0;0;0;1;0;0;0;0;0;2;0;0;0;0
"21/12/2015";"16:43:00";"52";"com vítima";"233";"BR-393/RJ";"Pista Sul";"Colisão lateral no mesmo sentido";1;0;1;0;0;0;0;0;0;0;1;1;0;0;0
"22/12/2015";"14:17:00";"51";"com vítima";"226,134";"BR-393/RJ";"Pista Sul";"Colisão com veículos (frontal)";4;0;1;0;0;0;0;0;0;0;2;3;1;2;2
"23/12/2015";"21:04:00";"95";"com vítima";"197";"BR-393/RJ";"Pista Norte";"Colisão lateral no sentido contrário";0;0;1;0;0;0;0;0;0;1;2;2;0;0;0
"24/12/2015";"10:05:00";"50";"sem vítima";"175";"BR-393/RJ";"Pista Sul";"Colisão com veículos (traseira)";1;0;1;0;0;0;0;0;0;0;2;0;0;0;0
"24/12/2015";"15:02:00";"79";"com vítima";"237,105";"BR-393/RJ";"Pista Sul";"Colisão com veículos (traseira)";2;0;0;0;0;0;0;0;0;0;1;1;0;0;0
"24/12/2015";"17:30:00";"100";"com vítima";"225,351";"BR-393/RJ";"Pista Norte";"Acidentes de outra natureza";0;0;0;1;0;0;0;0;0;0;0;0;2;0;0
"24/12/2015";"18:06:00";"103";"sem vítima";"284";"BR-393/RJ";"Pista Norte";"Engavetamento";3;0;0;0;1;0;0;0;0;0;4;0;0;0;0
"25/12/2015";"11:19:00";"23";"com vítima";"105,948";"BR-393/RJ";"Pista Norte";"Colisão lateral no mesmo sentido";1;0;0;0;1;0;0;0;0;0;1;1;0;0;0
"25/12/2015";"17:22:00";"36";"sem vítima";"181,692";"BR-393/RJ";"Pista Norte";"Saídas de pista";1;0;0;0;0;0;0;0;0;0;1;0;0;0;0
"25/12/2015";"19:12:00";"40";"com vítima";"259,9";"BR-393/RJ";"Pista Norte";"Colisão com veículos (frontal)";3;0;0;0;0;0;0;0;0;0;2;2;0;0;0
"25/12/2015";"20:51:00";"46";"sem vítima";"281";"BR-393/RJ";"Pista Sul";"Saídas de pista";1;0;0;0;0;0;0;0;0;0;1;0;0;0;0
"26/12/2015";"06:47:00";"13";"com vítima";"170,713";"BR-393/RJ";"Pista Norte";"Saídas de pista";1;0;0;0;0;0;0;0;0;0;0;1;0;0;0
"26/12/2015";"07:34:00";"14";"com vítima";"283,051";"BR-393/RJ";"Pista Sul";"Colisão lateral no mesmo sentido";1;1;0;0;0;0;0;0;0;0;0;2;0;0;0
"26/12/2015";"18:02:00";"36";"sem vítima";"282,4";"BR-393/RJ";"Pista Sul";"Engavetamento";3;0;0;0;0;0;0;0;0;0;4;0;0;0;0
"28/12/2015";"01:06:00";"10";"com vítima";"251";"BR-393/RJ";"Pista Norte";"Colisão com veículos (frontal)";1;0;0;1;0;0;0;0;0;0;1;1;0;0;0
"28/12/2015";"14:22:00";"65";"com vítima";"105,9";"BR-393/RJ";"Pista Norte";"Colisão com veículos (traseira)";2;0;0;0;0;0;0;0;0;0;2;1;1;0;0
"28/12/2015";"17:21:00";"73";"com vítima";"183";"BR-393/RJ";"Pista Norte";"Atropelamento de pedestre";1;1;0;0;0;0;0;0;0;0;0;1;1;0;0
"29/12/2015";"07:29:00";"21";"sem vítima";"106,8";"BR-393/RJ";"Pista Norte";"Colisão lateral no sentido contrário";2;0;0;0;0;0;0;0;0;0;4;0;0;0;0
"29/12/2015";"08:33:00";"23";"com vítima";"106,8";"BR-393/RJ";"Pista Sul";"Atropelamento de pedestre";1;0;0;0;0;0;0;0;0;0;1;0;1;0;0
"29/12/2015";"12:46:00";"33";"com vítima";"160";"BR-393/RJ";"Pista Sul";"Saida de Pista";1;0;0;0;0;0;0;0;0;0;0;1;0;0;0
"30/12/2015";"11:03:00";"28";"com vítima";"232,865";"BR-393/RJ";"Pista Sul";"Abalroamento Mesmo Sentido ";2;0;0;0;0;0;0;0;0;0;5;0;1;0;0
"30/12/2015";"16:04:00";"48";"com vítima";"180,512";"BR-393/RJ";"Pista Norte";"Colisão com veículos (traseira)";0;0;0;2;0;0;0;0;0;0;1;1;0;0;0
"31/12/2015";"06:46:00";"16";"sem vítima";"122,378";"BR-393/RJ";"Pista Sul";"Colisão c/ obstáculos";0;0;1;0;0;0;0;0;0;0;1;0;0;0;0
"31/12/2015";"08:48:00";"20";"sem vítima";"286";"BR-393/RJ";"Pista Sul";"Colisão com veículos (traseira)";2;0;0;0;0;0;0;0;0;0;3;0;0;0;0
"01/01/2016";"05:48:00";"14";"com vítima";"182,39";"BR-393/RJ";"Pista Sul";"Saídas de pista";1;0;0;0;0;0;0;0;0;0;0;1;0;0;0
"01/01/2016";"15:14:00";"34";"com vítima";"222";"BR-393/RJ";"Pista Norte";"Saídas de pista";1;0;0;0;0;0;0;0;0;0;3;1;0;0;0
"01/01/2016";"16:09:00";"35";"com vítima";"265,349";"BR-393/RJ";"Pista Sul";"Colisão c/ obstáculos";1;0;0;0;0;0;0;0;0;0;1;1;0;0;0
"02/01/2016";"15:32:00";"39";"sem vítima";"169";"BR-393/RJ";"Pista Norte";"Saida de Pista";1;0;0;0;0;0;0;0;0;0;1;0;0;0;0
"02/01/2016";"15:37:00";"41";"com vítima";"163";"BR-393/RJ";"Pista Norte";"Saídas de pista";1;0;0;0;0;0;0;0;0;0;3;1;0;0;0
"02/01/2016";"17:00:00";"47";"com vítima";"151,9";"BR-393/RJ";"Pista Norte";"Saídas de pista";1;0;0;0;0;0;0;0;0;0;2;1;0;0;0
"02/01/2016";"20:08:00";"59";"sem vítima";"242,5";"BR-393/RJ";"Pista Sul";"Tombamento";0;0;1;0;0;0;0;0;0;0;1;0;0;0;0
"02/01/2016";"23:26:00";"65";"sem vítima";"146";"BR-393/RJ";"Pista Sul";"Saídas de pista";0;0;1;0;0;0;0;0;0;0;1;0;0;0;0
"03/01/2016";"01:45:00";"1";"sem vítima";"229";"BR-393/RJ";"Pista Norte";"Colisão com veículos (frontal)";1;0;0;0;1;0;0;0;0;0;2;0;0;0;0
"03/01/2016";"09:18:00";"15";"com vítima";"172,217";"BR-393/RJ";"Pista Norte";"Colisão lateral no sentido contrário";2;0;0;0;0;0;0;0;0;0;0;2;0;0;0
"03/01/2016";"12:33:00";"31";"com vítima";"230,934";"BR-393/RJ";"Pista Norte";"Colisão com veículos (frontal)";2;0;0;0;0;0;0;0;0;0;0;3;2;2;1
"04/01/2016";"04:22:00";"12";"com vítima";"211";"BR-393/RJ";"Pista Sul";"Atropelamento - Animal";1;0;0;0;0;0;0;0;0;0;0;1;0;0;0
"04/01/2016";"17:45:00";"75";"com vítima";"167,4";"BR-393/RJ";"Pista Sul";"Colisão com veículos (traseira)";0;0;0;1;0;0;0;0;0;1;1;0;1;0;0
"04/01/2016";"18:36:00";"76";"com vítima";"168,8";"BR-393/RJ";"Pista Norte";"Colisão lateral no sentido contrário";1;0;0;1;0;0;0;0;0;0;1;1;0;0;0
"05/01/2016";"00:03:00";"1";"com vítima";"177,7";"BR-393/RJ";"Pista Norte";"Colisão lateral no mesmo sentido";1;0;0;0;0;0;0;0;0;1;0;2;0;0;0
"05/01/2016";"01:14:00";"12";"com vítima";"278,25";"BR-393/RJ";"Pista Sul";"Colisão c/ obstáculos";1;0;0;0;0;0;0;0;0;0;2;1;0;0;0
"05/01/2016";"07:48:00";"28";"sem vítima";"238";"BR-393/RJ";"Pista Norte";"Colisão lateral no sentido contrário";2;0;0;0;0;0;0;0;0;0;3;0;0;0;0
"05/01/2016";"12:09:00";"49";"com vítima";"238,938";"BR-393/RJ";"Pista Norte";"Colisão lateral no sentido contrário";2;0;0;0;0;0;0;0;0;0;1;2;0;0;0
"05/01/2016";"23:24:00";"105";"com vítima";"151,8";"BR-393/RJ";"Pista Sul";"Tombamento";0;0;1;0;0;0;0;0;0;0;0;1;0;0;0
"06/01/2016";"15:14:00";"58";"sem vítima";"285";"BR-393/RJ";"Pista Sul";"Colisão com veículos (traseira)";3;0;0;0;0;0;0;0;0;0;3;0;0;0;0
"07/01/2016";"07:17:00";"17";"com vítima";"143,298";"BR-393/RJ";"Pista Sul";"Colisão c/ obstáculos";1;0;1;0;0;0;0;0;0;0;1;3;1;0;0
"07/01/2016";"12:50:00";"34";"com vítima";"270,593";"BR-393/RJ";"Pista Sul";"Colisão com veículos (frontal)";4;0;0;0;0;0;0;0;0;0;2;3;2;1;0
"08/01/2016";"07:54:00";"18";"com vítima";"278";"BR-393/RJ";"Pista Sul";"Atropelamento - Pedestre";0;1;0;0;0;0;0;0;0;0;1;1;0;0;0
"08/01/2016";"09:30:00";"31";"sem vítima";"280,186";"BR-393/RJ";"Pista Norte";"Colisão lateral no sentido contrário";2;0;0;0;0;0;0;0;0;0;2;0;0;0;0
"08/01/2016";"11:08:00";"41";"com vítima";"179";"BR-393/RJ";"Pista Norte";"Colisão com veículos (traseira)";2;0;0;0;0;0;0;0;0;0;0;4;0;0;0
"08/01/2016";"17:46:00";"72";"com vítima";"155";"BR-393/RJ";"Pista Norte";"Tombamento";0;0;1;0;0;0;0;0;0;0;0;1;0;0;0
"09/01/2016";"01:44:00";"17";"com vítima";"248,912";"BR-393/RJ";"Pista Sul";"Colisão com veículos (frontal)";0;0;1;1;0;0;0;0;0;0;1;0;0;0;2
"09/01/2016";"17:38:00";"76";"sem vítima";"286";"BR-393/RJ";"Pista Sul";"Engavetamento";3;0;0;0;0;0;0;0;0;0;3;0;0;0;0
"10/01/2016";"04:57:00";"23";"com vítima";"102";"BR-393/RJ";"Pista Norte";"Acidente - Outra Natureza";0;0;0;1;0;0;0;0;0;0;0;0;2;0;0
"10/01/2016";"04:58:00";"24";"sem vítima";"254,848";"BR-393/RJ";"Pista Sul";"Saídas de pista";1;0;0;0;0;0;0;0;0;0;4;0;0;0;0
"10/01/2016";"12:04:00";"41";"com vítima";"265,206";"BR-393/RJ";"Pista Norte";"Colisão lateral no sentido contrário";0;0;2;0;0;0;0;0;0;0;1;1;0;0;0
"10/01/2016";"14:52:00";"48";"com vítima";"155,589";"BR-393/RJ";"Pista Norte";"Colisão com veículos (traseira)";2;0;0;0;0;0;0;0;0;0;5;1;0;0;0
"10/01/2016";"18:05:00";"64";"com vítima";"267,2";"BR-393/RJ";"Pista Sul";"Capotamento";1;0;0;0;0;0;0;0;0;0;2;2;0;0;0
"10/01/2016";"21:17:00";"75";"sem vítima";"284,3";"BR-393/RJ";"Pista Sul";"Saídas de pista";1;0;0;0;0;0;0;0;0;0;1;0;0;0;0
"11/01/2016";"18:49:00";"44";"com vítima";"136,4";"BR-393/RJ";"Pista Sul";"Saídas de pista";1;0;0;0;0;0;0;0;0;0;0;2;0;0;0
"12/01/2016";"08:11:00";"23";"com vítima";"263,23";"BR-393/RJ";"Pista Sul";"Colisão lateral no sentido contrário";1;0;0;0;1;0;0;0;0;0;2;2;0;0;0
"13/01/2016";"14:41:00";"47";"com vítima";"284,787";"BR-393/RJ";"Pista Sul";"Colisão com veículos (traseira)";2;0;0;0;0;0;0;0;0;0;2;1;0;0;0
"13/01/2016";"17:05:00";"57";"sem vítima";"266";"BR-393/RJ";"Pista Sul";"Colisão c/ obstáculos";0;0;1;0;0;0;0;0;0;0;1;0;0;0;0
"13/01/2016";"17:39:00";"59";"sem vítima";"199,5";"BR-393/RJ";"Pista Norte";"Saídas de pista";1;0;0;0;0;0;0;0;0;0;3;0;0;0;0
"14/01/2016";"06:09:00";"21";"com vítima";"226,859";"BR-393/RJ";"Pista Sul";"Saídas de pista";1;0;0;0;0;0;0;0;0;0;0;2;0;0;0
"14/01/2016";"09:09:00";"29";"sem vítima";"275,396";"BR-393/RJ";"Pista Norte";"Colisão com veículos (frontal)";4;0;0;0;0;0;0;0;0;0;4;0;0;0;0
"15/01/2016";"14:37:00";"39";"com vítima";"1";"BR-393/RJ";"Pista Sul";"Colisão c/ obstáculos";1;0;0;0;0;0;0;0;0;0;0;2;0;0;0
"16/01/2016";"07:27:00";"34";"com vítima";"189";"BR-393/RJ";"Pista Norte";"Saídas de pista";1;0;0;0;0;0;0;0;0;0;0;1;0;0;0
"16/01/2016";"19:52:00";"76";"sem vítima";"286";"BR-393/RJ";"Pista Norte";"Colisão lateral no sentido contrário";2;0;0;0;0;0;0;0;0;0;2;0;0;0;0
"17/01/2016";"20:57:00";"53";"com vítima";"284,4";"BR-393/RJ";"Pista Norte";"Engavetamento";3;0;0;0;0;0;0;0;0;0;2;1;0;0;0
"18/01/2016";"18:54:00";"79";"sem vítima";"243,534";"BR-393/RJ";"Pista Sul";"Colisão c/ obstáculos";0;0;1;0;0;0;0;0;0;0;1;0;0;0;0
"19/01/2016";"07:14:00";"24";"com vítima";"176,978";"BR-393/RJ";"Pista Sul";"Colisão lateral no sentido contrário";0;0;1;0;1;0;0;0;0;0;56;3;0;0;0
"20/01/2016";"10:18:00";"25";"com vítima";"164,85";"BR-393/RJ";"Pista Norte";"Tombamento";0;0;1;0;0;0;0;0;0;0;0;1;0;0;0
"21/01/2016";"11:51:00";"44";"com vítima";"164,938";"BR-393/RJ";"Pista Sul";"Colisão c/ obstáculos";1;0;0;0;0;0;0;0;0;0;0;3;1;0;1
"23/01/2016";"14:16:00";"39";"sem vítima";"257";"BR-393/RJ";"Pista Sul";"Colisão lateral no mesmo sentido";2;0;0;0;0;0;0;0;0;0;2;0;0;0;0