data;horario;n_da_ocorrencia;tipo_de_ocorrencia;km;trecho;sentido;tipo_de_acidente;automovel;bicicleta;caminhao;moto;onibus;outros;tracao_animal;transporte_de_cargas_especiais;trator_maquinas;utilitarios;ilesos;levemente_feridos;moderadamente_feridos;gravemente_feridos;mortos
"07/01/2017";"21:09:00";"69";"sem vítima";"284,3";"BR-393/RJ";"Pista Norte";"Colisão com veículos (traseira)";2;0;0;0;0;0;0;0;0;0;2;0;0;0;0
"07/01/2017";"22:58:00";"71";"com vítima";"283";"BR-393/RJ";"Pista Norte";"Colisão lateral no sentido contrário";1;0;0;1;0;0;0;0;0;0;1;1;0;0;0
"08/01/2017";"00:28:00";"2";"sem vítima";"254,5";"BR-393/RJ";"Pista Norte";"Choque - Defensa, barreira ou "submarino"";1;0;0;0;0;0;0;0;0;0;1;0;0;0;0
"08/01/2017";"03:46:00";"18";"sem vítima";"139,6";"BR-393/RJ";"Pista Norte";"Colisão c/ obstáculos";1;0;0;0;0;0;0;0;0;0;1;0;0;0;0
"08/01/2017";"13:05:00";"40";"com vítima";"280";"BR-393/RJ";"Pista Sul";"Colisão lateral no sentido contrário";0;0;1;1;0;0;0;0;0;0;1;2;0;0;0
"08/01/2017";"15:57:00";"47";"com vítima";"267,5";"BR-393/RJ";"Pista Norte";"Tombamento";1;0;0;0;0;0;0;0;0;0;0;1;0;0;0
"08/01/2017";"19:40:00";"59";"sem vítima";"163";"BR-393/RJ";"Pista Norte";"Tombamento";0;0;1;0;0;0;0;0;0;0;1;0;0;0;0
"09/01/2017";"02:29:00";"1";"sem vítima";"240";"BR-393/RJ";"Pista Norte";"Saídas de pista";1;0;0;0;0;0;0;0;0;0;2;0;0;0;0
"09/01/2017";"15:48:00";"46";"com vítima";"260";"BR-393/RJ";"Pista Norte";"Colisão c/ obstáculos";1;0;0;0;0;0;0;0;0;0;0;0;1;0;0
"10/01/2017";"13:31:00";"48";"sem vítima";"279";"BR-393/RJ";"Pista Norte";"Engavetamento";3;0;0;0;0;0;0;0;0;0;6;0;0;0;0
"10/01/2017";"16:35:00";"58";"com vítima";"182";"BR-393/RJ";"Pista Norte";"Acidentes de outra natureza";0;1;0;0;0;0;0;0;0;0;0;1;0;0;0
"11/01/2017";"12:27:00";"61";"com vítima";"131,424";"BR-393/RJ";"Pista Sul";"Tombamento";1;0;1;0;0;0;0;0;0;0;0;4;1;0;0
"11/01/2017";"15:16:00";"68";"com vítima";"239,406";"BR-393/RJ";"Pista Norte";"Capotamento";0;0;1;0;0;0;0;0;0;0;0;3;0;0;0
"11/01/2017";"22:27:00";"83";"sem vítima";"282,4";"BR-393/RJ";"Pista Norte";"Engavetamento";3;0;0;0;0;0;0;0;0;0;4;0;0;0;0
"14/01/2017";"10:23:00";"32";"com vítima";"107,6";"BR-393/RJ";"Pista Sul";"Colisão lateral no sentido contrário";1;0;0;1;0;0;0;0;0;0;1;0;2;0;0
"15/01/2017";"16:39:00";"51";"com vítima";"276";"BR-393/RJ";"Pista Sul";"Engavetamento";3;0;0;0;0;0;0;0;0;0;8;1;0;0;0
"15/01/2017";"16:51:00";"52";"com vítima";"278";"BR-393/RJ";"Pista Sul";"Engavetamento";2;0;0;0;1;0;0;0;0;0;5;1;0;0;0
"16/01/2017";"06:33:00";"10";"sem vítima";"240";"BR-393/RJ";"Pista Norte";"Saídas de pista";1;0;0;0;0;0;0;0;0;0;1;0;0;0;0
"16/01/2017";"08:39:00";"14";"com vítima";"105";"BR-393/RJ";"Pista Sul";"Colisão lateral no sentido contrário";1;0;1;0;0;0;0;0;0;0;2;1;0;0;0
"16/01/2017";"14:24:00";"45";"com vítima";"116";"BR-393/RJ";"Pista Norte";"Saídas de pista";1;0;0;0;0;0;0;0;0;0;0;1;0;0;0
"17/01/2017";"02:49:00";"11";"sem vítima";"226";"BR-393/RJ";"Pista Norte";"Colisão c/ obstáculos";0;0;1;0;0;0;0;0;0;0;1;0;0;0;0
"17/01/2017";"09:57:00";"29";"sem vítima";"285,5";"BR-393/RJ";"Pista Norte";"Colisão lateral no mesmo sentido";2;0;0;0;0;0;0;0;0;0;2;0;0;0;0
"18/01/2017";"11:33:00";"36";"com vítima";"168";"BR-393/RJ";"Pista Norte";"Colisão lateral no sentido contrário";1;0;0;1;0;0;0;0;0;0;2;1;0;0;0
"18/01/2017";"12:40:00";"39";"com vítima";"131,9";"BR-393/RJ";"Pista Norte";"Colisão com veículos (traseira)";0;0;2;0;0;0;0;0;0;0;1;1;0;0;0
"18/01/2017";"16:49:00";"53";"com vítima";"152";"BR-393/RJ";"Pista Sul";"Colisão c/ obstáculos";0;0;0;1;0;0;0;0;0;0;0;0;0;1;0
"19/01/2017";"17:15:00";"63";"com vítima";"202,5";"BR-393/RJ";"Pista Sul";"Colisão lateral no sentido contrário";2;0;0;0;0;0;0;0;0;0;0;2;0;1;0
"19/01/2017";"19:47:00";"71";"sem vítima";"283";"BR-393/RJ";"Pista Norte";"Colisão com veículos (traseira)";2;0;0;0;0;0;0;0;0;0;2;0;0;0;0
"19/01/2017";"23:08:00";"80";"sem vítima";"103,6";"BR-393/RJ";"Pista Sul";"Atropelamento de animais";0;0;0;0;0;0;0;0;0;1;1;0;0;0;0
"20/01/2017";"08:03:00";"19";"sem vítima";"141,9";"BR-393/RJ";"Pista Sul";"Colisão com veículos (traseira)";2;0;0;0;0;0;0;0;0;0;8;0;0;0;0
"20/01/2017";"19:36:00";"70";"com vítima";"282";"BR-393/RJ";"Pista Sul";"Colisão lateral no sentido contrário";1;0;0;1;0;0;0;0;0;0;1;1;0;0;0
"21/01/2017";"19:00:00";"45";"sem vítima";"285";"BR-393/RJ";"Pista Sul";"Engavetamento";4;0;0;0;0;0;0;0;0;0;4;0;0;0;0
"22/01/2017";"00:11:00";"1";"sem vítima";"280";"BR-393/RJ";"Pista Norte";"Colisão lateral no sentido contrário";2;0;0;0;0;0;0;0;0;0;2;0;0;0;0
"22/01/2017";"11:10:00";"27";"sem vítima";"243,374";"BR-393/RJ";"Pista Sul";"Colisão c/ obstáculos";1;0;0;0;0;0;0;0;0;0;4;0;0;0;0
"23/01/2017";"09:38:00";"23";"sem vítima";"168";"BR-393/RJ";"Pista Sul";"Colisão com veículos (traseira)";2;0;0;0;0;0;0;0;0;0;4;0;0;0;0
"24/01/2017";"09:24:00";"23";"com vítima";"176";"BR-393/RJ";"Pista Norte";"Colisão com veículos (traseira)";2;0;0;0;0;0;0;0;0;0;2;1;0;0;0
"25/01/2017";"00:50:00";"1";"sem vítima";"109";"BR-393/RJ";"Pista Norte";"Atropelamento de animais";1;0;0;0;0;0;0;0;0;0;4;0;0;0;0
"25/01/2017";"12:03:00";"36";"com vítima";"252,5";"BR-393/RJ";"Pista Norte";"Colisão lateral no sentido contrário";0;0;2;0;0;0;0;0;0;0;1;0;3;0;0
"25/01/2017";"14:45:00";"42";"com vítima";"171";"BR-393/RJ";"Pista Sul";"Colisão lateral no sentido contrário";1;0;0;1;0;0;0;0;0;0;3;2;0;0;0
"26/01/2017";"13:07:00";"48";"sem vítima";"219";"BR-393/RJ";"Pista Sul";"Colisão lateral no sentido contrário";2;0;0;0;0;0;0;0;0;0;8;0;0;0;0
"26/01/2017";"21:10:00";"72";"sem vítima";"215";"BR-393/RJ";"Pista Sul";"Colisão lateral no mesmo sentido";1;0;1;0;0;0;0;0;0;0;2;0;0;0;0
"27/01/2017";"18:41:00";"67";"sem vítima";"279";"BR-393/RJ";"Pista Sul";"Colisão com veículos (traseira)";2;0;0;0;0;0;0;0;0;0;2;0;0;0;0
"28/01/2017";"08:48:00";"26";"sem vítima";"281,5";"BR-393/RJ";"Pista Norte";"Colisão lateral no mesmo sentido";1;0;1;0;0;0;0;0;0;0;3;0;0;0;0
"28/01/2017";"20:18:00";"74";"sem vítima";"274";"BR-393/RJ";"Pista Sul";"Colisão lateral no mesmo sentido";2;0;0;0;0;0;0;0;0;0;2;0;0;0;0
"28/01/2017";"23:28:00";"78";"sem vítima";"102";"BR-393/RJ";"Pista Norte";"Colisão com veículos (traseira)";2;0;0;0;0;0;0;0;0;0;2;0;0;0;0
"29/01/2017";"19:07:00";"49";"sem vítima";"279";"BR-393/RJ";"Pista Sul";"Saídas de pista";1;0;0;0;0;0;0;0;0;0;1;0;0;0;0
"29/01/2017";"19:14:00";"50";"com vítima";"285";"BR-393/RJ";"Pista Norte";"Engavetamento";3;0;0;0;0;0;0;0;0;0;7;1;1;0;0
"30/01/2017";"10:51:00";"36";"com vítima";"273,9";"BR-393/RJ";"Pista Sul";"Tombamento";0;0;1;0;0;0;0;0;0;0;0;2;1;0;0
"31/01/2017";"19:54:00";"54";"com vítima";"178";"BR-393/RJ";"Pista Norte";"Acidentes de outra natureza";0;0;0;1;0;0;0;0;0;0;0;0;1;0;0
"31/01/2017";"20:20:00";"55";"com vítima";"236,95";"BR-393/RJ";"Pista Sul";"Colisão Transversal";2;0;0;0;0;0;0;0;0;0;1;1;0;0;0
"01/02/2017";"14:21:00";"49";"com vítima";"172";"BR-393/RJ";"Pista Norte";"Acidentes de outra natureza";0;0;0;1;0;0;0;0;0;0;0;2;0;0;0
"01/02/2017";"17:21:00";"64";"com vítima";"144";"BR-393/RJ";"Pista Norte";"Acidentes de outra natureza";0;1;0;0;0;0;0;0;0;0;0;1;0;0;0
"02/02/2017";"08:39:00";"16";"sem vítima";"283";"BR-393/RJ";"Pista Norte";"Colisão com veículos (traseira)";0;0;1;0;0;0;0;0;0;1;2;0;0;0;0
"02/02/2017";"15:54:00";"42";"com vítima";"276";"BR-393/RJ";"Pista Norte";"Colisão com veículos (traseira)";1;0;1;0;0;0;0;0;0;0;1;1;0;0;0
"03/02/2017";"11:08:00";"30";"com vítima";"130,207";"BR-393/RJ";"Pista Norte";"Acidentes de outra natureza";0;0;0;1;0;0;0;0;0;0;0;1;0;0;0
"03/02/2017";"13:19:00";"40";"sem vítima";"105,952";"BR-393/RJ";"Pista Sul";"Colisão com veículos (traseira)";2;0;0;0;0;0;0;0;0;0;3;0;0;0;0
"03/02/2017";"19:04:00";"62";"com vítima";"144";"BR-393/RJ";"Pista Norte";"Colisão c/ obstáculos";1;0;0;0;0;0;0;0;0;0;0;1;0;0;0
"04/02/2017";"07:57:00";"18";"sem vítima";"260,649";"BR-393/RJ";"Pista Norte";"Capotamento";1;0;0;0;0;0;0;0;0;0;1;0;0;0;0
"04/02/2017";"10:42:00";"28";"com vítima";"103,358";"BR-393/RJ";"Pista Sul";"Colisão c/ obstáculos";1;0;0;0;0;0;0;0;0;0;0;0;1;1;0
"04/02/2017";"21:12:00";"68";"sem vítima";"243";"BR-393/RJ";"Pista Sul";"Saídas de pista";1;0;0;0;0;0;0;0;0;0;1;0;0;0;0
"05/02/2017";"00:43:00";"2";"sem vítima";"269,83";"BR-393/RJ";"Pista Sul";"Colisão c/ obstáculos";1;0;0;0;0;0;0;0;0;0;1;0;0;0;0
"05/02/2017";"08:54:00";"24";"sem vítima";"283,118";"BR-393/RJ";"Pista Sul";"Saídas de pista";1;0;0;0;0;0;0;0;0;0;2;0;0;0;0
"05/02/2017";"11:13:00";"30";"com vítima";"218,815";"BR-393/RJ";"Pista Sul";"Colisão lateral no mesmo sentido";1;0;1;0;0;0;0;0;0;0;2;2;0;0;0
"05/02/2017";"20:26:00";"65";"com vítima";"241";"BR-393/RJ";"Pista Norte";"Saídas de pista";1;0;0;0;0;0;0;0;0;0;0;1;0;0;0
"05/02/2017";"20:33:00";"67";"com vítima";"201";"BR-393/RJ";"Pista Norte";"Colisão com veículos (traseira)";2;0;0;0;0;0;0;0;0;0;0;2;0;0;0
"05/02/2017";"21:16:00";"71";"sem vítima";"144";"BR-393/RJ";"Pista Sul";"Colisão c/ obstáculos";1;0;0;0;0;0;0;0;0;0;1;0;0;0;0
"06/02/2017";"17:40:00";"56";"sem vítima";"239,5";"BR-393/RJ";"Pista Sul";"Colisão lateral no mesmo sentido";1;0;1;0;0;0;0;0;0;0;4;0;0;0;0
"07/02/2017";"16:54:00";"37";"sem vítima";"103,914";"BR-393/RJ";"Pista Sul";"Colisão com veículos (traseira)";2;0;0;0;0;0;0;0;0;0;4;0;0;0;0
"07/02/2017";"20:00:00";"51";"com vítima";"282";"BR-393/RJ";"Pista Sul";"Colisão com veículos (frontal)";1;0;0;0;0;0;0;0;0;1;1;1;0;0;0
"09/02/2017";"19:13:00";"40";"sem vítima";"283";"BR-393/RJ";"Pista Norte";"Colisão com veículos (traseira)";2;0;0;0;0;0;0;0;0;0;2;0;0;0;0
"10/02/2017";"08:54:00";"19";"com vítima";"152";"BR-393/RJ";"Pista Sul";"Tombamento";0;0;1;0;0;0;0;0;0;0;0;1;0;0;0
"10/02/2017";"12:09:00";"33";"sem vítima";"284,248";"BR-393/RJ";"Pista Sul";"Colisão lateral no mesmo sentido";2;0;0;0;0;0;0;0;0;0;2;0;0;0;0
"10/02/2017";"15:16:00";"40";"sem vítima";"195,025";"BR-393/RJ";"Pista Norte";"Colisão com veículos (traseira)";2;0;0;0;0;0;0;0;0;0;2;0;0;0;0
"11/02/2017";"10:36:00";"25";"com vítima";"161,697";"BR-393/RJ";"Pista Norte";"Tombamento";0;0;1;0;0;0;0;0;0;0;0;0;1;0;0
"11/02/2017";"20:44:00";"48";"com vítima";"233,938";"BR-393/RJ";"Pista Norte";"Colisão com veículos (traseira)";1;0;0;1;0;0;0;0;0;0;1;0;2;0;0
"12/02/2017";"04:57:00";"22";"com vítima";"246,323";"BR-393/RJ";"Pista Sul";"Colisão com veículos (traseira)";1;0;1;0;0;0;0;0;0;0;1;0;1;0;0
"12/02/2017";"21:22:00";"64";"com vítima";"207,401";"BR-393/RJ";"Pista Sul";"Colisão c/ obstáculos";1;0;0;0;0;0;0;0;0;0;0;2;1;0;0
"13/02/2017";"01:52:00";"9";"com vítima";"241";"BR-393/RJ";"Pista Norte";"Saídas de pista";0;0;0;1;0;0;0;0;0;0;0;0;1;0;0
"15/02/2017";"19:18:00";"55";"com vítima";"282";"BR-393/RJ";"Pista Sul";"Colisão lateral no sentido contrário";1;0;0;1;0;0;0;0;0;0;1;1;0;0;0
"15/02/2017";"21:36:00";"61";"sem vítima";"282";"BR-393/RJ";"Pista Sul";"Colisão com veículos (traseira)";2;0;0;0;0;0;0;0;0;0;2;0;0;0;0
"16/02/2017";"19:45:00";"58";"sem vítima";"103,719";"BR-393/RJ";"Pista Sul";"Colisão com veículos (traseira)";0;0;1;0;0;0;0;0;0;1;3;0;0;0;0
"16/02/2017";"22:12:00";"69";"com vítima";"281";"BR-393/RJ";"Pista Norte";"Colisão com veículos (traseira)";1;0;0;1;0;0;0;0;0;0;1;2;0;0;0
"18/02/2017";"17:55:00";"44";"sem vítima";"285,5";"BR-393/RJ";"Pista Sul";"Acidentes de outra natureza";0;0;0;1;0;0;0;0;0;0;1;0;0;0;0
"19/02/2017";"05:26:00";"12";"com vítima";"165,168";"BR-393/RJ";"Pista Sul";"Colisão com veículos (frontal)";1;0;1;0;0;0;0;0;0;0;0;1;0;3;0
"20/02/2017";"00:25:00";"2";"com vítima";"244,291";"BR-393/RJ";"Pista Norte";"Colisão lateral no mesmo sentido";0;0;0;2;0;0;0;0;0;0;1;2;0;0;0
"20/02/2017";"15:31:00";"49";"com vítima";"274";"BR-393/RJ";"Pista Sul";"Tombamento";0;0;2;0;0;0;0;0;0;0;0;1;0;1;0
"21/02/2017";"09:03:00";"26";"sem vítima";"235,2";"BR-393/RJ";"Pista Sul";"Colisão lateral no mesmo sentido";2;0;0;0;0;0;0;0;0;0;2;0;0;0;0
"22/02/2017";"07:25:00";"22";"com vítima";"286,003";"BR-393/RJ";"Pista Norte";"Colisão lateral no mesmo sentido";1;0;0;1;0;0;0;0;0;0;1;1;0;0;0
"22/02/2017";"14:58:00";"44";"sem vítima";"169,706";"BR-393/RJ";"Pista Sul";"Colisão c/ obstáculos";1;0;0;0;0;0;0;0;0;0;1;0;0;0;0
"23/02/2017";"20:59:00";"73";"com vítima";"279";"BR-393/RJ";"Pista Sul";"Colisão com veículos (traseira)";0;0;2;0;0;0;0;0;0;0;0;1;1;0;0
"24/02/2017";"08:54:00";"23";"sem vítima";"286";"BR-393/RJ";"Pista Norte";"Engavetamento";3;0;0;0;0;0;0;0;0;0;3;0;0;0;0
"24/02/2017";"16:55:00";"52";"com vítima";"255";"BR-393/RJ";"Pista Norte";"Colisão lateral no mesmo sentido";1;0;0;1;0;0;0;0;0;0;1;1;0;0;0
"24/02/2017";"19:21:00";"61";"sem vítima";"284";"BR-393/RJ";"Pista Norte";"Engavetamento";3;0;0;0;0;0;0;0;0;0;3;0;0;0;0
"24/02/2017";"20:30:00";"65";"sem vítima";"250,764";"BR-393/RJ";"Pista Sul";"Saídas de pista";1;0;0;0;0;0;0;0;0;0;1;0;0;0;0
"25/02/2017";"15:13:00";"41";"com vítima";"164,738";"BR-393/RJ";"Pista Sul";"Acidentes de outra natureza";0;0;0;1;0;0;0;0;0;0;0;2;0;0;0
"25/02/2017";"16:32:00";"46";"sem vítima";"169";"BR-393/RJ";"Pista Norte";"Colisão lateral no sentido contrário";1;0;0;0;1;0;0;0;0;0;2;0;0;0;0
"26/02/2017";"12:19:00";"24";"sem vítima";"286";"BR-393/RJ";"Pista Norte";"Colisão com veículos (traseira)";2;0;0;0;0;0;0;0;0;0;5;0;0;0;0
"26/02/2017";"14:41:00";"29";"com vítima";"174";"BR-393/RJ";"Pista Sul";"Acidentes de outra natureza";0;0;0;1;0;0;0;0;0;0;0;1;0;0;0
"26/02/2017";"16:36:00";"31";"sem vítima";"175,6";"BR-393/RJ";"Pista Sul";"Saídas de pista";1;0;0;0;0;0;0;0;0;0;1;0;0;0;0
"26/02/2017";"17:37:00";"34";"sem vítima";"152";"BR-393/RJ";"Pista Norte";"Colisão c/ obstáculos";1;0;0;0;0;0;0;0;0;0;2;0;0;0;0
"26/02/2017";"23:51:00";"39";"com vítima";"139,4";"BR-393/RJ";"Pista Norte";"Saídas de pista";1;0;0;0;0;0;0;0;0;0;0;0;0;1;0
"28/02/2017";"16:03:00";"36";"com vítima";"151,916";"BR-393/RJ";"Pista Sul";"Tombamento";0;0;1;0;0;0;0;0;0;0;0;1;0;0;0
"28/02/2017";"19:20:00";"47";"com vítima";"284";"BR-393/RJ";"Pista Norte";"Colisão com veículos (traseira)";2;0;0;0;0;0;0;0;0;0;1;1;0;0;0
"28/02/2017";"21:35:00";"54";"sem vítima";"216,873";"BR-393/RJ";"Pista Sul";"Colisão lateral no mesmo sentido";1;0;1;0;0;0;0;0;0;0;6;0;0;0;0
"03/03/2017";"16:18:00";"45";"sem vítima";"245";"BR-393/RJ";"Pista Sul";"Colisão lateral no sentido contrário";2;0;0;0;0;0;0;0;0;0;5;0;0;0;0
"04/03/2017";"05:23:00";"13";"sem vítima";"272";"BR-393/RJ";"Pista Norte";"Atropelamento de animais";1;0;0;0;0;0;0;0;0;0;1;0;0;0;0
"04/03/2017";"17:32:00";"50";"com vítima";"1";"Alça Sul";"Pista Norte";"Colisão lateral no mesmo sentido";1;0;0;1;0;0;0;0;0;0;1;1;0;0;0
"05/03/2017";"05:27:00";"12";"sem vítima";"244,188";"BR-393/RJ";"Pista Sul";"Saídas de pista";1;0;0;0;0;0;0;0;0;0;1;0;0;0;0
"05/03/2017";"15:31:00";"33";"com vítima";"282";"BR-393/RJ";"Pista Sul";"Engavetamento";3;0;0;0;0;0;0;0;0;0;3;1;0;0;0
"05/03/2017";"17:53:00";"38";"sem vítima";"130";"BR-393/RJ";"Pista Norte";"Colisão c/ obstáculos";1;0;0;0;0;0;0;0;0;0;1;0;0;0;0
"05/03/2017";"20:54:00";"46";"sem vítima";"285,5";"BR-393/RJ";"Pista Norte";"Engavetamento";3;0;0;0;0;0;0;0;0;0;3;0;0;0;0
"07/03/2017";"10:37:00";"27";"sem vítima";"285,5";"BR-393/RJ";"Pista Norte";"Colisão lateral no mesmo sentido";2;0;0;0;0;0;0;0;0;0;4;0;0;0;0
"07/03/2017";"16:17:00";"48";"sem vítima";"259,1";"BR-393/RJ";"Pista Sul";"Acidentes de outra natureza";0;0;0;1;0;0;0;0;0;0;1;0;0;0;0
"07/03/2017";"21:37:00";"57";"com vítima";"285";"BR-393/RJ";"Pista Sul";"Colisão lateral no mesmo sentido";0;0;0;1;1;0;0;0;0;0;1;2;0;0;0
"08/03/2017";"12:23:00";"35";"com vítima";"124,526";"BR-393/RJ";"Pista Norte";"Tombamento";0;0;1;0;0;0;0;0;0;0;0;1;0;0;0
"08/03/2017";"15:52:00";"49";"com vítima";"211";"BR-393/RJ";"Pista Norte";"Colisão c/ obstáculos";1;0;0;0;0;0;0;0;0;0;0;1;0;0;0
"08/03/2017";"22:16:00";"66";"com vítima";"284,2";"BR-393/RJ";"Pista Sul";"Colisão com veículos (traseira)";2;0;0;0;0;0;0;0;0;0;2;1;0;0;0
"09/03/2017";"13:13:00";"38";"com vítima";"274";"BR-393/RJ";"Pista Norte";"Tombamento";0;0;1;0;0;0;0;0;0;0;0;1;0;0;0
"10/03/2017";"10:13:00";"30";"sem vítima";"125";"BR-393/RJ";"Pista Norte";"Colisão lateral no mesmo sentido";1;0;1;0;0;0;0;0;0;0;4;0;0;0;0
"10/03/2017";"11:08:00";"33";"com vítima";"268,032";"BR-393/RJ";"Pista Norte";"Colisão lateral no sentido contrário";2;0;0;0;0;0;0;0;0;0;0;4;0;0;0
"10/03/2017";"19:11:00";"66";"com vítima";"178";"BR-393/RJ";"Pista Sul";"Colisão lateral no mesmo sentido";1;0;1;0;0;0;0;0;0;0;2;1;0;0;0
"12/03/2017";"07:25:00";"15";"com vítima";"169";"BR-393/RJ";"Pista Norte";"Capotamento";1;0;0;0;0;0;0;0;0;0;0;2;0;0;0
"12/03/2017";"17:52:00";"44";"sem vítima";"275";"BR-393/RJ";"Pista Norte";"Colisão com veículos (traseira)";0;0;2;0;0;0;0;0;0;0;2;0;0;0;0
"13/03/2017";"08:12:00";"15";"com vítima";"155,483";"BR-393/RJ";"Pista Norte";"Tombamento";0;0;1;0;0;0;0;0;0;0;0;1;0;0;0
"15/03/2017";"04:24:00";"13";"sem vítima";"263";"BR-393/RJ";"Pista Sul";"Saídas de pista";0;0;1;0;0;0;0;0;0;0;1;0;0;0;0
"16/03/2017";"12:02:00";"39";"sem vítima";"143,9";"BR-393/RJ";"Pista Norte";"Colisão com veículos (traseira)";2;0;0;0;0;0;0;0;0;0;2;0;0;0;0
"16/03/2017";"19:03:00";"66";"com vítima";"187,372";"BR-393/RJ";"Pista Norte";"Colisão lateral no mesmo sentido";1;0;1;0;0;0;0;0;0;0;2;2;0;0;0
"18/03/2017";"08:25:00";"20";"com vítima";"222";"BR-393/RJ";"Pista Sul";"Colisão c/ obstáculos";1;0;0;0;0;0;0;0;0;0;0;1;0;0;0
"18/03/2017";"14:30:00";"43";"com vítima";"266";"BR-393/RJ";"Pista Sul";"Saídas de pista";1;0;0;0;0;0;0;0;0;0;0;1;0;0;0
"19/03/2017";"04:19:00";"14";"sem vítima";"244,5";"BR-393/RJ";"Pista Sul";"Saídas de pista";1;0;0;0;0;0;0;0;0;0;4;0;0;0;0
"19/03/2017";"08:18:00";"22";"sem vítima";"105,919";"BR-393/RJ";"Pista Sul";"Colisão com veículos (traseira)";1;0;1;0;0;0;0;0;0;0;5;0;0;0;0
"19/03/2017";"15:28:00";"35";"com vítima";"251,65";"BR-393/RJ";"Pista Norte";"Acidentes de outra natureza";0;0;0;1;0;0;0;0;0;0;0;2;0;0;0
"19/03/2017";"23:15:00";"59";"sem vítima";"127,605";"BR-393/RJ";"Pista Norte";"Colisão lateral no mesmo sentido";1;0;0;0;1;0;0;0;0;0;7;0;0;0;0
"20/03/2017";"05:36:00";"11";"sem vítima";"193,705";"BR-393/RJ";"Pista Norte";"Atropelamento de animais";0;0;1;0;0;0;0;0;0;0;1;0;0;0;0
"20/03/2017";"16:48:00";"49";"com vítima";"280";"BR-393/RJ";"Pista Sul";"Atropelamento de pedestre";1;1;0;0;0;0;0;0;0;0;2;1;0;0;0
"21/03/2017";"00:45:00";"10";"com vítima";"196,7";"BR-393/RJ";"Pista Norte";"Saídas de pista";1;0;0;0;0;0;0;0;0;0;0;1;0;0;0
"22/03/2017";"12:43:00";"39";"com vítima";"282,855";"BR-393/RJ";"Pista Sul";"Colisão com veículos (traseira)";2;0;0;0;0;0;0;0;0;0;1;1;0;0;0
"22/03/2017";"15:21:00";"46";"com vítima";"140";"BR-393/RJ";"Pista Norte";"Colisão com veículos (traseira)";0;0;2;0;0;0;0;0;0;0;0;3;0;0;0
"22/03/2017";"15:36:00";"48";"com vítima";"183,914";"BR-393/RJ";"Pista Norte";"Saida de Pista";1;0;0;0;0;0;0;0;0;0;0;1;0;0;0
"23/03/2017";"22:16:00";"74";"sem vítima";"116";"BR-393/RJ";"Pista Norte";"Colisão com veículos (traseira)";1;0;1;0;0;0;0;0;0;0;2;0;0;0;0
"24/03/2017";"00:59:00";"10";"com vítima";"286";"BR-393/RJ";"Pista Norte";"Colisão c/ obstáculos";1;0;1;0;0;0;0;0;0;0;0;2;0;0;0
"24/03/2017";"19:47:00";"58";"com vítima";"168";"BR-393/RJ";"Pista Sul";"Acidentes de outra natureza";0;0;0;1;0;0;0;0;0;0;0;0;1;0;0
"24/03/2017";"21:52:00";"68";"com vítima";"105";"BR-393/RJ";"Pista Norte";"Colisão lateral no sentido contrário";1;0;0;1;0;0;0;0;0;0;1;0;1;0;0
"25/03/2017";"16:21:00";"48";"sem vítima";"286";"BR-393/RJ";"Pista Norte";"Engavetamento";3;0;0;0;0;0;0;0;0;0;7;0;0;0;0
"25/03/2017";"19:32:00";"61";"sem vítima";"284";"BR-393/RJ";"Pista Norte";"Engavetamento";3;0;0;0;0;0;0;0;0;0;3;0;0;0;0
"25/03/2017";"23:34:00";"75";"sem vítima";"222";"BR-393/RJ";"Pista Norte";"Saídas de pista";1;0;0;0;0;0;0;0;0;0;2;0;0;0;0
"26/03/2017";"04:49:00";"14";"sem vítima";"181,3";"BR-393/RJ";"Pista Norte";"Saídas de pista";1;0;0;0;0;0;0;0;0;0;2;0;0;0;0
"26/03/2017";"20:39:00";"52";"com vítima";"185";"BR-393/RJ";"Pista Sul";"Atropelamento de pedestre";0;0;1;0;0;0;0;0;0;0;1;0;1;0;0
"26/03/2017";"20:55:00";"53";"com vítima";"183";"BR-393/RJ";"Pista Norte";"Colisão lateral no sentido contrário";1;0;1;0;0;0;0;0;0;0;1;1;0;0;0
"27/03/2017";"01:38:00";"2";"com vítima";"228";"BR-393/RJ";"Pista Sul";"Colisão com veículos (traseira)";1;0;0;1;0;0;0;0;0;0;1;0;1;0;0
"28/03/2017";"07:30:00";"17";"com vítima";"235,18";"BR-393/RJ";"Pista Norte";"Colisão c/ obstáculos";1;0;1;0;0;0;0;0;0;0;1;1;0;1;0
"28/03/2017";"20:23:00";"50";"com vítima";"283";"BR-393/RJ";"Pista Norte";"Colisão lateral no sentido contrário";1;0;0;1;0;0;0;0;0;0;3;1;0;0;0
"28/03/2017";"22:00:00";"55";"com vítima";"281";"BR-393/RJ";"Pista Sul";"Atropelamento de pedestre";1;0;0;0;0;0;0;0;0;0;1;1;0;0;0