data;horario;n_da_ocorrencia;tipo_de_ocorrencia;km;trecho;sentido;tipo_de_acidente;automovel;bicicleta;caminhao;moto;onibus;outros;tracao_animal;transporte_de_cargas_especiais;trator_maquinas;utilitarios;ilesos;levemente_feridos;moderadamente_feridos;gravemente_feridos;mortos
"14/08/2017";"14:25:00";"53";"com vítima";"117,675";"BR-393/RJ";"Pista Norte";"Colisão lateral no sentido contrário";1;0;1;0;0;0;0;0;0;0;1;1;0;0;0
"14/08/2017";"14:35:00";"54";"sem vítima";"235,251";"BR-393/RJ";"Pista Sul";"Colisão lateral no sentido contrário";2;0;0;0;0;0;0;0;0;0;3;0;0;0;0
"14/08/2017";"16:02:00";"60";"sem vítima";"148,503";"BR-393/RJ";"Pista Norte";"Saídas de pista";0;0;1;0;0;0;0;0;0;0;2;0;0;0;0
"15/08/2017";"05:36:00";"16";"sem vítima";"1,551";"Alça Sul";"Pista Norte";"Atropelamento de animais";0;0;1;0;0;0;0;0;0;0;1;0;0;0;0
"15/08/2017";"07:16:00";"20";"com vítima";"176,95";"BR-393/RJ";"Pista Norte";"Colisão lateral no sentido contrário";1;0;0;1;0;0;0;0;0;0;1;1;0;0;0
"15/08/2017";"13:55:00";"47";"com vítima";"271,556";"BR-393/RJ";"Pista Norte";"Capotamento";1;0;0;0;0;0;0;0;0;0;0;1;0;0;0
"15/08/2017";"17:16:00";"51";"com vítima";"283,631";"BR-393/RJ";"Pista Norte";"Colisão lateral no sentido contrário";2;0;0;0;0;0;0;0;0;0;2;2;0;0;0
"16/08/2017";"07:45:00";"21";"sem vítima";"278,923";"BR-393/RJ";"Pista Norte";"Colisão lateral no mesmo sentido";1;0;1;0;0;0;0;0;0;0;2;0;0;0;0
"17/08/2017";"07:24:00";"15";"com vítima";"156,182";"BR-393/RJ";"Pista Norte";"Colisão com veículos (frontal)";1;0;2;0;0;0;0;0;0;0;1;2;0;0;2
"17/08/2017";"19:57:00";"47";"sem vítima";"179,7";"BR-393/RJ";"Pista Sul";"Colisão c/ obstáculos";1;0;0;0;0;0;0;0;0;0;1;0;0;0;0
"18/08/2017";"16:57:00";"44";"com vítima";"178";"BR-393/RJ";"Pista Norte";"Acidentes de outra natureza";0;0;1;0;0;0;0;0;0;0;0;1;0;0;0
"18/08/2017";"21:47:00";"61";"sem vítima";"166,755";"BR-393/RJ";"Pista Norte";"Colisão com veículos (traseira)";1;0;0;0;0;0;0;0;0;0;2;0;0;0;0
"19/08/2017";"01:15:00";"3";"com vítima";"103,461";"BR-393/RJ";"Pista Norte";"Atropelamento - Pedestre Andarilho";1;0;0;0;0;0;0;0;0;0;1;0;1;0;0
"19/08/2017";"07:47:00";"23";"sem vítima";"265";"BR-393/RJ";"Pista Norte";"Colisão lateral no mesmo sentido";1;0;1;0;0;0;0;0;0;0;2;0;0;0;0
"19/08/2017";"10:58:00";"34";"sem vítima";"175,6";"BR-393/RJ";"Pista Norte";"Engavetamento";3;0;0;0;0;0;0;0;0;0;5;0;0;0;0
"19/08/2017";"22:27:00";"66";"sem vítima";"282";"BR-393/RJ";"Pista Sul";"Colisão com veículos (traseira)";2;0;0;0;0;0;0;0;0;0;3;0;0;0;0
"20/08/2017";"05:04:00";"14";"com vítima";"286";"BR-393/RJ";"Pista Norte";"Colisão lateral no sentido contrário";2;0;0;0;0;0;0;0;0;0;0;2;0;0;0
"20/08/2017";"20:27:00";"58";"com vítima";"282";"BR-393/RJ";"Pista Sul";"Colisão com veículos (traseira)";2;0;0;0;0;0;0;0;0;0;1;1;0;0;0
"20/08/2017";"23:12:00";"62";"com vítima";"252";"BR-393/RJ";"Pista Norte";"Colisão c/ obstáculos";1;0;0;0;0;0;0;0;0;0;0;1;0;0;0
"21/08/2017";"08:00:00";"17";"com vítima";"146,345";"BR-393/RJ";"Pista Norte";"Colisão lateral no sentido contrário";2;0;0;0;0;0;0;0;0;0;0;2;0;0;0
"22/08/2017";"06:38:00";"13";"sem vítima";"253,202";"BR-393/RJ";"Pista Sul";"Colisão lateral no mesmo sentido";0;0;2;0;0;0;0;0;0;0;2;0;0;0;0
"23/08/2017";"07:10:00";"19";"com vítima";"104";"BR-393/RJ";"Pista Norte";"Colisão lateral no sentido contrário";0;0;1;1;0;0;0;0;0;0;1;1;0;0;0
"24/08/2017";"11:24:00";"30";"sem vítima";"280,202";"BR-393/RJ";"Pista Sul";"Colisão lateral no mesmo sentido";1;0;0;1;0;0;0;0;0;0;2;0;0;0;0
"24/08/2017";"17:33:00";"46";"com vítima";"171,5";"BR-393/RJ";"Pista Sul";"Colisão lateral no sentido contrário";3;0;1;0;0;0;0;0;0;0;8;0;0;1;1
"25/08/2017";"07:22:00";"25";"sem vítima";"286";"BR-393/RJ";"Pista Sul";"Colisão lateral no mesmo sentido";1;0;1;0;0;0;0;0;0;0;2;0;0;0;0
"25/08/2017";"09:37:00";"38";"sem vítima";"125,6";"BR-393/RJ";"Pista Norte";"Colisão com veículos (traseira)";0;0;2;0;0;0;0;0;0;0;2;0;0;0;0
"25/08/2017";"12:13:00";"46";"com vítima";"182";"BR-393/RJ";"Pista Norte";"Colisão com veículos (traseira)";1;0;0;1;0;0;0;0;0;0;1;1;0;0;0
"25/08/2017";"18:07:00";"62";"com vítima";"130,3";"BR-393/RJ";"Pista Sul";"Colisão lateral no mesmo sentido";0;0;1;1;0;0;0;0;0;0;1;0;0;1;0
"26/08/2017";"06:34:00";"16";"com vítima";"279,797";"BR-393/RJ";"Pista Sul";"Colisão com veículos (traseira)";2;0;0;0;0;0;0;0;0;0;1;1;0;0;0
"26/08/2017";"18:38:00";"50";"com vítima";"232,35";"BR-393/RJ";"Pista Sul";"Colisão com veículos (traseira)";2;0;0;0;0;0;0;0;0;0;0;2;0;0;0
"26/08/2017";"19:07:00";"51";"com vítima";"235";"BR-393/RJ";"Pista Norte";"Acidentes de outra natureza";0;0;0;1;0;0;0;0;0;0;1;1;0;0;0
"27/08/2017";"09:18:00";"17";"com vítima";"285,483";"BR-393/RJ";"Pista Norte";"Colisão lateral no sentido contrário";1;0;0;1;0;0;0;0;0;0;4;2;0;0;0
"27/08/2017";"12:14:00";"24";"com vítima";"286";"BR-393/RJ";"Pista Sul";"Engavetamento";6;0;0;0;0;0;0;0;0;0;5;1;0;0;0
"27/08/2017";"19:03:00";"43";"com vítima";"167,307";"BR-393/RJ";"Pista Norte";"Atropelamento de pedestre";0;1;0;1;0;0;0;0;0;0;0;1;2;0;0
"28/08/2017";"00:08:00";"1";"sem vítima";"284";"BR-393/RJ";"Pista Norte";"Colisão com veículos (traseira)";2;0;0;0;0;0;0;0;0;0;2;0;0;0;0
"29/08/2017";"03:01:00";"13";"sem vítima";"185,3";"BR-393/RJ";"Pista Norte";"Atropelamento de animais";1;0;1;0;0;0;0;0;0;0;2;0;0;0;0
"29/08/2017";"14:07:00";"42";"sem vítima";"224,694";"BR-393/RJ";"Pista Norte";"Saídas de pista";0;0;1;0;0;0;0;0;0;0;1;0;0;0;0
"31/08/2017";"19:17:00";"72";"com vítima";"142,299";"BR-393/RJ";"Pista Norte";"Colisão com veículos (frontal)";1;0;0;1;0;0;0;0;0;0;1;1;0;0;0
"01/09/2017";"05:31:00";"5";"com vítima";"156,684";"BR-393/RJ";"Pista Sul";"Tombamento";0;0;1;0;0;0;0;0;0;0;0;1;0;0;0
"01/09/2017";"09:49:00";"27";"sem vítima";"195";"BR-393/RJ";"Pista Norte";"Colisão com veículos (traseira)";1;0;1;0;0;0;0;0;0;0;5;0;0;0;0
"01/09/2017";"14:02:00";"42";"sem vítima";"285,502";"BR-393/RJ";"Pista Sul";"Colisão lateral no mesmo sentido";1;0;1;0;0;0;0;0;0;0;5;0;0;0;0
"02/09/2017";"21:00:00";"65";"com vítima";"1";"Alça Sul";"Pista Sul";"Colisão lateral no mesmo sentido";1;0;0;1;0;0;0;0;0;0;1;0;2;0;0
"04/09/2017";"13:46:00";"52";"com vítima";"268,558";"BR-393/RJ";"Pista Norte";"Colisão lateral no sentido contrário";2;0;0;0;0;0;0;0;0;0;0;4;0;0;0
"04/09/2017";"14:28:00";"57";"com vítima";"105,795";"BR-393/RJ";"Pista Norte";"Colisão lateral no sentido contrário";1;0;0;1;0;0;0;0;0;0;0;1;1;0;0
"04/09/2017";"15:10:00";"63";"com vítima";"187,244";"BR-393/RJ";"Pista Norte";"Colisão com veículos (traseira)";0;0;1;0;1;0;0;0;0;0;1;2;0;0;0
"04/09/2017";"17:06:00";"67";"com vítima";"282,133";"BR-393/RJ";"Pista Sul";"Acidentes de outra natureza";0;0;0;1;0;0;0;0;0;0;0;1;0;0;0
"06/09/2017";"17:33:00";"62";"sem vítima";"284";"BR-393/RJ";"Pista Norte";"Colisão com veículos (traseira)";1;0;0;1;0;0;0;0;0;0;2;0;0;0;0
"06/09/2017";"19:25:00";"71";"sem vítima";"255";"BR-393/RJ";"Pista Norte";"Colisão lateral no sentido contrário";2;0;0;0;0;0;0;0;0;0;2;0;0;0;0
"06/09/2017";"20:00:00";"75";"com vítima";"104";"BR-393/RJ";"Pista Norte";"Colisão lateral no sentido contrário";2;0;0;0;0;0;0;0;0;0;3;0;2;0;0
"06/09/2017";"20:06:00";"76";"sem vítima";"178";"BR-393/RJ";"Pista Norte";"Engavetamento";3;0;0;0;0;0;0;0;0;0;10;0;0;0;0
"06/09/2017";"21:24:00";"80";"sem vítima";"283,3";"BR-393/RJ";"Pista Norte";"Colisão com veículos (traseira)";1;0;0;1;0;0;0;0;0;0;2;0;0;0;0
"06/09/2017";"22:03:00";"81";"sem vítima";"280";"BR-393/RJ";"Pista Norte";"Colisão lateral no sentido contrário";2;0;0;0;0;0;0;0;0;0;3;0;0;0;0
"07/09/2017";"23:14:00";"71";"com vítima";"284,098";"BR-393/RJ";"Pista Sul";"Colisão lateral no sentido contrário";1;0;0;1;0;0;0;0;0;0;1;1;0;0;0
"08/09/2017";"18:07:00";"50";"sem vítima";"280";"BR-393/RJ";"Pista Norte";"Colisão com veículos (traseira)";2;0;0;0;0;0;0;0;0;0;2;0;0;0;0
"09/09/2017";"08:22:00";"17";"com vítima";"257,946";"BR-393/RJ";"Pista Norte";"Colisão lateral no sentido contrário";1;0;1;0;0;0;0;0;0;0;2;0;1;0;0
"09/09/2017";"13:38:00";"27";"com vítima";"268,383";"BR-393/RJ";"Pista Norte";"Colisão lateral no sentido contrário";2;0;0;0;0;0;0;0;0;0;1;2;0;0;0
"09/09/2017";"17:32:00";"39";"sem vítima";"281";"BR-393/RJ";"Pista Sul";"Colisão lateral no sentido contrário";1;0;0;1;0;0;0;0;0;0;2;0;0;0;0
"10/09/2017";"04:37:00";"14";"sem vítima";"274";"BR-393/RJ";"Pista Sul";"Colisão c/ obstáculos";1;0;0;0;0;0;0;0;0;0;3;0;0;0;0
"10/09/2017";"05:26:00";"15";"sem vítima";"140,6";"BR-393/RJ";"Pista Sul";"Colisão c/ obstáculos";1;0;0;0;0;0;0;0;0;0;3;0;0;0;0
"10/09/2017";"18:03:00";"48";"com vítima";"102,507";"BR-393/RJ";"Pista Sul";"Acidentes de outra natureza";0;0;0;1;0;0;0;0;0;0;0;2;0;0;0
"10/09/2017";"20:30:00";"61";"com vítima";"267,7";"BR-393/RJ";"Pista Sul";"Colisão com veículos (traseira)";2;0;0;1;0;0;0;0;0;0;3;1;0;1;0
"11/09/2017";"20:28:00";"85";"sem vítima";"282,37";"BR-393/RJ";"Pista Norte";"Colisão com veículos (traseira)";2;0;0;0;0;0;0;0;0;0;2;0;0;0;0
"12/09/2017";"10:59:00";"42";"com vítima";"285,5";"BR-393/RJ";"Pista Norte";"Colisão com veículos (traseira)";2;0;0;0;0;0;0;0;0;0;1;1;0;0;0
"13/09/2017";"04:31:00";"9";"com vítima";"121,446";"BR-393/RJ";"Pista Sul";"Tombamento";0;0;1;0;0;0;0;0;0;0;0;0;0;0;1
"13/09/2017";"14:57:00";"33";"com vítima";"105,184";"BR-393/RJ";"Pista Sul";"Engavetamento";3;0;0;0;0;0;0;0;0;0;0;4;0;0;0
"13/09/2017";"21:09:00";"56";"sem vítima";"164";"BR-393/RJ";"Pista Norte";"Colisão c/ obstáculos";1;0;0;0;0;0;0;0;0;0;1;0;0;0;0
"14/09/2017";"14:20:00";"53";"com vítima";"265,178";"BR-393/RJ";"Pista Sul";"Colisão com veículos (traseira)";1;0;1;0;0;0;0;0;0;0;0;4;0;0;0
"14/09/2017";"17:13:00";"66";"com vítima";"233,944";"BR-393/RJ";"Pista Norte";"Colisão lateral no sentido contrário";1;0;0;1;0;0;0;0;0;0;1;1;0;0;0
"15/09/2017";"13:32:00";"45";"com vítima";"268,244";"BR-393/RJ";"Pista Norte";"Colisão lateral no sentido contrário";1;0;1;0;0;0;0;0;0;0;1;1;0;1;0
"15/09/2017";"16:09:00";"59";"sem vítima";"157";"BR-393/RJ";"Pista Sul";"Colisão com veículos (traseira)";1;0;1;0;0;0;0;0;0;0;4;0;0;0;0
"15/09/2017";"21:54:00";"88";"sem vítima";"284";"BR-393/RJ";"Pista Sul";"Saídas de pista";1;0;0;0;0;0;0;0;0;0;1;0;0;0;0
"16/09/2017";"06:33:00";"16";"com vítima";"165,85";"BR-393/RJ";"Pista Sul";"Colisão lateral no sentido contrário";2;0;0;0;0;0;0;0;0;0;1;1;0;0;0
"16/09/2017";"08:35:00";"21";"com vítima";"106,42";"BR-393/RJ";"Pista Sul";"Colisão lateral no sentido contrário";1;0;0;1;0;0;0;0;0;0;1;0;1;0;0
"16/09/2017";"11:14:00";"27";"sem vítima";"282";"BR-393/RJ";"Pista Sul";"Colisão com veículos (traseira)";2;0;0;0;0;0;0;0;0;0;2;0;0;0;0
"17/09/2017";"06:40:00";"15";"sem vítima";"240,481";"BR-393/RJ";"Pista Norte";"Saídas de pista";1;0;0;0;0;0;0;0;0;0;2;0;0;0;0
"17/09/2017";"12:09:00";"25";"sem vítima";"195,08";"BR-393/RJ";"Pista Norte";"Colisão com veículos (traseira)";2;0;0;0;0;0;0;0;0;0;6;0;0;0;0
"17/09/2017";"14:20:00";"28";"com vítima";"284";"BR-393/RJ";"Pista Sul";"Colisão com veículos (traseira)";2;0;0;0;0;0;0;0;0;0;2;1;0;0;0
"19/09/2017";"09:49:00";"31";"com vítima";"199,627";"BR-393/RJ";"Pista Norte";"Colisão lateral no sentido contrário";0;0;2;0;0;0;0;0;0;0;1;2;0;0;0
"19/09/2017";"18:24:00";"60";"com vítima";"160,178";"BR-393/RJ";"Pista Sul";"Atropelamento de pedestre";1;0;0;0;1;0;0;0;0;0;2;1;1;0;0
"19/09/2017";"19:25:00";"67";"com vítima";"105";"BR-393/RJ";"Pista Norte";"Atropelamento de animais";1;0;0;0;0;0;0;0;0;0;2;1;0;0;0
"19/09/2017";"22:05:00";"72";"sem vítima";"237";"BR-393/RJ";"Pista Sul";"Colisão c/ obstáculos";2;0;0;0;0;0;0;0;0;0;2;0;0;0;0
"20/09/2017";"08:54:00";"22";"com vítima";"266,148";"BR-393/RJ";"Pista Norte";"Tombamento";0;0;1;0;0;0;0;0;0;0;0;2;0;1;0
"20/09/2017";"12:53:00";"37";"com vítima";"285,581";"BR-393/RJ";"Pista Norte";"Acidentes de outra natureza";0;0;0;1;0;0;0;0;0;0;0;0;1;0;0
"20/09/2017";"18:27:00";"61";"com vítima";"238,462";"BR-393/RJ";"Pista Norte";"Acidentes de outra natureza";0;0;0;1;0;0;0;0;0;0;0;1;0;0;0
"21/09/2017";"01:19:00";"2";"sem vítima";"265";"BR-393/RJ";"Pista Sul";"Colisão lateral no mesmo sentido";1;0;1;0;0;0;0;0;0;0;2;0;0;0;0
"21/09/2017";"20:59:00";"63";"com vítima";"218,9";"BR-393/RJ";"Pista Sul";"Saídas de pista";1;0;0;0;0;0;0;0;0;0;0;2;0;0;0
"22/09/2017";"07:44:00";"12";"com vítima";"269";"BR-393/RJ";"Pista Norte";"Saídas de pista";1;0;0;0;0;0;0;0;0;0;0;1;0;0;0
"22/09/2017";"08:31:00";"14";"sem vítima";"283";"BR-393/RJ";"Pista Norte";"Engavetamento";2;0;1;1;0;0;0;0;0;0;4;0;0;0;0
"23/09/2017";"15:58:00";"45";"com vítima";"230,281";"BR-393/RJ";"Pista Sul";"Colisão c/ obstáculos";0;0;1;0;0;0;0;0;0;0;0;1;0;0;0
"23/09/2017";"19:46:00";"59";"com vítima";"277,45";"BR-393/RJ";"Pista Norte";"Saídas de pista";1;0;0;0;0;0;0;0;0;0;0;1;0;0;0
"24/09/2017";"07:06:00";"15";"sem vítima";"246";"BR-393/RJ";"Pista Norte";"Capotamento";1;0;0;0;0;0;0;0;0;0;1;0;0;0;0
"24/09/2017";"07:26:00";"17";"com vítima";"188";"BR-393/RJ";"Pista Norte";"Atropelamento de pedestre";1;0;0;0;0;0;0;0;0;0;1;0;0;1;0
"24/09/2017";"18:22:00";"48";"com vítima";"285";"BR-393/RJ";"Pista Norte";"Colisão lateral no sentido contrário";2;0;0;0;0;0;0;0;0;0;2;2;0;0;0
"27/09/2017";"18:38:00";"83";"com vítima";"178,302";"BR-393/RJ";"Pista Sul";"Colisão com veículos (traseira)";2;0;0;0;0;0;0;0;0;0;1;1;0;0;0
"28/09/2017";"12:02:00";"39";"sem vítima";"177,793";"BR-393/RJ";"Pista Norte";"Colisão com veículos (traseira)";1;0;0;0;0;0;0;0;0;1;5;0;0;0;0
"29/09/2017";"11:48:00";"35";"com vítima";"133,3";"BR-393/RJ";"Pista Sul";"Atropelamento de pedestre";1;0;0;0;0;0;0;0;0;0;0;2;0;0;0
"30/09/2017";"08:27:00";"18";"com vítima";"107";"BR-393/RJ";"Pista Sul";"Colisão lateral no mesmo sentido";1;0;1;0;0;0;0;0;0;0;1;1;0;0;0
"30/09/2017";"09:25:00";"21";"sem vítima";"138";"BR-393/RJ";"Pista Sul";"Colisão c/ obstáculos";0;0;1;0;0;0;0;0;0;0;1;0;0;0;0
"30/09/2017";"11:20:00";"26";"com vítima";"263";"BR-393/RJ";"Pista Sul";"Saídas de pista";1;0;0;0;0;0;0;0;0;0;0;1;0;0;0
"30/09/2017";"13:12:00";"33";"sem vítima";"123,337";"BR-393/RJ";"Pista Norte";"Colisão c/ obstáculos";1;0;0;0;0;0;0;0;0;0;1;0;0;0;0
"30/09/2017";"15:37:00";"35";"sem vítima";"260";"BR-393/RJ";"Pista Norte";"Saídas de pista";1;0;0;0;0;0;0;0;0;0;4;0;0;0;0
"01/10/2017";"06:17:00";"13";"com vítima";"130,345";"BR-393/RJ";"Pista Norte";"Colisão c/ obstáculos";1;0;0;0;0;0;0;0;0;0;0;1;0;0;0
"01/10/2017";"07:14:00";"16";"com vítima";"169,381";"BR-393/RJ";"Pista Sul";"Colisão c/ obstáculos";1;0;0;0;0;0;0;0;0;0;3;2;2;0;0
"01/10/2017";"17:34:00";"51";"sem vítima";"284,569";"BR-393/RJ";"Pista Norte";"Colisão com veículos (traseira)";1;0;0;1;0;0;0;0;0;0;3;0;0;0;0
"03/10/2017";"04:40:00";"12";"sem vítima";"230";"BR-393/RJ";"Pista Sul";"Colisão com veículos (traseira)";0;0;2;0;0;0;0;0;0;0;2;0;0;0;0
"04/10/2017";"01:59:00";"11";"com vítima";"236,8";"BR-393/RJ";"Pista Norte";"Colisão com veículos (traseira)";1;0;1;0;0;0;0;0;0;0;3;1;0;0;0
"06/10/2017";"15:33:00";"60";"sem vítima";"285,6";"BR-393/RJ";"Pista Sul";"Colisão lateral no mesmo sentido";1;0;1;0;0;0;0;0;0;0;2;0;0;0;0
"06/10/2017";"23:32:00";"80";"sem vítima";"280,313";"BR-393/RJ";"Pista Norte";"Engavetamento";3;0;0;0;0;0;0;0;0;0;3;0;0;0;0
"07/10/2017";"17:50:00";"40";"com vítima";"285,9";"BR-393/RJ";"Pista Norte";"Colisão com veículos (frontal)";2;0;0;0;0;0;0;0;0;0;2;1;1;0;0
"07/10/2017";"19:37:00";"50";"sem vítima";"286";"BR-393/RJ";"Pista Norte";"Colisão lateral no sentido contrário";2;0;0;0;0;0;0;0;0;0;2;0;0;0;0
"07/10/2017";"20:32:00";"54";"com vítima";"283,8";"BR-393/RJ";"Pista Norte";"Colisão lateral no mesmo sentido";1;0;0;1;0;0;0;0;0;0;4;0;0;1;0
"07/10/2017";"23:41:00";"59";"sem vítima";"211";"BR-393/RJ";"Pista Norte";"Atropelamento de animais";0;0;1;0;0;0;0;0;0;0;1;0;0;0;0
"08/10/2017";"00:05:00";"1";"com vítima";"111,6";"BR-393/RJ";"Pista Norte";"Colisão lateral no sentido contrário";1;0;1;0;0;0;0;0;0;0;1;0;0;1;0
"08/10/2017";"00:38:00";"2";"sem vítima";"189,9";"BR-393/RJ";"Pista Norte";"Atropelamento de animais";0;0;1;0;0;0;0;0;0;0;1;0;0;0;0
"08/10/2017";"03:36:00";"15";"sem vítima";"175";"BR-393/RJ";"Pista Norte";"Capotamento";1;0;0;0;0;0;0;0;0;0;1;0;0;0;0
"08/10/2017";"05:12:00";"18";"com vítima";"112";"BR-393/RJ";"Pista Norte";"Colisão com veículos (traseira)";1;0;0;1;0;0;0;0;0;0;4;1;0;0;0
"08/10/2017";"05:24:00";"19";"com vítima";"136";"BR-393/RJ";"Pista Norte";"Capotamento";1;0;0;0;0;0;0;0;0;0;0;1;0;0;0
"08/10/2017";"17:21:00";"49";"com vítima";"246,7";"BR-393/RJ";"Pista Norte";"Colisão com veículos (frontal)";2;0;1;0;0;0;0;0;0;0;2;0;0;0;1
"08/10/2017";"19:10:00";"51";"com vítima";"244,5";"BR-393/RJ";"Pista Sul";"Engavetamento";3;0;0;0;0;0;0;0;0;0;2;5;0;0;0
"08/10/2017";"19:40:00";"53";"com vítima";"253,6";"BR-393/RJ";"Pista Sul";"Capotamento";1;0;0;0;0;0;0;0;0;0;0;2;0;0;0
"09/10/2017";"05:46:00";"14";"com vítima";"263,172";"BR-393/RJ";"Pista Sul";"Acidentes de outra natureza";0;0;0;1;0;0;0;0;0;0;0;1;0;0;0
"09/10/2017";"20:56:00";"68";"sem vítima";"281";"BR-393/RJ";"Pista Sul";"Colisão lateral no mesmo sentido";1;0;0;1;0;0;0;0;0;0;2;0;0;0;0
"10/10/2017";"14:59:00";"53";"com vítima";"268,295";"BR-393/RJ";"Pista Norte";"Colisão lateral no sentido contrário";2;0;0;0;0;0;0;0;0;0;3;1;0;0;0
"10/10/2017";"22:57:00";"81";"com vítima";"1,217";"Alça Sul";"Pista Norte";"Colisão com veículos (traseira)";2;0;0;0;0;0;0;0;0;0;3;2;0;0;0
"11/10/2017";"11:26:00";"24";"com vítima";"281";"BR-393/RJ";"Pista Sul";"Colisão lateral no sentido contrário";1;0;0;1;0;0;0;0;0;0;1;0;1;0;0
"11/10/2017";"13:52:00";"33";"sem vítima";"118,935";"BR-393/RJ";"Pista Norte";"Colisão c/ obstáculos";1;0;0;0;0;0;0;0;0;0;2;0;0;0;0
"11/10/2017";"21:14:00";"60";"com vítima";"171";"BR-393/RJ";"Pista Norte";"Capotamento";1;0;0;0;0;0;0;0;0;0;0;1;0;0;0
"13/10/2017";"18:50:00";"78";"sem vítima";"286,35";"BR-393/RJ";"Pista Sul";"Engavetamento";3;0;0;0;0;0;0;0;0;0;4;0;0;0;0
"14/10/2017";"06:42:00";"14";"com vítima";"161,572";"BR-393/RJ";"Pista Sul";"Acidentes de outra natureza";0;0;0;1;0;0;0;0;0;0;1;1;0;0;0
"14/10/2017";"22:12:00";"58";"com vítima";"280,531";"BR-393/RJ";"Pista Sul";"Colisão com veículos (frontal)";1;0;0;2;0;0;0;0;0;0;1;1;1;0;0
"15/10/2017";"15:15:00";"34";"sem vítima";"178";"BR-393/RJ";"Pista Sul";"Colisão com veículos (traseira)";1;0;1;0;0;0;0;0;0;0;5;0;0;0;0
"16/10/2017";"06:39:00";"17";"sem vítima";"284";"BR-393/RJ";"Pista Norte";"Colisão com veículos (traseira)";2;0;0;0;0;0;0;0;0;0;2;0;0;0;0
"16/10/2017";"12:05:00";"42";"sem vítima";"285,257";"BR-393/RJ";"Pista Norte";"Colisão c/ obstáculos";2;0;0;0;0;0;0;0;0;0;3;0;0;0;0
"16/10/2017";"14:35:00";"47";"com vítima";"171,462";"BR-393/RJ";"Pista Norte";"Colisão com veículos (frontal)";2;0;0;0;0;0;0;0;0;0;1;1;0;0;0
"17/10/2017";"06:47:00";"13";"com vítima";"176,824";"BR-393/RJ";"Pista Norte";"Atropelamento de pedestre";1;1;0;0;0;0;0;0;0;0;0;2;0;0;0
"17/10/2017";"20:27:00";"58";"com vítima";"242,849";"BR-393/RJ";"Pista Sul";"Colisão c/ obstáculos";1;0;0;0;1;0;0;0;0;0;2;1;0;0;0
"18/10/2017";"00:21:00";"1";"sem vítima";"2";"Alça Sul";"Pista Sul";"Capotamento";1;0;0;0;0;0;0;0;0;0;1;0;0;0;0
"18/10/2017";"23:32:00";"81";"sem vítima";"195,095";"BR-393/RJ";"Pista Norte";"Colisão lateral no mesmo sentido";1;0;1;0;0;0;0;0;0;0;3;0;0;0;0
"20/10/2017";"16:02:00";"50";"sem vítima";"195";"BR-393/RJ";"Pista Sul";"Colisão c/ obstáculos";0;0;1;0;0;0;0;0;0;0;1;0;0;0;0
"20/10/2017";"16:09:00";"51";"com vítima";"181,687";"BR-393/RJ";"Pista Sul";"Acidentes de outra natureza";0;0;0;1;0;0;0;0;0;0;0;0;1;0;0
"20/10/2017";"21:12:00";"66";"com vítima";"104";"BR-393/RJ";"Pista Sul";"Acidentes de outra natureza";1;0;0;1;0;0;0;0;0;0;1;0;1;0;0
"21/10/2017";"08:23:00";"19";"sem vítima";"234,812";"BR-393/RJ";"Pista Sul";"Acidentes de outra natureza";0;0;0;1;0;0;0;0;0;0;1;0;0;0;0
"22/10/2017";"18:06:00";"58";"sem vítima";"164,636";"BR-393/RJ";"Pista Sul";"Acidentes de outra natureza";0;0;0;1;0;0;0;0;0;0;2;0;0;0;0
"23/10/2017";"05:21:00";"11";"sem vítima";"123";"BR-393/RJ";"Pista Sul";"Colisão c/ obstáculos";0;0;1;0;0;0;0;0;0;0;2;0;0;0;0
"23/10/2017";"15:18:00";"36";"com vítima";"262,945";"BR-393/RJ";"Pista Sul";"Capotamento";1;0;0;0;0;0;0;0;0;0;0;0;1;0;0
"24/10/2017";"10:16:00";"23";"com vítima";"107,956";"BR-393/RJ";"Pista Sul";"Acidentes de outra natureza";0;0;0;1;0;0;0;0;0;0;0;1;0;0;0
"24/10/2017";"17:46:00";"42";"com vítima";"176,625";"BR-393/RJ";"Pista Norte";"Engavetamento";3;0;0;0;0;0;0;0;0;0;4;1;0;0;0
"25/10/2017";"22:54:00";"78";"com vítima";"102,511";"BR-393/RJ";"Pista Sul";"Colisão lateral no sentido contrário";0;0;0;1;1;0;0;0;0;0;1;1;0;1;0
"26/10/2017";"10:35:00";"40";"com vítima";"267,297";"BR-393/RJ";"Pista Sul";"Colisão c/ obstáculos";1;0;0;0;0;0;0;0;0;0;0;3;0;0;0