data;horario;n_da_ocorrencia;tipo_de_ocorrencia;km;trecho;sentido;tipo_de_acidente;automovel;bicicleta;caminhao;moto;onibus;outros;tracao_animal;transporte_de_cargas_especiais;trator_maquinas;utilitarios;ilesos;levemente_feridos;moderadamente_feridos;gravemente_feridos;mortos
"31/12/2017";"09:01:00";"21";"com vítima";"114,412";"BR-393/RJ";"Pista Norte";"Tombamento";0;0;1;0;0;0;0;0;0;0;0;1;1;0;0
"31/12/2017";"17:08:00";"44";"com vítima";"263,748";"BR-393/RJ";"Pista Sul";"Colisão c/ obstáculos";0;0;0;0;0;0;0;0;0;1;0;4;0;0;0
"31/12/2017";"20:33:00";"52";"com vítima";"104,403";"BR-393/RJ";"Pista Norte";"Atropelamento de pedestre";1;0;0;0;0;0;0;0;0;0;5;0;1;0;0
"01/01/2018";"01:43:00";"2";"sem vítima";"281,517";"BR-393/RJ";"Pista Norte";"Colisão lateral no sentido contrário";2;0;0;0;0;0;0;0;0;0;2;0;0;0;0
"02/01/2018";"07:34:00";"24";"sem vítima";"114,434";"BR-393/RJ";"Pista Norte";"Tombamento";0;0;1;0;0;0;0;0;0;0;1;0;0;0;0
"03/01/2018";"07:03:00";"29";"com vítima";"164,68";"BR-393/RJ";"Pista Norte";"Acidentes de outra natureza";0;0;0;1;0;0;0;0;0;0;0;0;1;0;0
"03/01/2018";"10:12:00";"52";"sem vítima";"175,52";"BR-393/RJ";"Pista Sul";"Colisão com veículos (traseira)";1;0;0;0;1;0;0;0;0;0;2;0;0;0;0
"04/01/2018";"07:23:00";"18";"sem vítima";"123,137";"BR-393/RJ";"Pista Norte";"Colisão c/ obstáculos";1;0;0;0;0;0;0;0;0;0;1;0;0;0;0
"04/01/2018";"17:36:00";"56";"sem vítima";"205,95";"BR-393/RJ";"Pista Norte";"Capotamento";1;0;0;0;0;0;0;0;0;0;3;0;0;0;0
"05/01/2018";"12:31:00";"50";"sem vítima";"103,878";"BR-393/RJ";"Pista Norte";"Colisão com veículos (traseira)";1;0;1;0;0;0;0;0;0;0;3;0;0;0;0
"05/01/2018";"17:24:00";"76";"sem vítima";"250,897";"BR-393/RJ";"Pista Norte";"Colisão lateral no sentido contrário";1;0;1;0;0;0;0;0;0;0;2;0;0;0;0
"06/01/2018";"18:46:00";"93";"com vítima";"249,647";"BR-393/RJ";"Pista Sul";"Capotamento";1;0;0;0;0;0;0;0;0;0;0;1;0;0;0
"07/01/2018";"00:18:00";"1";"com vítima";"281,066";"BR-393/RJ";"Pista Norte";"Colisão lateral no sentido contrário";1;0;0;1;0;0;0;0;0;0;1;1;1;0;0
"07/01/2018";"01:35:00";"3";"sem vítima";"273,42";"BR-393/RJ";"Pista Norte";"Atropelamento de animais";1;0;0;0;0;0;0;0;0;0;1;0;0;0;0
"07/01/2018";"07:02:00";"21";"sem vítima";"207,817";"BR-393/RJ";"Pista Norte";"Saídas de pista";1;0;0;0;0;0;0;0;0;0;4;0;0;0;0
"07/01/2018";"13:52:00";"40";"sem vítima";"121,685";"BR-393/RJ";"Pista Sul";"Tombamento";0;0;1;0;0;0;0;0;0;0;1;0;0;0;0
"07/01/2018";"14:15:00";"41";"sem vítima";"141,787";"BR-393/RJ";"Pista Norte";"Colisão com veículos (traseira)";2;0;0;0;0;0;0;0;0;0;5;0;0;0;0
"07/01/2018";"15:25:00";"45";"sem vítima";"236,504";"BR-393/RJ";"Pista Sul";"Colisão c/ obstáculos";1;0;0;0;0;0;0;0;0;0;2;0;0;0;0
"07/01/2018";"21:32:00";"60";"sem vítima";"284,2";"BR-393/RJ";"Pista Norte";"Colisão lateral no mesmo sentido";1;0;1;0;0;0;0;0;0;0;3;0;0;0;0
"08/01/2018";"14:41:00";"66";"sem vítima";"285,998";"BR-393/RJ";"Pista Norte";"Engavetamento";2;0;0;1;0;0;0;0;0;0;3;0;0;0;0
"09/01/2018";"06:12:00";"17";"sem vítima";"184,463";"BR-393/RJ";"Pista Sul";"Colisão lateral no sentido contrário";1;0;1;0;0;0;0;0;0;0;4;0;0;0;0
"09/01/2018";"12:25:00";"46";"sem vítima";"142,295";"BR-393/RJ";"Pista Norte";"Colisão lateral no sentido contrário";2;0;0;0;0;0;0;0;0;0;2;0;0;0;0
"09/01/2018";"17:13:00";"69";"sem vítima";"135,392";"BR-393/RJ";"Pista Sul";"Engavetamento";3;0;0;0;0;0;0;0;0;0;8;0;0;0;0
"09/01/2018";"18:14:00";"75";"com vítima";"282,552";"BR-393/RJ";"Pista Norte";"Colisão c/ obstáculos";1;0;0;1;0;0;0;0;0;0;1;0;1;0;0
"10/01/2018";"01:59:00";"2";"sem vítima";"282,096";"BR-393/RJ";"Pista Norte";"Saídas de pista";1;0;0;0;0;0;0;0;0;0;1;0;0;0;0
"10/01/2018";"08:47:00";"32";"com vítima";"258,144";"BR-393/RJ";"Pista Norte";"Colisão com veículos (traseira)";2;0;0;0;0;0;0;0;0;0;4;1;0;0;0
"11/01/2018";"17:00:00";"77";"com vítima";"281,451";"BR-393/RJ";"Pista Norte";"Colisão com veículos (frontal)";1;0;0;1;0;0;0;0;0;0;1;1;0;0;0
"11/01/2018";"21:42:00";"97";"com vítima";"286,02";"BR-393/RJ";"Pista Norte";"Colisão lateral no sentido contrário";2;0;0;0;0;0;0;0;0;0;1;1;0;0;0
"12/01/2018";"16:39:00";"73";"sem vítima";"181,27";"BR-393/RJ";"Pista Norte";"Colisão lateral no sentido contrário";0;0;1;0;1;0;0;0;0;0;2;0;0;0;0
"13/01/2018";"11:14:00";"45";"com vítima";"208,975";"BR-393/RJ";"Pista Norte";"Colisão lateral no mesmo sentido";2;0;0;0;0;0;0;0;0;0;3;1;0;0;0
"13/01/2018";"17:21:00";"63";"com vítima";"285,952";"BR-393/RJ";"Pista Sul";"Colisão lateral no sentido contrário";2;0;0;0;0;0;0;0;0;0;4;2;0;0;0
"13/01/2018";"20:41:00";"72";"sem vítima";"224,103";"BR-393/RJ";"Pista Sul";"Colisão c/ obstáculos";1;0;0;0;0;0;0;0;0;0;2;0;0;0;0
"13/01/2018";"22:22:00";"81";"sem vítima";"181,256";"BR-393/RJ";"Pista Norte";"Colisão com veículos (traseira)";2;0;0;0;0;0;0;0;0;0;5;0;0;0;0
"14/01/2018";"15:26:00";"51";"com vítima";"239,937";"BR-393/RJ";"Pista Sul";"Colisão lateral no sentido contrário";1;0;0;1;0;0;0;0;0;0;2;1;0;0;0
"14/01/2018";"18:30:00";"66";"com vítima";"278,202";"BR-393/RJ";"Pista Sul";"Colisão com veículos (traseira)";1;0;0;1;0;0;0;0;0;0;1;1;0;0;0
"15/01/2018";"04:09:00";"7";"sem vítima";"285,337";"BR-393/RJ";"Pista Sul";"Colisão c/ obstáculos";1;0;0;0;0;0;0;0;0;0;1;0;0;0;0
"15/01/2018";"16:04:00";"67";"sem vítima";"210,701";"BR-393/RJ";"Pista Sul";"Tombamento";0;0;1;0;0;0;0;0;0;0;1;0;0;0;0
"15/01/2018";"22:16:00";"87";"com vítima";"181,017";"BR-393/RJ";"Pista Norte";"Colisão com veículos (frontal)";0;0;1;0;1;0;0;0;0;0;37;1;0;0;0
"16/01/2018";"11:20:00";"40";"sem vítima";"243,826";"BR-393/RJ";"Pista Sul";"Colisão c/ obstáculos";1;0;0;0;0;0;0;0;0;0;1;0;0;0;0
"17/01/2018";"07:42:00";"16";"sem vítima";"244,213";"BR-393/RJ";"Pista Norte";"Colisão lateral no sentido contrário";1;0;1;0;0;0;0;0;0;0;4;0;0;0;0
"17/01/2018";"17:36:00";"63";"sem vítima";"283,262";"BR-393/RJ";"Pista Norte";"Colisão com veículos (traseira)";2;0;0;0;0;0;0;0;0;0;2;0;0;0;0
"19/01/2018";"12:37:00";"63";"sem vítima";"177,726";"BR-393/RJ";"Pista Sul";"Colisão com veículos (traseira)";1;0;1;0;0;0;0;0;0;0;3;0;0;0;0
"20/01/2018";"04:20:00";"15";"com vítima";"248,902";"BR-393/RJ";"Pista Sul";"Colisão lateral no sentido contrário";1;0;1;0;0;0;0;0;0;0;1;2;0;0;0
"20/01/2018";"13:20:00";"48";"com vítima";"252,464";"BR-393/RJ";"Pista Norte";"Colisão lateral no sentido contrário";2;0;0;0;0;0;0;0;0;0;0;4;1;0;0
"20/01/2018";"14:36:00";"51";"com vítima";"284,159";"BR-393/RJ";"Pista Sul";"Colisão c/ obstáculos";1;0;0;1;0;0;0;0;0;0;2;1;0;0;0
"20/01/2018";"18:56:00";"64";"sem vítima";"233,84";"BR-393/RJ";"Pista Norte";"Colisão c/ obstáculos";1;0;0;0;0;0;0;0;0;0;1;0;0;0;0
"20/01/2018";"21:52:00";"72";"sem vítima";"265,044";"BR-393/RJ";"Pista Sul";"Colisão lateral no mesmo sentido";1;0;0;0;1;0;0;0;0;0;2;0;0;0;0
"20/01/2018";"23:08:00";"76";"com vítima";"155,189";"BR-393/RJ";"Pista Norte";"Colisão com veículos (frontal)";2;0;0;0;0;0;0;0;0;0;0;5;0;1;0
"21/01/2018";"16:12:00";"45";"sem vítima";"162,113";"BR-393/RJ";"Pista Norte";"Tombamento";0;0;1;0;0;0;0;0;0;0;1;0;0;0;0
"22/01/2018";"18:09:00";"88";"com vítima";"160,474";"BR-393/RJ";"Pista Norte";"Colisão com veículos (frontal)";1;0;2;0;0;0;0;0;0;0;1;0;3;1;0
"25/01/2018";"11:30:00";"44";"sem vítima";"260,177";"BR-393/RJ";"Pista Sul";"Saídas de pista";2;0;0;0;0;0;0;0;0;0;3;0;0;0;0
"25/01/2018";"17:28:00";"65";"com vítima";"131,211";"BR-393/RJ";"Pista Norte";"Atropelamento de pedestre";0;1;1;0;0;0;0;0;0;0;1;1;0;0;0
"25/01/2018";"17:53:00";"67";"sem vítima";"281,086";"BR-393/RJ";"Pista Norte";"Colisão com veículos (traseira)";2;0;0;0;0;0;0;0;0;0;3;0;0;0;0
"25/01/2018";"18:17:00";"69";"sem vítima";"267,6";"BR-393/RJ";"Pista Sul";"Colisão com veículos (traseira)";1;0;1;0;0;0;0;0;0;0;2;0;0;0;0
"26/01/2018";"13:29:00";"51";"com vítima";"234,037";"BR-393/RJ";"Pista Norte";"Colisão lateral no mesmo sentido";0;0;1;1;0;0;0;0;0;0;1;1;0;0;0
"26/01/2018";"16:43:00";"58";"com vítima";"124,323";"BR-393/RJ";"Pista Norte";"Capotamento";1;0;0;0;0;0;0;0;0;0;0;1;0;0;0
"27/01/2018";"02:39:00";"5";"sem vítima";"131,481";"BR-393/RJ";"Pista Norte";"Colisão lateral no sentido contrário";2;0;0;0;0;0;0;0;0;0;2;0;0;0;0
"27/01/2018";"16:42:00";"57";"com vítima";"242,95";"BR-393/RJ";"Pista Sul";"Tombamento";0;0;1;0;0;0;0;0;0;0;0;1;0;0;0
"27/01/2018";"17:53:00";"61";"com vítima";"110,152";"BR-393/RJ";"Pista Norte";"Capotamento";1;0;0;0;0;0;0;0;0;0;3;2;0;0;0
"28/01/2018";"01:23:00";"12";"com vítima";"247,466";"BR-393/RJ";"Pista Sul";"Colisão lateral no sentido contrário";1;0;1;0;0;0;0;0;0;0;1;2;0;0;0
"28/01/2018";"10:22:00";"30";"sem vítima";"125,612";"BR-393/RJ";"Pista Sul";"Colisão com veículos (traseira)";2;0;0;0;0;0;0;0;0;0;5;0;0;0;0
"28/01/2018";"22:13:00";"85";"com vítima";"280,603";"BR-393/RJ";"Pista Sul";"Atropelamento de pedestre";1;0;0;0;0;0;0;0;0;0;1;1;0;0;0
"29/01/2018";"12:57:00";"45";"sem vítima";"236,505";"BR-393/RJ";"Pista Norte";"Saídas de pista";1;0;0;0;0;0;0;0;0;0;1;0;0;0;0
"29/01/2018";"14:50:00";"53";"sem vítima";"185,377";"BR-393/RJ";"Pista Norte";"Colisão com veículos (traseira)";1;0;1;0;0;0;0;0;0;0;6;0;0;0;0
"30/01/2018";"17:18:00";"63";"sem vítima";"268,343";"BR-393/RJ";"Pista Norte";"Colisão lateral no sentido contrário";2;0;0;0;0;0;0;0;0;0;2;0;0;0;0
"01/02/2018";"22:25:00";"92";"sem vítima";"285,599";"BR-393/RJ";"Pista Norte";"Colisão lateral no mesmo sentido";1;0;1;0;0;0;0;0;0;0;3;0;0;0;0
"02/02/2018";"23:12:00";"96";"com vítima";"278,445";"BR-393/RJ";"Pista Norte";"Colisão com veículos (traseira)";2;0;0;0;0;0;0;0;0;0;1;2;0;0;0
"03/02/2018";"02:01:00";"5";"com vítima";"107,915";"BR-393/RJ";"Pista Sul";"Colisão lateral no mesmo sentido";1;0;1;0;0;0;0;0;0;0;2;1;0;0;0
"03/02/2018";"04:14:00";"19";"sem vítima";"235,485";"BR-393/RJ";"Pista Sul";"Atropelamento de animais";0;0;1;0;0;0;0;0;0;0;1;0;0;0;0
"03/02/2018";"04:15:00";"18";"com vítima";"155,484";"BR-393/RJ";"Pista Norte";"Tombamento";0;0;1;0;0;0;0;0;0;0;0;4;0;0;0
"03/02/2018";"13:13:00";"48";"com vítima";"279,873";"BR-393/RJ";"Pista Norte";"Colisão com veículos (traseira)";1;0;0;0;1;0;0;0;0;0;0;2;0;0;0
"03/02/2018";"16:29:00";"66";"com vítima";"171,1";"BR-393/RJ";"Pista Sul";"Acidentes de outra natureza";0;0;0;1;0;0;0;0;0;0;0;1;0;0;0
"04/02/2018";"22:12:00";"51";"com vítima";"285,993";"BR-393/RJ";"Pista Norte";"Acidentes de outra natureza";0;0;0;1;0;0;0;0;0;0;1;1;0;0;0
"05/02/2018";"18:56:00";"66";"sem vítima";"243,3";"BR-393/RJ";"Pista Norte";"Colisão c/ obstáculos";1;0;0;0;0;0;0;0;0;0;1;0;0;0;0
"06/02/2018";"22:01:00";"86";"sem vítima";"286,312";"BR-393/RJ";"Pista Norte";"Colisão com veículos (traseira)";1;0;1;0;0;0;0;0;0;0;3;0;0;0;0
"06/02/2018";"22:26:00";"88";"sem vítima";"286,02";"BR-393/RJ";"Pista Sul";"Colisão lateral no sentido contrário";1;0;0;0;0;0;0;0;0;1;2;0;0;0;0
"07/02/2018";"04:00:00";"8";"sem vítima";"238,522";"BR-393/RJ";"Pista Sul";"Colisão lateral no sentido contrário";1;0;1;0;0;0;0;0;0;0;3;0;0;0;0
"07/02/2018";"13:57:00";"55";"com vítima";"181,9";"BR-393/RJ";"Pista Sul";"Colisão lateral no sentido contrário";1;0;0;1;0;0;0;0;0;0;2;1;0;0;0
"08/02/2018";"08:22:00";"32";"sem vítima";"283,775";"BR-393/RJ";"Pista Sul";"Tombamento";0;0;1;0;0;0;0;0;0;0;2;0;0;0;0
"08/02/2018";"21:06:00";"80";"sem vítima";"283,718";"BR-393/RJ";"Pista Sul";"Colisão com veículos (traseira)";2;0;0;0;0;0;0;0;0;0;3;0;0;0;0
"09/02/2018";"06:48:00";"20";"com vítima";"279,315";"BR-393/RJ";"Pista Norte";"Acidentes de outra natureza";0;0;0;1;0;0;0;0;0;0;0;1;0;0;0
"09/02/2018";"10:30:00";"31";"sem vítima";"160,603";"BR-393/RJ";"Pista Sul";"Colisão lateral no sentido contrário";2;0;0;0;0;0;0;0;0;0;4;0;0;0;0
"09/02/2018";"11:13:00";"34";"com vítima";"102,944";"BR-393/RJ";"Pista Norte";"Atropelamento de pedestre";0;1;1;0;0;0;0;0;0;0;1;0;1;0;0
"10/02/2018";"06:15:00";"24";"com vítima";"147,612";"BR-393/RJ";"Pista Norte";"Colisão com veículos (traseira)";2;0;0;0;0;0;0;0;0;0;5;1;0;0;0
"10/02/2018";"14:24:00";"60";"com vítima";"182,412";"BR-393/RJ";"Pista Norte";"Colisão lateral no mesmo sentido";1;0;0;0;1;0;0;0;0;0;7;1;0;0;0
"11/02/2018";"12:16:00";"45";"com vítima";"229,001";"BR-393/RJ";"Pista Norte";"Saídas de pista";0;0;1;0;0;0;0;0;0;0;0;1;0;0;0
"12/02/2018";"12:28:00";"39";"sem vítima";"211,16";"BR-393/RJ";"Pista Sul";"Colisão c/ obstáculos";1;0;0;0;0;0;0;0;0;0;3;0;0;0;0
"13/02/2018";"21:46:00";"62";"com vítima";"169,518";"BR-393/RJ";"Pista Sul";"Colisão lateral no sentido contrário";1;0;0;0;0;0;0;0;0;1;10;2;0;0;0
"14/02/2018";"01:15:00";"3";"sem vítima";"274,081";"BR-393/RJ";"Pista Sul";"Saídas de pista";1;0;0;0;0;0;0;0;0;0;1;0;0;0;0
"14/02/2018";"02:04:00";"5";"sem vítima";"238,713";"BR-393/RJ";"Pista Sul";"Colisão c/ obstáculos";1;0;0;0;0;0;0;0;0;0;2;0;0;0;0
"14/02/2018";"11:17:00";"30";"com vítima";"147,525";"BR-393/RJ";"Pista Norte";"Capotamento";1;0;0;0;0;0;0;0;0;0;0;0;1;0;0
"14/02/2018";"11:35:00";"32";"sem vítima";"107,27";"BR-393/RJ";"Pista Sul";"Colisão com veículos (traseira)";2;0;0;0;0;0;0;0;0;0;4;0;0;0;0
"14/02/2018";"15:02:00";"44";"sem vítima";"147,713";"BR-393/RJ";"Pista Norte";"Colisão com veículos (traseira)";0;0;1;0;0;0;0;0;0;1;3;0;0;0;0
"14/02/2018";"23:22:00";"65";"com vítima";"122,9";"BR-393/RJ";"Pista Sul";"Atropelamento de pedestre";0;0;0;1;0;0;0;0;0;0;0;0;1;0;1
"14/02/2018";"23:33:00";"66";"sem vítima";"181,215";"BR-393/RJ";"Pista Sul";"Colisão com veículos (traseira)";2;0;0;0;0;0;0;0;0;0;3;0;0;0;0
"16/02/2018";"17:59:00";"69";"sem vítima";"237,904";"BR-393/RJ";"Pista Norte";"Colisão lateral no sentido contrário";2;0;0;0;0;0;0;0;0;0;6;0;0;0;0
"16/02/2018";"22:16:00";"87";"sem vítima";"230,81";"BR-393/RJ";"Pista Norte";"Colisão c/ obstáculos";0;0;0;0;1;0;0;0;0;0;1;0;0;0;0
"18/02/2018";"05:34:00";"16";"sem vítima";"280,117";"BR-393/RJ";"Pista Sul";"Colisão com veículos (traseira)";2;0;0;0;0;0;0;0;0;0;2;0;0;0;0
"18/02/2018";"18:39:00";"49";"com vítima";"181,164";"BR-393/RJ";"Pista Sul";"Engavetamento";3;0;0;0;0;0;0;0;0;0;5;1;0;0;0
"18/02/2018";"18:49:00";"50";"sem vítima";"124,263";"BR-393/RJ";"Pista Norte";"Colisão c/ obstáculos";1;0;0;0;0;0;0;0;0;0;2;0;0;0;0
"19/02/2018";"12:36:00";"61";"sem vítima";"238,938";"BR-393/RJ";"Pista Norte";"Capotamento";1;0;0;0;0;0;0;0;0;0;2;0;0;0;0
"19/02/2018";"20:59:00";"87";"sem vítima";"236,487";"BR-393/RJ";"Pista Sul";"Colisão com veículos (traseira)";2;0;0;0;0;0;0;0;0;0;3;0;0;0;0
"20/02/2018";"15:21:00";"62";"sem vítima";"282,4";"BR-393/RJ";"Pista Norte";"Colisão lateral no sentido contrário";1;0;0;0;0;0;0;0;0;1;3;0;0;0;0
"20/02/2018";"16:03:00";"65";"sem vítima";"215,895";"BR-393/RJ";"Pista Norte";"Colisão lateral no sentido contrário";1;0;1;0;0;0;0;0;0;0;2;0;0;0;0
"21/02/2018";"15:09:00";"52";"sem vítima";"279,28";"BR-393/RJ";"Pista Norte";"Engavetamento";3;0;0;0;0;0;0;0;0;0;3;0;0;0;0
"21/02/2018";"17:55:00";"59";"com vítima";"235,434";"BR-393/RJ";"Pista Norte";"Colisão lateral no sentido contrário";2;0;0;0;0;0;0;0;0;0;0;1;2;0;0
"21/02/2018";"22:41:00";"63";"sem vítima";"278,776";"BR-393/RJ";"Pista Norte";"Colisão lateral no sentido contrário";2;0;0;0;0;0;0;0;0;0;2;0;0;0;0
"22/02/2018";"05:37:00";"13";"sem vítima";"252,384";"BR-393/RJ";"Pista Sul";"Saídas de pista";0;0;0;0;0;0;0;0;0;1;1;0;0;0;0
"22/02/2018";"13:28:00";"50";"sem vítima";"282,15";"BR-393/RJ";"Pista Norte";"Colisão lateral no sentido contrário";2;0;0;0;0;0;0;0;0;0;2;0;0;0;0
"22/02/2018";"13:48:00";"52";"sem vítima";"282,05";"BR-393/RJ";"Pista Sul";"Colisão com veículos (traseira)";2;0;0;0;0;0;0;0;0;0;2;0;0;0;0
"22/02/2018";"16:59:00";"62";"sem vítima";"266,066";"BR-393/RJ";"Pista Norte";"Colisão lateral no mesmo sentido";0;0;2;0;0;0;0;0;0;0;3;0;0;0;0
"24/02/2018";"05:11:00";"14";"com vítima";"208,601";"BR-393/RJ";"Pista Norte";"Colisão c/ obstáculos";1;0;0;0;0;0;0;0;0;0;0;1;1;0;0
"24/02/2018";"05:49:00";"15";"com vítima";"278,87";"BR-393/RJ";"Pista Sul";"Colisão com veículos (traseira)";2;0;0;0;0;0;0;0;0;0;2;3;1;0;0
"24/02/2018";"13:35:00";"46";"sem vítima";"230,802";"BR-393/RJ";"Pista Norte";"Colisão lateral no sentido contrário";2;0;0;0;0;0;0;0;0;0;8;0;0;0;0
"24/02/2018";"20:29:00";"62";"com vítima";"232,563";"BR-393/RJ";"Pista Sul";"Colisão lateral no sentido contrário";2;0;0;0;0;0;0;0;0;0;1;2;0;0;0
"25/02/2018";"22:24:00";"52";"com vítima";"167,92";"BR-393/RJ";"Pista Sul";"Atropelamento de pedestre";1;1;0;0;0;0;0;0;0;0;2;1;0;0;0
"26/02/2018";"12:49:00";"36";"sem vítima";"283,471";"BR-393/RJ";"Pista Sul";"Colisão com veículos (traseira)";2;0;0;0;0;0;0;0;0;0;5;0;0;0;0
"26/02/2018";"13:05:00";"37";"com vítima";"236,594";"BR-393/RJ";"Pista Norte";"Colisão lateral no mesmo sentido";0;0;0;1;1;0;0;0;0;0;1;1;0;0;0
"26/02/2018";"13:27:00";"39";"sem vítima";"281,123";"BR-393/RJ";"Pista Norte";"Colisão lateral no sentido contrário";2;0;0;0;0;0;0;0;0;0;2;0;0;0;0
"26/02/2018";"14:17:00";"41";"com vítima";"245,495";"BR-393/RJ";"Pista Sul";"Colisão lateral no mesmo sentido";1;0;0;1;0;0;0;0;0;0;1;1;0;0;0
"27/02/2018";"07:48:00";"24";"sem vítima";"282,15";"BR-393/RJ";"Pista Sul";"Engavetamento";2;0;0;0;0;0;0;0;0;1;3;0;0;0;0
"27/02/2018";"12:25:00";"52";"sem vítima";"251,851";"BR-393/RJ";"Pista Norte";"Engavetamento";0;0;3;0;0;0;0;0;0;0;3;0;0;0;0
"27/02/2018";"18:29:00";"75";"sem vítima";"266,612";"BR-393/RJ";"Pista Sul";"Colisão lateral no sentido contrário";0;0;1;0;1;0;0;0;0;0;23;0;0;0;0
"27/02/2018";"19:39:00";"84";"com vítima";"279,303";"BR-393/RJ";"Pista Sul";"Atropelamento de pedestre";1;1;0;0;0;0;0;0;0;0;1;1;0;0;0
"28/02/2018";"19:38:00";"70";"sem vítima";"194,503";"BR-393/RJ";"Pista Sul";"Colisão com veículos (traseira)";1;0;0;0;1;0;0;0;0;0;2;0;0;0;0
"01/03/2018";"08:51:00";"24";"sem vítima";"184,83";"BR-393/RJ";"Pista Sul";"Acidentes de outra natureza";0;0;1;0;0;0;0;0;0;0;1;0;0;0;0
"01/03/2018";"12:06:00";"46";"com vítima";"151,95";"BR-393/RJ";"Pista Sul";"Tombamento";0;0;1;0;0;0;0;0;0;0;0;1;0;0;0
"01/03/2018";"14:50:00";"54";"sem vítima";"232,696";"BR-393/RJ";"Pista Sul";"Colisão c/ obstáculos";1;0;0;0;0;0;0;0;0;0;1;0;0;0;0
"02/03/2018";"05:20:00";"22";"sem vítima";"2,52";"Alça Sul";"Pista Norte";"Atropelamento de animais";0;0;0;0;1;0;0;0;0;0;1;0;0;0;0
"02/03/2018";"16:33:00";"62";"com vítima";"238,237";"BR-393/RJ";"Pista Norte";"Colisão com veículos (traseira)";2;0;0;0;0;0;0;0;0;0;4;1;0;0;0
"02/03/2018";"21:28:00";"77";"com vítima";"158,8";"BR-393/RJ";"Pista Sul";"Colisão lateral no sentido contrário";1;0;0;1;0;0;0;0;0;0;1;0;1;0;0
"03/03/2018";"17:41:00";"55";"com vítima";"144,9";"BR-393/RJ";"Pista Norte";"Acidentes de outra natureza";0;0;0;1;0;0;0;0;0;0;0;0;1;0;0
"03/03/2018";"18:10:00";"58";"sem vítima";"265,6";"BR-393/RJ";"Pista Norte";"Colisão c/ obstáculos";0;0;1;0;0;0;0;0;0;0;1;0;0;0;0
"03/03/2018";"20:56:00";"69";"sem vítima";"265,6";"BR-393/RJ";"Pista Norte";"Colisão lateral no mesmo sentido";1;0;1;0;0;0;0;0;0;0;4;0;0;0;0
"04/03/2018";"22:40:00";"51";"com vítima";"105,1";"BR-393/RJ";"Pista Sul";"Colisão lateral no sentido contrário";2;0;0;0;0;0;0;0;0;0;0;2;0;0;0
"08/03/2018";"10:03:00";"37";"com vítima";"259,386";"BR-393/RJ";"Pista Norte";"Colisão lateral no sentido contrário";1;0;1;0;0;0;0;0;0;0;0;1;0;0;2
"10/03/2018";"04:36:00";"7";"sem vítima";"286,003";"BR-393/RJ";"Pista Sul";"Colisão lateral no sentido contrário";2;0;0;0;0;0;0;0;0;0;5;0;0;0;0
"10/03/2018";"18:02:00";"54";"sem vítima";"281,74";"BR-393/RJ";"Pista Norte";"Colisão c/ obstáculos";1;0;0;0;0;0;0;0;0;0;1;0;0;0;0
"10/03/2018";"23:50:00";"80";"sem vítima";"284,35";"BR-393/RJ";"Pista Sul";"Colisão com veículos (traseira)";2;0;0;0;0;0;0;0;0;0;2;0;0;0;0
"11/03/2018";"12:34:00";"42";"com vítima";"238,526";"BR-393/RJ";"Pista Norte";"Acidentes de outra natureza";0;0;0;1;0;0;0;0;0;0;0;1;0;0;0
"11/03/2018";"16:40:00";"56";"com vítima";"137,872";"BR-393/RJ";"Pista Norte";"Capotamento";1;0;0;0;0;0;0;0;0;0;0;1;0;0;0
"11/03/2018";"17:28:00";"58";"sem vítima";"138,5";"BR-393/RJ";"Pista Sul";"Colisão c/ obstáculos";1;0;1;0;0;0;0;0;0;0;2;0;0;0;0
"11/03/2018";"19:16:00";"64";"com vítima";"180,4";"BR-393/RJ";"Pista Norte";"Atropelamento de pedestre";1;0;0;0;0;0;0;0;0;0;1;0;0;1;0
"11/03/2018";"21:01:00";"69";"sem vítima";"268,34";"BR-393/RJ";"Pista Norte";"Colisão lateral no sentido contrário";1;0;1;0;0;0;0;0;0;0;3;0;0;0;0
"12/03/2018";"06:28:00";"17";"com vítima";"229,459";"BR-393/RJ";"Pista Norte";"Saídas de pista";1;0;0;0;0;0;0;0;0;0;3;2;0;0;0
"12/03/2018";"23:15:00";"78";"sem vítima";"164,779";"BR-393/RJ";"Pista Norte";"Colisão c/ obstáculos";1;0;0;0;0;0;0;0;0;0;1;0;0;0;0