data;horario;n_da_ocorrencia;tipo_de_ocorrencia;km;trecho;sentido;tipo_de_acidente;automovel;bicicleta;caminhao;moto;onibus;outros;tracao_animal;transporte_de_cargas_especiais;trator_maquinas;utilitarios;ilesos;levemente_feridos;moderadamente_feridos;gravemente_feridos;mortos
"08/06/2018";"21:46:00";"67";"com vítima";"0,01";"Alça Sul";"Norte";"Colisão lateral no sentido contrário";1;0;0;1;0;0;0;0;0;0;0;2;0;0;0
"09/06/2018";"03:01:00";"15";"com vítima";"2,461";"Alça Sul";"Norte";"Colisão c/ obstáculos";2;0;0;0;0;0;0;0;0;0;1;3;0;0;0
"09/06/2018";"10:10:00";"36";"sem vítima";"265";"BR-393/RJ";"Sul";"Colisão com veículos (traseira)";1;0;1;0;0;0;0;0;0;0;3;0;0;0;0
"09/06/2018";"10:29:00";"39";"com vítima";"151,876";"BR-393/RJ";"Sul";"Tombamento";0;0;1;0;0;0;0;0;0;0;0;1;0;0;0
"10/06/2018";"04:28:00";"14";"com vítima";"234,877";"BR-393/RJ";"Norte";"Colisão c/ obstáculos";1;0;0;0;0;0;0;0;0;0;0;1;0;0;0
"10/06/2018";"14:14:00";"35";"com vítima";"281,561";"BR-393/RJ";"Norte";"Colisão c/ obstáculos";1;0;0;0;0;0;0;0;0;0;0;1;0;0;0
"10/06/2018";"23:58:00";"57";"sem vítima";"266,26";"BR-393/RJ";"Norte";"Saídas de pista";2;0;0;0;0;0;0;0;0;0;2;0;0;0;0
"11/06/2018";"05:43:00";"15";"com vítima";"181,366";"BR-393/RJ";"Norte";"Acidentes de outra natureza";0;0;0;1;0;0;0;0;0;0;0;1;0;0;0
"11/06/2018";"08:47:00";"23";"com vítima";"282,26";"BR-393/RJ";"Norte";"Colisão com veículos (traseira)";0;2;0;1;0;0;0;0;0;0;2;1;0;0;0
"11/06/2018";"14:09:00";"42";"com vítima";"280,126";"BR-393/RJ";"Sul";"Atropelamento de pedestre";0;0;0;1;0;0;0;0;0;0;0;2;0;0;0
"11/06/2018";"21:21:00";"57";"sem vítima";"244,088";"BR-393/RJ";"Norte";"Saídas de pista";1;0;0;0;0;0;0;0;0;0;1;0;0;0;0
"11/06/2018";"23:41:00";"64";"com vítima";"283,1";"BR-393/RJ";"Norte";"Colisão lateral no sentido contrário";1;0;0;0;1;0;0;0;0;0;1;2;0;0;0
"12/06/2018";"18:00:00";"69";"com vítima";"235,304";"BR-393/RJ";"Sul";"Colisão com veículos (traseira)";1;0;0;1;0;0;0;0;0;0;1;2;0;0;0
"12/06/2018";"18:23:00";"70";"com vítima";"2,464";"Alça Sul";"Norte";"Atropelamento de animais";0;0;0;1;0;0;0;0;0;0;0;1;0;0;0
"12/06/2018";"19:45:00";"74";"com vítima";"125,416";"BR-393/RJ";"Norte";"Atropelamento de pedestre";1;0;0;0;0;0;0;0;0;0;1;0;0;1;0
"14/06/2018";"07:38:00";"26";"com vítima";"257,941";"BR-393/RJ";"Norte";"Colisão com veículos (frontal)";2;0;0;0;0;0;0;0;0;0;0;1;1;1;0
"15/06/2018";"00:21:00";"1";"sem vítima";"3,02";"Alça Sul";"Norte";"Colisão c/ obstáculos";1;0;0;0;0;0;0;0;0;0;1;0;0;0;0
"15/06/2018";"18:02:00";"74";"com vítima";"115,724";"BR-393/RJ";"Sul";"Colisão lateral no sentido contrário";2;0;0;0;0;0;0;0;0;0;1;1;2;0;0
"16/06/2018";"17:27:00";"48";"com vítima";"236,752";"BR-393/RJ";"Sul";"Colisão lateral no sentido contrário";1;0;0;1;0;0;0;0;0;0;1;1;0;0;0
"17/06/2018";"07:21:00";"14";"sem vítima";"285";"BR-393/RJ";"Norte";"Colisão c/ obstáculos";1;0;0;0;0;0;0;0;0;0;1;0;0;0;0
"18/06/2018";"04:05:00";"5";"com vítima";"246,183";"BR-393/RJ";"Norte";"Colisão c/ obstáculos";1;0;0;0;0;0;0;0;0;0;0;1;0;0;0
"18/06/2018";"15:58:00";"49";"com vítima";"143,288";"BR-393/RJ";"Norte";"Atropelamento de pedestre";1;0;0;0;0;0;0;0;0;0;4;0;1;0;0
"18/06/2018";"18:27:00";"54";"sem vítima";"195,177";"BR-393/RJ";"Sul";"Colisão com veículos (traseira)";1;0;0;0;0;0;0;0;0;1;3;0;0;0;0
"21/06/2018";"09:18:00";"29";"sem vítima";"265,204";"BR-393/RJ";"Sul";"Colisão c/ obstáculos";0;0;1;0;0;0;0;0;0;0;1;0;0;0;0
"21/06/2018";"18:44:00";"71";"com vítima";"235,235";"BR-393/RJ";"Sul";"Colisão lateral no mesmo sentido";0;0;1;1;0;0;0;0;0;0;1;0;0;1;0
"22/06/2018";"09:19:00";"18";"sem vítima";"103,127";"BR-393/RJ";"Sul";"Colisão com veículos (traseira)";1;0;0;1;0;0;0;0;0;0;2;0;0;0;0
"23/06/2018";"07:38:00";"19";"com vítima";"258";"BR-393/RJ";"Sul";"Capotamento";1;0;0;0;0;0;0;0;0;0;0;1;0;0;0
"23/06/2018";"16:23:00";"48";"com vítima";"181,022";"BR-393/RJ";"Sul";"Colisão c/ obstáculos";1;0;0;0;0;0;0;0;0;0;0;1;0;0;0
"24/06/2018";"17:20:00";"31";"com vítima";"138,9";"BR-393/RJ";"Sul";"Colisão c/ obstáculos";0;0;1;0;1;0;0;0;0;0;1;1;0;0;0
"25/06/2018";"17:06:00";"52";"com vítima";"258,712";"BR-393/RJ";"Norte";"Colisão lateral no sentido contrário";0;0;1;0;0;0;0;0;0;1;1;1;0;0;0
"26/06/2018";"07:12:00";"17";"com vítima";"234,95";"BR-393/RJ";"Sul";"Acidentes de outra natureza";0;0;0;1;0;0;0;0;0;0;0;1;0;0;0
"26/06/2018";"23:04:00";"76";"sem vítima";"213,05";"BR-393/RJ";"Norte";"Atropelamento de animais";0;0;0;0;1;0;0;0;0;0;1;0;0;0;0
"28/06/2018";"13:58:00";"41";"com vítima";"108,2";"BR-393/RJ";"Norte";"Colisão com veículos (traseira)";1;0;1;0;0;0;0;0;0;0;2;1;0;0;0
"28/06/2018";"15:44:00";"50";"sem vítima";"280";"BR-393/RJ";"Sul";"Colisão com veículos (traseira)";2;0;0;0;0;0;0;0;0;0;3;0;0;0;0
"28/06/2018";"19:12:00";"62";"sem vítima";"282";"BR-393/RJ";"Norte";"Colisão com veículos (traseira)";2;0;0;0;0;0;0;0;0;0;2;0;0;0;0
"29/06/2018";"11:58:00";"37";"sem vítima";"103";"BR-393/RJ";"Norte";"Colisão com veículos (traseira)";2;0;0;0;0;0;0;0;0;0;2;0;0;0;0
"29/06/2018";"14:05:00";"40";"com vítima";"286,3";"BR-393/RJ";"Sul";"Colisão lateral no sentido contrário";2;0;0;0;0;0;0;0;0;0;2;2;0;0;0
"29/06/2018";"22:09:00";"64";"com vítima";"282";"BR-393/RJ";"Norte";"Atropelamento de pedestre";1;1;0;0;0;0;0;0;0;0;1;1;0;0;0
"30/06/2018";"11:16:00";"29";"com vítima";"167,396";"BR-393/RJ";"Sul";"Colisão lateral no mesmo sentido";0;0;0;1;0;0;0;0;0;1;1;0;1;0;0
"30/06/2018";"15:55:00";"39";"com vítima";"286,002";"BR-393/RJ";"Sul";"Acidentes de outra natureza";1;0;0;1;0;0;0;0;0;0;1;1;0;0;0
"01/07/2018";"03:58:00";"14";"com vítima";"181,096";"BR-393/RJ";"Norte";"Colisão lateral no mesmo sentido";1;0;0;1;0;0;0;0;0;0;1;1;0;0;0
"01/07/2018";"07:46:00";"19";"com vítima";"145,797";"BR-393/RJ";"Norte";"Tombamento";0;0;1;0;0;0;0;0;0;0;0;1;0;0;0
"01/07/2018";"12:37:00";"33";"sem vítima";"265,171";"BR-393/RJ";"Norte";"Colisão lateral no mesmo sentido";2;0;0;0;0;0;0;0;0;0;6;0;0;0;0
"01/07/2018";"18:20:00";"48";"com vítima";"171,239";"BR-393/RJ";"Sul";"Colisão com veículos (frontal)";0;0;1;1;0;0;0;0;0;0;0;1;0;1;0
"01/07/2018";"23:18:00";"63";"com vítima";"200";"BR-393/RJ";"Norte";"Acidentes de outra natureza";0;0;0;1;0;0;0;0;0;0;0;0;1;0;0
"03/07/2018";"12:01:00";"29";"sem vítima";"282,5";"BR-393/RJ";"Sul";"Colisão com veículos (traseira)";2;0;0;0;0;0;0;0;0;0;4;0;0;0;0
"03/07/2018";"15:56:00";"43";"sem vítima";"285";"BR-393/RJ";"Sul";"Colisão com veículos (traseira)";0;0;1;0;0;0;0;0;0;1;2;0;0;0;0
"03/07/2018";"18:40:00";"52";"sem vítima";"280,132";"BR-393/RJ";"Norte";"Colisão lateral no mesmo sentido";1;0;0;1;0;0;0;0;0;0;2;0;0;0;0
"03/07/2018";"18:42:00";"53";"com vítima";"2,444";"Alça Sul";"Sul";"Colisão com veículos (traseira)";1;0;0;1;0;0;0;0;0;0;1;1;0;0;0
"05/07/2018";"16:14:00";"42";"com vítima";"280,264";"BR-393/RJ";"Norte";"Acidentes de outra natureza";0;1;0;0;0;0;0;0;0;0;0;1;0;0;0
"06/07/2018";"19:40:00";"55";"sem vítima";"153";"BR-393/RJ";"Norte";"Colisão com veículos (frontal)";2;0;0;0;0;0;0;0;0;0;2;0;0;0;0
"07/07/2018";"20:58:00";"50";"com vítima";"167,776";"BR-393/RJ";"Sul";"Colisão lateral no sentido contrário";2;0;0;0;0;0;0;0;0;0;2;1;0;0;0
"08/07/2018";"03:53:00";"3";"com vítima";"105,207";"BR-393/RJ";"Norte";"Acidentes de outra natureza";0;0;0;1;0;0;0;0;0;0;1;1;0;0;0
"08/07/2018";"07:33:00";"17";"com vítima";"114,33";"BR-393/RJ";"Norte";"Tombamento";0;0;1;0;0;0;0;0;0;0;0;1;0;0;0
"08/07/2018";"13:59:00";"34";"com vítima";"267,284";"BR-393/RJ";"Sul";"Capotamento";1;0;0;0;0;0;0;0;0;0;0;1;0;0;0
"08/07/2018";"18:51:00";"45";"sem vítima";"284,584";"BR-393/RJ";"Norte";"Colisão com veículos (traseira)";2;0;0;0;0;0;0;0;0;0;2;0;0;0;0
"08/07/2018";"19:55:00";"49";"sem vítima";"284,566";"BR-393/RJ";"Norte";"Colisão lateral no mesmo sentido";2;0;0;0;0;0;0;0;0;0;2;0;0;0;0
"09/07/2018";"18:32:00";"59";"sem vítima";"159,7";"BR-393/RJ";"Norte";"Atropelamento de animais";2;0;0;0;0;0;0;0;0;0;2;0;0;0;0
"10/07/2018";"17:16:00";"44";"sem vítima";"282";"BR-393/RJ";"Norte";"Engavetamento";3;0;0;0;0;0;0;0;0;0;3;0;0;0;0
"11/07/2018";"19:48:00";"56";"sem vítima";"230,843";"BR-393/RJ";"Sul";"Colisão com veículos (traseira)";1;0;2;0;0;0;0;0;0;0;4;0;0;0;0
"12/07/2018";"13:31:00";"50";"com vítima";"255,64";"BR-393/RJ";"Norte";"Colisão lateral no sentido contrário";2;0;0;0;0;0;0;0;0;0;0;2;1;0;0
"12/07/2018";"21:46:00";"77";"com vítima";"111,123";"BR-393/RJ";"Norte";"Saídas de pista";1;0;0;0;0;0;0;0;0;0;0;2;0;0;0
"13/07/2018";"00:47:00";"2";"com vítima";"112,798";"BR-393/RJ";"Norte";"Colisão com veículos (frontal)";1;0;1;0;0;0;0;0;0;0;0;1;0;0;1
"13/07/2018";"13:03:00";"37";"com vítima";"135,506";"BR-393/RJ";"Sul";"Colisão com veículos (traseira)";2;0;0;0;0;0;0;0;0;0;3;2;0;0;0
"13/07/2018";"18:15:00";"44";"com vítima";"105,224";"BR-393/RJ";"Sul";"Colisão lateral no sentido contrário";1;0;0;1;0;0;0;0;0;0;1;1;0;0;0
"14/07/2018";"04:02:00";"17";"sem vítima";"279";"BR-393/RJ";"Sul";"Saídas de pista";1;0;0;0;0;0;0;0;0;0;2;0;0;0;0
"14/07/2018";"11:58:00";"32";"com vítima";"286,02";"BR-393/RJ";"Norte";"Atropelamento de pedestre";1;1;0;0;0;0;0;0;0;0;1;1;0;0;0
"15/07/2018";"00:35:00";"1";"sem vítima";"279,673";"BR-393/RJ";"Norte";"Colisão com veículos (traseira)";2;0;0;0;0;0;0;0;0;0;2;0;0;0;0
"15/07/2018";"06:26:00";"17";"com vítima";"105,607";"BR-393/RJ";"Norte";"Colisão com veículos (frontal)";0;0;1;1;1;0;0;0;0;0;24;0;1;0;0
"15/07/2018";"12:27:00";"29";"sem vítima";"238,2";"BR-393/RJ";"Sul";"Colisão c/ obstáculos";2;0;0;0;0;0;0;0;0;0;2;0;0;0;0
"15/07/2018";"21:12:00";"63";"com vítima";"281";"BR-393/RJ";"Norte";"Colisão lateral no sentido contrário";1;0;0;1;0;0;0;0;0;0;1;1;0;0;0
"16/07/2018";"06:32:00";"13";"com vítima";"281,499";"BR-393/RJ";"Norte";"Colisão c/ obstáculos";1;0;0;0;0;0;0;0;0;0;0;1;0;0;0
"18/07/2018";"14:39:00";"42";"com vítima";"285,8";"BR-393/RJ";"Sul";"Colisão com veículos (traseira)";1;0;0;1;0;0;0;0;0;0;1;1;0;0;0
"19/07/2018";"11:17:00";"34";"com vítima";"255";"BR-393/RJ";"Norte";"Colisão com veículos (traseira)";3;0;0;0;0;0;0;0;0;0;5;1;0;0;0
"19/07/2018";"14:44:00";"41";"sem vítima";"110,949";"BR-393/RJ";"Norte";"Colisão c/ obstáculos";1;0;0;0;0;0;0;0;0;0;2;0;0;0;0
"20/07/2018";"05:00:00";"15";"com vítima";"183,859";"BR-393/RJ";"Norte";"Capotamento";1;0;0;0;0;0;0;0;0;0;0;3;2;0;0
"20/07/2018";"07:00:00";"19";"com vítima";"249,242";"BR-393/RJ";"Norte";"Acidentes de outra natureza";0;0;0;1;0;0;0;0;0;0;0;1;0;0;0
"20/07/2018";"08:42:00";"20";"com vítima";"238,677";"BR-393/RJ";"Norte";"Colisão lateral no sentido contrário";2;0;0;0;0;0;0;0;0;0;1;3;0;0;0
"20/07/2018";"16:28:00";"40";"com vítima";"168,637";"BR-393/RJ";"Norte";"Capotamento";1;0;0;0;0;0;0;0;0;0;0;2;0;0;0
"20/07/2018";"20:15:00";"59";"sem vítima";"252,455";"BR-393/RJ";"Norte";"Colisão lateral no sentido contrário";2;0;0;0;0;0;0;0;0;0;2;0;0;0;0
"21/07/2018";"09:36:00";"22";"com vítima";"238,679";"BR-393/RJ";"Norte";"Colisão lateral no sentido contrário";1;0;1;0;0;0;0;0;0;0;1;0;0;1;0
"21/07/2018";"12:26:00";"31";"com vítima";"206,582";"BR-393/RJ";"Norte";"Colisão lateral no sentido contrário";1;0;2;0;0;0;0;0;0;0;2;2;0;0;0
"21/07/2018";"19:58:00";"51";"sem vítima";"200,677";"BR-393/RJ";"Sul";"Colisão c/ obstáculos";1;0;0;0;0;0;0;0;0;0;1;0;0;0;0
"22/07/2018";"18:35:00";"66";"sem vítima";"280,159";"BR-393/RJ";"Sul";"Colisão c/ obstáculos";1;0;0;0;0;0;0;0;0;0;3;0;0;0;0
"23/07/2018";"14:04:00";"47";"sem vítima";"282,29";"BR-393/RJ";"Norte";"Engavetamento";1;0;0;0;1;0;0;0;0;1;4;0;0;0;0
"24/07/2018";"13:27:00";"29";"com vítima";"217,151";"BR-393/RJ";"Norte";"Colisão c/ obstáculos";0;0;1;0;0;0;0;0;0;0;0;0;1;0;0
"25/07/2018";"05:18:00";"21";"com vítima";"121,488";"BR-393/RJ";"Sul";"Tombamento";0;0;1;0;0;0;0;0;0;0;0;1;0;0;0
"25/07/2018";"10:58:00";"31";"com vítima";"238";"BR-393/RJ";"Norte";"Colisão c/ obstáculos";1;0;0;0;0;0;0;0;0;0;0;1;0;0;0
"25/07/2018";"14:46:00";"41";"com vítima";"255,335";"BR-393/RJ";"Norte";"Colisão Lateral Mesmo Sentido";0;0;1;1;0;0;0;0;0;0;2;1;0;0;0
"26/07/2018";"13:41:00";"51";"sem vítima";"168,789";"BR-393/RJ";"Norte";"Colisão lateral no sentido contrário";2;0;0;0;0;0;0;0;0;0;2;0;0;0;0
"26/07/2018";"19:14:00";"71";"sem vítima";"210,325";"BR-393/RJ";"Sul";"Atropelamento de animais";0;0;1;0;0;0;0;0;0;0;3;0;0;0;0
"27/07/2018";"08:07:00";"17";"sem vítima";"202,5";"BR-393/RJ";"Norte";"Atropelamento de animais";1;0;0;0;0;0;0;0;0;0;1;0;0;0;0
"27/07/2018";"08:45:00";"19";"sem vítima";"283";"BR-393/RJ";"Norte";"Colisão com veículos (frontal)";1;0;1;0;0;0;0;0;0;0;2;0;0;0;0
"27/07/2018";"12:45:00";"37";"com vítima";"279,125";"BR-393/RJ";"Sul";"Colisão Lateral Mesmo Sentido";1;0;0;1;0;0;0;0;0;0;1;1;0;0;0
"28/07/2018";"02:26:00";"2";"com vítima";"123,642";"BR-393/RJ";"Sul";"Acidentes de outra natureza";0;0;0;1;0;0;0;0;0;0;1;0;1;0;0
"28/07/2018";"21:11:00";"56";"sem vítima";"265,069";"BR-393/RJ";"Sul";"Colisão Lateral Mesmo Sentido";2;0;0;0;0;0;0;0;0;0;4;0;0;0;0
"29/07/2018";"06:57:00";"20";"com vítima";"250,341";"BR-393/RJ";"Norte";"Colisão Lateral Mesmo Sentido";2;0;0;0;0;0;0;0;0;0;1;3;0;0;0
"29/07/2018";"19:42:00";"58";"com vítima";"285,9";"BR-393/RJ";"Norte";"Colisão lateral no sentido contrário";2;0;0;0;0;0;0;0;0;0;2;2;0;0;0
"30/07/2018";"13:17:00";"46";"com vítima";"252";"BR-393/RJ";"Norte";"Acidentes de outra natureza";0;0;0;1;0;0;0;0;0;0;0;1;0;0;0
"30/07/2018";"16:43:00";"55";"com vítima";"274";"BR-393/RJ";"Norte";"Atropelamento de pedestre";1;0;0;0;0;0;0;0;0;0;1;1;0;0;0
"31/07/2018";"04:47:00";"4";"sem vítima";"218,3";"BR-393/RJ";"Sul";"Colisão c/ obstáculos";0;0;0;1;0;0;0;0;0;0;1;0;0;0;0
"31/07/2018";"07:45:00";"19";"sem vítima";"187";"BR-393/RJ";"Sul";"Colisão c/ obstáculos";1;0;0;0;0;0;0;0;0;0;2;0;0;0;0
"01/08/2018";"08:44:00";"23";"sem vítima";"236,748";"BR-393/RJ";"Sul";"Colisão com veículos (traseira)";2;0;0;0;0;0;0;0;0;0;2;0;0;0;0
"01/08/2018";"16:15:00";"50";"sem vítima";"254,099";"BR-393/RJ";"Sul";"Tombamento";0;0;1;0;0;0;0;0;0;0;1;0;0;0;0
"01/08/2018";"16:29:00";"51";"sem vítima";"278,137";"BR-393/RJ";"Sul";"Colisão com veículos (traseira)";0;0;2;0;0;0;0;0;0;0;2;0;0;0;0
"02/08/2018";"14:06:00";"42";"sem vítima";"164,75";"BR-393/RJ";"Norte";"Tombamento";0;0;1;0;0;0;0;0;0;0;1;0;0;0;0
"02/08/2018";"15:00:00";"45";"sem vítima";"173,809";"BR-393/RJ";"Norte";"Colisão c/ obstáculos";1;0;0;0;0;0;0;0;0;0;1;0;0;0;0
"03/08/2018";"16:56:00";"48";"sem vítima";"241,775";"BR-393/RJ";"Sul";"Saídas de pista";1;0;0;0;0;0;0;0;0;0;3;0;0;0;0
"03/08/2018";"19:00:00";"60";"com vítima";"284,235";"BR-393/RJ";"Norte";"Colisão com veículos (traseira)";2;0;0;0;0;0;0;0;0;0;1;1;0;0;0
"03/08/2018";"19:23:00";"62";"com vítima";"228,134";"BR-393/RJ";"Sul";"Colisão com veículos (frontal)";1;0;1;0;0;0;0;0;0;0;1;0;0;1;0
"03/08/2018";"22:35:00";"66";"sem vítima";"179,312";"BR-393/RJ";"Norte";"Colisão com veículos (traseira)";1;0;1;0;0;0;0;0;0;0;4;0;0;0;0
"04/08/2018";"00:55:00";"3";"com vítima";"172,713";"BR-393/RJ";"Norte";"Saídas de pista";1;0;0;0;0;0;0;0;0;0;0;1;0;0;0
"04/08/2018";"03:35:00";"15";"com vítima";"229,874";"BR-393/RJ";"Norte";"Colisão c/ obstáculos";1;0;0;0;0;0;0;0;0;0;0;2;0;0;0
"04/08/2018";"07:59:00";"20";"sem vítima";"151,9";"BR-393/RJ";"Sul";"Saídas de pista";1;0;0;0;0;0;0;0;0;0;2;0;0;0;0
"04/08/2018";"16:42:00";"50";"com vítima";"268,315";"BR-393/RJ";"Sul";"Colisão com veículos (traseira)";2;0;0;0;0;0;0;0;0;0;2;3;0;0;0
"04/08/2018";"17:29:00";"54";"com vítima";"124,599";"BR-393/RJ";"Norte";"Tombamento";0;0;1;0;0;0;0;0;0;0;0;1;0;0;0
"05/08/2018";"22:13:00";"52";"sem vítima";"218,295";"BR-393/RJ";"Sul";"Colisão c/ obstáculos";0;0;1;0;0;0;0;0;0;0;1;0;0;0;0
"06/08/2018";"16:33:00";"48";"sem vítima";"267,05";"BR-393/RJ";"Sul";"Saídas de pista";1;0;0;0;0;0;0;0;0;0;1;0;0;0;0
"06/08/2018";"19:03:00";"52";"com vítima";"236,554";"BR-393/RJ";"Sul";"Colisão com veículos (traseira)";1;0;0;1;0;0;0;0;0;0;1;1;1;0;0
"06/08/2018";"19:20:00";"56";"com vítima";"279,6";"BR-393/RJ";"Sul";"Atropelamento de pedestre";1;1;0;0;0;0;0;0;0;0;1;0;1;0;0
"06/08/2018";"21:09:00";"63";"com vítima";"283,5";"BR-393/RJ";"Norte";"Colisão lateral no sentido contrário";1;1;0;0;0;0;0;0;0;0;1;1;0;0;0
"07/08/2018";"06:49:00";"15";"com vítima";"285,41";"BR-393/RJ";"Norte";"Colisão lateral no sentido contrário";0;0;1;1;0;0;0;0;0;0;3;2;0;0;0
"07/08/2018";"07:50:00";"16";"com vítima";"171,337";"BR-393/RJ";"Norte";"Saídas de pista";1;0;1;0;0;0;0;0;0;0;0;2;0;0;0
"07/08/2018";"15:41:00";"34";"sem vítima";"255,55";"BR-393/RJ";"Norte";"Colisão lateral no sentido contrário";1;0;0;0;1;0;0;0;0;0;3;0;0;0;0
"09/08/2018";"08:56:00";"19";"sem vítima";"175,8";"BR-393/RJ";"Norte";"Colisão c/ obstáculos";1;0;0;0;0;0;0;0;0;0;2;0;0;0;0
"09/08/2018";"13:27:00";"34";"com vítima";"283,594";"BR-393/RJ";"Sul";"Colisão lateral no sentido contrário";1;0;0;1;0;0;0;0;0;0;1;1;0;0;0
"10/08/2018";"18:44:00";"66";"com vítima";"106,729";"BR-393/RJ";"Norte";"Atropelamento - Outros";1;0;0;0;0;0;0;0;0;0;2;1;0;0;0
"11/08/2018";"16:28:00";"49";"sem vítima";"283,607";"BR-393/RJ";"Sul";"Colisão Lateral Mesmo Sentido";2;0;0;0;0;0;0;0;0;0;3;0;0;0;0
"12/08/2018";"02:28:00";"5";"com vítima";"286,003";"BR-393/RJ";"Sul";"Colisão com veículos (frontal)";1;0;0;1;0;0;0;0;0;0;0;2;0;0;1
"13/08/2018";"10:25:00";"28";"com vítima";"106,341";"BR-393/RJ";"Norte";"Colisão lateral no sentido contrário";1;0;0;1;0;0;0;0;0;0;1;1;0;0;0
"13/08/2018";"19:18:00";"60";"sem vítima";"284,58";"BR-393/RJ";"Norte";"Colisão com veículos (traseira)";2;0;0;0;0;0;0;0;0;0;2;0;0;0;0
"14/08/2018";"14:35:00";"36";"sem vítima";"277,36";"BR-393/RJ";"Sul";"Capotamento";1;0;0;0;0;0;0;0;0;0;1;0;0;0;0
"15/08/2018";"00:44:00";"2";"com vítima";"258,514";"BR-393/RJ";"Sul";"Colisão lateral no sentido contrário";1;0;1;0;0;0;0;0;0;0;2;2;0;0;0
"16/08/2018";"10:06:00";"26";"com vítima";"284,93";"BR-393/RJ";"Sul";"Colisão c/ obstáculos";1;0;0;0;0;0;0;0;0;0;0;2;0;0;0
"16/08/2018";"20:19:00";"57";"com vítima";"214,844";"BR-393/RJ";"Sul";"Colisão lateral no sentido contrário";1;0;1;0;0;0;0;0;0;0;1;0;2;0;0
"16/08/2018";"21:52:00";"58";"com vítima";"129,105";"BR-393/RJ";"Sul";"Atropelamento de pedestre";0;0;1;0;0;0;0;0;0;0;0;2;0;0;1
"17/08/2018";"12:24:00";"25";"com vítima";"131,447";"BR-393/RJ";"Norte";"Atropelamento de pedestre";0;1;0;1;0;0;0;0;0;0;1;1;0;0;0
"17/08/2018";"16:38:00";"42";"com vítima";"138,2";"BR-393/RJ";"Norte";"Saídas de pista";1;0;0;0;0;0;0;0;0;0;1;1;0;0;0
"18/08/2018";"11:41:00";"34";"com vítima";"246,167";"BR-393/RJ";"Norte";"Capotamento";0;0;0;1;0;0;0;0;0;0;0;0;0;0;1
"18/08/2018";"18:35:00";"53";"sem vítima";"274,5";"BR-393/RJ";"Sul";"Colisão com veículos (traseira)";2;0;0;0;0;0;0;0;0;0;2;0;0;0;0
"18/08/2018";"18:53:00";"57";"com vítima";"236,788";"BR-393/RJ";"Norte";"Colisão lateral no sentido contrário";1;0;0;1;0;0;0;0;0;0;1;2;0;0;0
"19/08/2018";"19:52:00";"52";"com vítima";"278,917";"BR-393/RJ";"Norte";"Acidentes de outra natureza";0;0;0;1;0;0;0;0;0;0;0;1;0;0;0
"20/08/2018";"16:13:00";"42";"com vítima";"268,35";"BR-393/RJ";"Sul";"Colisão lateral no sentido contrário";2;0;0;0;0;0;0;0;0;0;0;2;0;0;0
"20/08/2018";"20:29:00";"58";"com vítima";"280,444";"BR-393/RJ";"Sul";"Colisão com veículos (traseira)";2;0;0;0;0;0;0;0;0;0;2;2;0;0;0
"22/08/2018";"03:08:00";"4";"sem vítima";"206,308";"BR-393/RJ";"Sul";"Colisão c/ obstáculos";0;0;1;0;0;0;0;0;0;0;1;0;0;0;0
"22/08/2018";"08:24:00";"20";"com vítima";"168,039";"BR-393/RJ";"Norte";"Colisão com veículos (frontal)";1;0;0;1;0;0;0;0;0;0;1;1;0;0;0
"22/08/2018";"16:09:00";"48";"com vítima";"142,379";"BR-393/RJ";"Norte";"Atropelamento de pedestre";1;0;0;0;0;0;0;0;0;0;1;2;1;0;0
"22/08/2018";"19:00:00";"64";"com vítima";"125,8";"BR-393/RJ";"Norte";"Colisão com veículos (traseira)";1;0;1;0;0;0;0;0;0;0;1;1;0;0;0
"23/08/2018";"08:07:00";"28";"sem vítima";"279,229";"BR-393/RJ";"Sul";"Colisão com veículos (traseira)";2;0;0;0;0;0;0;0;0;0;2;0;0;0;0
"23/08/2018";"12:11:00";"38";"com vítima";"202,548";"BR-393/RJ";"Sul";"Colisão com veículos (traseira)";1;0;1;0;0;0;0;0;0;0;0;5;0;0;0
"23/08/2018";"19:32:00";"62";"com vítima";"175,6";"BR-393/RJ";"Norte";"Colisão Lateral Mesmo Sentido";1;0;0;1;0;0;0;0;0;0;1;1;0;0;0
"25/08/2018";"13:53:00";"38";"com vítima";"252,403";"BR-393/RJ";"Norte";"Acidentes de outra natureza";0;0;0;1;0;0;0;0;0;0;0;1;0;0;0
"25/08/2018";"19:39:00";"54";"com vítima";"167,77";"BR-393/RJ";"Norte";"Colisão lateral no sentido contrário";1;0;0;1;0;0;0;0;0;0;1;1;0;0;0
"25/08/2018";"23:05:00";"64";"com vítima";"285,61";"BR-393/RJ";"Norte";"Colisão lateral no sentido contrário";2;0;0;0;0;0;0;0;0;0;3;1;0;0;0
"26/08/2018";"17:17:00";"42";"sem vítima";"238,685";"BR-393/RJ";"Norte";"Colisão lateral no sentido contrário";1;0;1;0;0;0;0;0;0;0;4;0;0;0;0