data;horario;n_da_ocorrencia;tipo_de_ocorrencia;km;trecho;sentido;tipo_de_acidente;automovel;bicicleta;caminhao;moto;onibus;outros;tracao_animal;transporte_de_cargas_especiais;trator_maquinas;utilitarios;ilesos;levemente_feridos;moderadamente_feridos;gravemente_feridos;mortos
"27/08/2018";"08:23:00";"29";"sem vítima";"258,045";"BR-393/RJ";"Norte";"Colisão c/ obstáculos";1;0;0;0;0;0;0;0;0;0;1;0;0;0;0
"27/08/2018";"10:03:00";"35";"com vítima";"144,337";"BR-393/RJ";"Sul";"Colisão lateral no sentido contrário";0;0;1;1;0;0;0;0;0;0;0;1;0;1;0
"27/08/2018";"14:12:00";"47";"sem vítima";"263,045";"BR-393/RJ";"Sul";"Colisão c/ obstáculos";0;0;2;0;0;0;0;0;0;0;2;0;0;0;0
"28/08/2018";"17:20:00";"48";"com vítima";"281,73";"BR-393/RJ";"Sul";"Colisão com veículos (traseira)";1;0;0;1;0;0;0;0;0;0;1;1;0;0;0
"28/08/2018";"18:33:00";"50";"sem vítima";"279";"BR-393/RJ";"Norte";"Colisão lateral no sentido contrário";1;0;0;0;1;0;0;0;0;0;2;0;0;0;0
"29/08/2018";"06:15:00";"19";"com vítima";"153,583";"BR-393/RJ";"Sul";"Tombamento";0;0;1;0;0;0;0;0;0;0;0;1;0;0;1
"29/08/2018";"22:26:00";"61";"com vítima";"219";"BR-393/RJ";"Norte";"Colisão com veículos (traseira)";0;0;0;1;1;0;0;0;0;0;18;0;1;0;0
"30/08/2018";"08:01:00";"28";"sem vítima";"284";"BR-393/RJ";"Norte";"Colisão lateral no sentido contrário";2;0;0;0;0;0;0;0;0;0;2;0;0;0;0
"30/08/2018";"19:32:00";"78";"sem vítima";"134,113";"BR-393/RJ";"Norte";"Colisão lateral no sentido contrário";1;0;1;0;0;0;0;0;0;0;4;0;0;0;0
"30/08/2018";"20:15:00";"81";"com vítima";"285,4";"BR-393/RJ";"Sul";"Atropelamento de pedestre";1;1;0;0;0;0;0;0;0;0;1;0;1;0;0
"31/08/2018";"10:38:00";"46";"sem vítima";"195";"BR-393/RJ";"Norte";"Colisão c/ obstáculos";2;0;0;0;0;0;0;0;0;0;2;0;0;0;0
"31/08/2018";"13:38:00";"60";"com vítima";"230,852";"BR-393/RJ";"Sul";"Saídas de pista";1;0;0;0;0;0;0;0;0;0;0;3;0;0;0
"31/08/2018";"20:28:00";"89";"sem vítima";"286,001";"BR-393/RJ";"Norte";"Colisão com veículos (traseira)";2;0;0;0;0;0;0;0;0;0;2;0;0;0;0
"02/09/2018";"23:47:00";"66";"com vítima";"238,628";"BR-393/RJ";"Norte";"Colisão lateral no sentido contrário";1;0;0;0;1;0;0;0;0;0;1;1;0;0;0
"03/09/2018";"09:35:00";"24";"com vítima";"103,937";"BR-393/RJ";"Norte";"Colisão com veículos (traseira)";1;0;0;1;0;0;0;0;0;0;1;1;0;0;0
"03/09/2018";"10:22:00";"27";"com vítima";"200,468";"BR-393/RJ";"Norte";"Colisão lateral no sentido contrário";1;0;1;0;0;0;0;0;0;0;0;2;0;0;0
"03/09/2018";"12:15:00";"32";"sem vítima";"136,502";"BR-393/RJ";"Norte";"Colisão lateral no mesmo sentido";0;0;1;0;1;0;0;0;0;0;2;0;0;0;0
"03/09/2018";"20:37:00";"71";"sem vítima";"236,595";"BR-393/RJ";"Norte";"Colisão com veículos (traseira)";2;0;0;0;0;0;0;0;0;0;2;0;0;0;0
"04/09/2018";"04:05:00";"10";"com vítima";"139,5";"BR-393/RJ";"Sul";"Saídas de pista";0;0;1;0;0;0;0;0;0;0;0;1;0;0;0
"04/09/2018";"13:52:00";"48";"com vítima";"188,318";"BR-393/RJ";"Sul";"Colisão c/ obstáculos";1;0;0;0;0;0;0;0;0;0;0;1;0;0;0
"05/09/2018";"05:24:00";"15";"com vítima";"239,615";"BR-393/RJ";"Norte";"Saídas de pista";1;0;0;0;0;0;0;0;0;0;0;1;0;0;0
"05/09/2018";"17:10:00";"58";"com vítima";"237,124";"BR-393/RJ";"Sul";"Colisão lateral no mesmo sentido";2;0;0;0;0;0;0;0;0;0;2;1;0;0;0
"06/09/2018";"03:05:00";"5";"com vítima";"132,05";"BR-393/RJ";"Norte";"Colisão c/ obstáculos";1;0;0;0;0;0;0;0;0;0;1;1;0;0;0
"06/09/2018";"15:43:00";"53";"com vítima";"103,79";"BR-393/RJ";"Norte";"Colisão com veículos (frontal)";0;0;1;1;0;0;0;0;0;0;1;0;0;1;1
"06/09/2018";"18:14:00";"64";"com vítima";"135,737";"BR-393/RJ";"Sul";"Saídas de pista";1;0;0;0;0;0;0;0;0;0;0;1;0;0;0
"06/09/2018";"18:50:00";"68";"sem vítima";"267,734";"BR-393/RJ";"Norte";"Atropelamento de animais";0;0;1;0;0;0;0;0;0;0;1;0;0;0;0
"06/09/2018";"21:15:00";"75";"sem vítima";"110,5";"BR-393/RJ";"Norte";"Colisão com veículos (traseira)";1;0;0;1;0;0;0;0;0;0;2;0;0;0;0
"07/09/2018";"21:08:00";"66";"com vítima";"175,6";"BR-393/RJ";"Norte";"Acidentes de outra natureza";0;0;0;1;0;0;0;0;0;0;0;1;0;0;0
"08/09/2018";"09:51:00";"23";"com vítima";"171,762";"BR-393/RJ";"Sul";"Colisão com veículos (traseira)";2;0;0;0;0;0;0;0;0;0;4;1;0;0;0
"08/09/2018";"13:47:00";"38";"sem vítima";"238";"BR-393/RJ";"Sul";"Colisão c/ obstáculos";1;0;0;0;0;0;0;0;0;0;1;0;0;0;0
"08/09/2018";"20:02:00";"56";"sem vítima";"284,225";"BR-393/RJ";"Norte";"Colisão lateral no mesmo sentido";1;0;1;0;0;0;0;0;0;0;2;0;0;0;0
"09/09/2018";"16:30:00";"40";"sem vítima";"212,087";"BR-393/RJ";"Norte";"Colisão com veículos (traseira)";2;0;0;0;0;0;0;0;0;0;4;0;0;0;0
"09/09/2018";"17:19:00";"43";"com vítima";"252,389";"BR-393/RJ";"Norte";"Colisão lateral no sentido contrário";1;0;1;0;0;0;0;0;0;0;1;2;1;0;0
"09/09/2018";"19:28:00";"51";"com vítima";"110,231";"BR-393/RJ";"Norte";"Capotamento";1;0;0;0;0;0;0;0;0;0;0;1;0;0;0
"10/09/2018";"08:28:00";"20";"sem vítima";"282,178";"BR-393/RJ";"Sul";"Engavetamento";3;0;0;0;0;0;0;0;0;0;4;0;0;0;0
"10/09/2018";"18:31:00";"52";"sem vítima";"130,361";"BR-393/RJ";"Sul";"Saida de Pista";0;0;1;0;0;0;0;0;0;0;1;0;0;0;0
"10/09/2018";"19:12:00";"54";"com vítima";"232,7";"BR-393/RJ";"Sul";"Colisão lateral no sentido contrário";2;0;0;0;0;0;0;0;0;0;1;2;1;0;0
"11/09/2018";"19:58:00";"99";"com vítima";"286,003";"BR-393/RJ";"Sul";"Colisão lateral no sentido contrário";1;0;0;1;0;0;0;0;0;0;0;2;0;0;0
"11/09/2018";"23:57:00";"111";"com vítima";"224,408";"BR-393/RJ";"Norte";"Colisão lateral no sentido contrário";0;0;1;0;0;0;0;0;0;1;0;2;0;0;0
"13/09/2018";"14:12:00";"36";"com vítima";"190,342";"BR-393/RJ";"Norte";"Colisão lateral no sentido contrário";2;0;0;0;0;0;0;0;0;0;0;3;1;0;0
"14/09/2018";"07:37:00";"18";"com vítima";"274,8";"BR-393/RJ";"Sul";"Saídas de pista";1;0;0;0;0;0;0;0;0;0;0;2;0;0;0
"14/09/2018";"22:23:00";"89";"sem vítima";"265";"BR-393/RJ";"Sul";"Engavetamento";1;0;1;0;0;0;0;0;0;1;7;0;0;0;0
"15/09/2018";"00:02:00";"1";"sem vítima";"284,349";"BR-393/RJ";"Norte";"Colisão com veículos (traseira)";2;0;0;0;0;0;0;0;0;0;2;0;0;0;0
"15/09/2018";"01:39:00";"3";"com vítima";"108,232";"BR-393/RJ";"Norte";"Colisão c/ obstáculos";0;0;1;0;0;0;0;0;0;0;0;0;1;0;0
"15/09/2018";"09:11:00";"22";"sem vítima";"274";"BR-393/RJ";"Sul";"Saídas de pista";1;0;0;0;0;0;0;0;0;0;1;0;0;0;0
"15/09/2018";"16:11:00";"50";"sem vítima";"168";"BR-393/RJ";"Sul";"Saídas de pista";1;0;0;0;0;0;0;0;0;0;1;0;0;0;0
"15/09/2018";"18:40:00";"54";"sem vítima";"209,649";"BR-393/RJ";"Sul";"Colisão c/ obstáculos";0;0;0;1;0;0;0;0;0;0;2;0;0;0;0
"16/09/2018";"11:13:00";"36";"com vítima";"190,705";"BR-393/RJ";"Norte";"Colisão c/ obstáculos";1;0;0;0;0;0;0;0;0;0;0;2;0;0;0
"16/09/2018";"23:07:00";"65";"sem vítima";"235,99";"BR-393/RJ";"Norte";"Saídas de pista";1;0;0;0;0;0;0;0;0;0;2;0;0;0;0
"17/09/2018";"14:05:00";"38";"sem vítima";"263";"BR-393/RJ";"Sul";"Saídas de pista";1;0;0;0;0;0;0;0;0;0;1;0;0;0;0
"18/09/2018";"08:15:00";"24";"sem vítima";"275,704";"BR-393/RJ";"Norte";"Colisão com veículos (traseira)";2;0;0;0;0;0;0;0;0;0;4;0;0;0;0
"18/09/2018";"16:53:00";"67";"com vítima";"275";"BR-393/RJ";"Norte";"Queda de Moto";0;0;0;1;0;0;0;0;0;0;0;1;0;0;0
"20/09/2018";"23:42:00";"61";"com vítima";"101,9";"BR-393/RJ";"Norte";"Colisão c/ obstáculos";1;0;0;0;0;0;0;0;0;0;0;0;0;1;0
"21/09/2018";"06:50:00";"18";"com vítima";"278,715";"BR-393/RJ";"Norte";"Colisão lateral no sentido contrário";2;0;0;0;0;0;0;0;0;0;0;2;0;0;0
"21/09/2018";"07:19:00";"21";"com vítima";"285,18";"BR-393/RJ";"Sul";"Colisão com veículos (frontal)";1;0;0;0;1;0;0;0;0;0;0;2;0;0;0
"21/09/2018";"09:01:00";"25";"sem vítima";"155,5";"BR-393/RJ";"Norte";"Colisão com veículos (traseira)";0;0;2;0;0;0;0;0;0;0;2;0;0;0;0
"21/09/2018";"14:40:00";"38";"sem vítima";"159";"BR-393/RJ";"Norte";"Colisão lateral no mesmo sentido";1;0;2;0;0;0;0;0;0;0;3;0;0;0;0
"21/09/2018";"18:39:00";"54";"com vítima";"125,858";"BR-393/RJ";"Sul";"Colisão com veículos (traseira)";0;0;1;0;1;0;0;0;0;0;3;1;0;0;0
"22/09/2018";"16:31:00";"42";"sem vítima";"254";"BR-393/RJ";"Sul";"Colisão lateral no mesmo sentido";1;0;1;0;0;0;0;0;0;0;3;0;0;0;0
"22/09/2018";"21:51:00";"56";"com vítima";"282,9";"BR-393/RJ";"Sul";"Atropelamento de pedestre";0;1;1;0;0;0;0;0;0;0;1;0;0;1;0
"23/09/2018";"09:40:00";"30";"sem vítima";"167,729";"BR-393/RJ";"Norte";"Engavetamento";2;0;1;0;0;0;0;0;0;0;5;0;0;0;0
"23/09/2018";"10:08:00";"33";"sem vítima";"127,931";"BR-393/RJ";"Sul";"Colisão c/ obstáculos";1;0;0;0;0;0;0;0;0;0;1;0;0;0;0
"24/09/2018";"00:22:00";"2";"sem vítima";"278,891";"BR-393/RJ";"Sul";"Colisão com veículos (traseira)";2;0;0;0;0;0;0;0;0;0;4;0;0;0;0
"24/09/2018";"08:07:00";"29";"com vítima";"286,001";"BR-393/RJ";"Norte";"Colisão lateral no mesmo sentido";1;0;1;0;0;0;0;0;0;0;1;1;0;0;0
"26/09/2018";"07:37:00";"20";"sem vítima";"177,794";"BR-393/RJ";"Norte";"Colisão com veículos (traseira)";1;0;1;0;0;0;0;0;0;0;2;0;0;0;0
"26/09/2018";"12:22:00";"47";"sem vítima";"265,125";"BR-393/RJ";"Norte";"Acidentes de outra natureza";0;0;0;1;0;0;0;0;0;0;1;0;0;0;0
"26/09/2018";"19:21:00";"79";"com vítima";"179,3";"BR-393/RJ";"Sul";"Colisão com veículos (traseira)";0;0;1;1;0;0;0;0;0;0;1;0;1;0;0
"26/09/2018";"21:53:00";"94";"com vítima";"134,96";"BR-393/RJ";"Norte";"Colisão com veículos (frontal)";1;0;0;0;1;0;0;0;0;0;1;15;0;0;1
"27/09/2018";"06:00:00";"18";"com vítima";"256,831";"BR-393/RJ";"Sul";"Objeto lançado contra veículo";2;0;0;0;0;0;0;0;0;0;4;1;0;0;0
"27/09/2018";"08:32:00";"25";"com vítima";"189,488";"BR-393/RJ";"Norte";"Saídas de pista";1;0;0;0;0;0;0;0;0;0;0;1;0;0;0
"27/09/2018";"10:04:00";"30";"sem vítima";"286";"BR-393/RJ";"Norte";"Colisão lateral no sentido contrário";2;0;0;0;0;0;0;0;0;0;2;0;0;0;0
"27/09/2018";"20:21:00";"73";"com vítima";"235,2";"BR-393/RJ";"Sul";"Colisão lateral no sentido contrário";2;0;0;0;0;0;0;0;0;0;0;2;0;0;0
"27/09/2018";"21:47:00";"75";"sem vítima";"284,616";"BR-393/RJ";"Sul";"Engavetamento";3;0;0;0;0;0;0;0;0;0;7;0;0;0;0
"28/09/2018";"07:38:00";"9";"com vítima";"110";"BR-393/RJ";"Norte";"Colisão com veículos (traseira)";1;0;0;1;0;0;0;0;0;0;1;0;1;0;0
"28/09/2018";"09:47:00";"15";"com vítima";"282";"BR-393/RJ";"Norte";"Colisão lateral no sentido contrário";1;0;0;1;0;0;0;0;0;0;1;0;1;0;0
"28/09/2018";"17:56:00";"38";"sem vítima";"139,5";"BR-393/RJ";"Sul";"Saídas de pista";1;0;0;0;0;0;0;0;0;0;2;0;0;0;0
"28/09/2018";"18:40:00";"44";"sem vítima";"254,465";"BR-393/RJ";"Sul";"Colisão lateral no sentido contrário";1;0;1;0;0;0;0;0;0;0;2;0;0;0;0
"28/09/2018";"19:02:00";"47";"com vítima";"133";"BR-393/RJ";"Sul";"Colisão lateral no sentido contrário";1;0;1;0;0;0;0;0;0;0;1;1;0;0;0
"29/09/2018";"03:43:00";"11";"sem vítima";"103,4";"BR-393/RJ";"Norte";"Capotamento";1;0;0;0;0;0;0;0;0;0;1;0;0;0;0
"29/09/2018";"07:27:00";"14";"com vítima";"281,33";"BR-393/RJ";"Norte";"Colisão c/ obstáculos";1;0;0;0;0;0;0;0;0;0;0;1;0;0;0
"30/09/2018";"01:01:00";"1";"sem vítima";"186,903";"BR-393/RJ";"Sul";"Colisão c/ obstáculos";1;0;0;0;0;0;0;0;0;0;3;0;0;0;0
"01/10/2018";"06:23:00";"18";"com vítima";"284,456";"BR-393/RJ";"Sul";"Engavetamento";3;0;0;0;0;0;0;0;0;0;4;1;0;0;0
"01/10/2018";"22:08:00";"68";"sem vítima";"125";"BR-393/RJ";"Norte";"Colisão com veículos (traseira)";1;0;1;0;0;0;0;0;0;0;2;0;0;0;0
"02/10/2018";"03:54:00";"2";"sem vítima";"249,025";"BR-393/RJ";"Sul";"Colisão c/ obstáculos";0;0;1;0;0;0;0;0;0;0;1;0;0;0;0
"02/10/2018";"10:58:00";"25";"sem vítima";"106,962";"BR-393/RJ";"Norte";"Colisão com veículos (traseira)";0;0;2;0;0;0;0;0;0;0;2;0;0;0;0
"02/10/2018";"17:52:00";"50";"com vítima";"103";"BR-393/RJ";"Norte";"Colisão lateral no sentido contrário";0;0;1;1;0;0;0;0;0;0;1;1;1;0;0
"03/10/2018";"12:26:00";"38";"sem vítima";"285,455";"BR-393/RJ";"Norte";"Colisão lateral no sentido contrário";2;0;0;0;0;0;0;0;0;0;2;0;0;0;0
"03/10/2018";"15:22:00";"43";"sem vítima";"178,226";"BR-393/RJ";"Sul";"Colisão com veículos (traseira)";1;0;1;0;0;0;0;0;0;0;3;0;0;0;0
"03/10/2018";"17:56:00";"48";"sem vítima";"281,162";"BR-393/RJ";"Sul";"Colisão lateral no mesmo sentido";1;0;0;0;0;0;0;0;0;1;8;0;0;0;0
"04/10/2018";"12:21:00";"41";"sem vítima";"285,2";"BR-393/RJ";"Norte";"Engavetamento";3;0;0;0;0;0;0;0;0;0;5;0;0;0;0
"04/10/2018";"19:17:00";"70";"com vítima";"142,8";"BR-393/RJ";"Norte";"Colisão lateral no sentido contrário";1;0;1;0;0;0;0;0;0;0;1;2;0;0;0
"05/10/2018";"13:37:00";"48";"com vítima";"175,53";"BR-393/RJ";"Norte";"Colisão lateral no mesmo sentido";1;0;1;0;0;0;0;0;0;0;0;2;0;0;0
"05/10/2018";"15:54:00";"54";"com vítima";"274,2";"BR-393/RJ";"Norte";"Tombamento";0;0;1;0;0;0;0;0;0;0;0;2;0;0;0
"05/10/2018";"22:46:00";"67";"sem vítima";"285,494";"BR-393/RJ";"Norte";"Colisão lateral no mesmo sentido";1;0;0;1;0;0;0;0;0;0;3;0;0;0;0
"06/10/2018";"06:34:00";"15";"sem vítima";"275,4";"BR-393/RJ";"Sul";"Colisão lateral no sentido contrário";0;0;2;0;0;0;0;0;0;0;2;0;0;0;0
"06/10/2018";"15:42:00";"42";"com vítima";"217,606";"BR-393/RJ";"Norte";"Colisão lateral no sentido contrário";3;0;0;0;0;0;0;0;0;0;2;1;0;0;0
"07/10/2018";"05:43:00";"13";"sem vítima";"283,638";"BR-393/RJ";"Norte";"Colisão c/ obstáculos";1;0;0;0;0;0;0;0;0;0;1;0;0;0;0
"07/10/2018";"06:03:00";"14";"com vítima";"246,923";"BR-393/RJ";"Norte";"Colisão c/ obstáculos";1;0;0;0;0;0;0;0;0;0;0;0;1;0;0
"07/10/2018";"18:10:00";"45";"com vítima";"238,587";"BR-393/RJ";"Norte";"Colisão lateral no sentido contrário";1;0;1;0;0;0;0;0;0;0;0;3;0;0;0
"08/10/2018";"09:28:00";"25";"sem vítima";"283,112";"BR-393/RJ";"Norte";"Colisão lateral no sentido contrário";1;0;1;0;0;0;0;0;0;0;2;0;0;0;0
"10/10/2018";"23:25:00";"68";"sem vítima";"280,077";"BR-393/RJ";"Norte";"Colisão com veículos (traseira)";1;0;1;0;0;0;0;0;0;0;2;0;0;0;0
"11/10/2018";"16:23:00";"41";"com vítima";"258";"BR-393/RJ";"Norte";"Colisão lateral no sentido contrário";1;0;0;0;0;0;0;0;0;1;6;1;0;0;0
"11/10/2018";"18:49:00";"47";"com vítima";"236,567";"BR-393/RJ";"Norte";"Engavetamento";2;0;0;1;0;0;0;0;0;0;2;1;0;0;0
"12/10/2018";"07:00:00";"16";"com vítima";"114,37";"BR-393/RJ";"Norte";"Colisão c/ obstáculos";1;0;0;0;0;0;0;0;0;0;0;1;0;0;0
"12/10/2018";"12:11:00";"25";"com vítima";"232,081";"BR-393/RJ";"Norte";"Colisão lateral no sentido contrário";2;0;0;0;0;0;0;0;0;0;5;2;0;0;0
"12/10/2018";"20:09:00";"47";"com vítima";"199,849";"BR-393/RJ";"Sul";"Capotamento";1;0;0;0;0;0;0;0;0;0;0;1;0;0;0
"12/10/2018";"21:07:00";"49";"com vítima";"114,369";"BR-393/RJ";"Norte";"Tombamento";0;0;1;0;0;0;0;0;0;0;0;1;0;0;0
"12/10/2018";"22:51:00";"53";"com vítima";"242,518";"BR-393/RJ";"Sul";"Saida de Pista";1;0;0;0;0;0;0;0;0;0;1;1;0;0;0
"13/10/2018";"00:47:00";"2";"sem vítima";"233,173";"BR-393/RJ";"Sul";"Acidentes de outra natureza";0;0;0;1;0;0;0;0;0;0;1;0;0;0;0
"13/10/2018";"18:13:00";"41";"com vítima";"281,429";"BR-393/RJ";"Sul";"Atropelamento de pedestre";1;0;0;0;0;0;0;0;0;0;1;0;1;0;0
"14/10/2018";"05:16:00";"16";"sem vítima";"262,919";"BR-393/RJ";"Sul";"Capotamento";1;0;0;0;0;0;0;0;0;0;1;0;0;0;0
"14/10/2018";"11:59:00";"32";"com vítima";"286,001";"BR-393/RJ";"Norte";"Atropelamento de pedestre";1;0;0;0;0;0;0;0;0;0;0;1;0;1;0
"17/10/2018";"10:43:00";"37";"com vítima";"227,896";"BR-393/RJ";"Norte";"Colisão lateral no mesmo sentido";1;0;0;1;0;0;0;0;0;0;1;1;0;0;0
"18/10/2018";"10:33:00";"30";"sem vítima";"265";"BR-393/RJ";"Norte";"Colisão c/ obstáculos";0;0;1;0;0;0;0;0;0;0;1;0;0;0;0
"19/10/2018";"05:02:00";"15";"com vítima";"269,394";"BR-393/RJ";"Sul";"Capotamento";1;0;0;0;0;0;0;0;0;0;0;1;0;0;0
"19/10/2018";"12:00:00";"38";"sem vítima";"132";"BR-393/RJ";"Sul";"Colisão lateral no mesmo sentido";1;0;1;0;0;0;0;0;0;0;4;0;0;0;0
"19/10/2018";"16:35:00";"49";"com vítima";"132,394";"BR-393/RJ";"Sul";"Colisão com veículos (frontal)";1;0;0;1;0;0;0;0;0;0;1;0;0;1;0
"19/10/2018";"19:00:00";"53";"com vítima";"282,614";"BR-393/RJ";"Sul";"Colisão com veículos (traseira)";1;0;0;1;0;0;0;0;0;0;0;2;0;0;0
"20/10/2018";"13:43:00";"32";"sem vítima";"271,953";"BR-393/RJ";"Sul";"Colisão c/ obstáculos";1;0;1;0;0;0;0;0;0;0;7;0;0;0;0
"20/10/2018";"18:42:00";"44";"com vítima";"256,87";"BR-393/RJ";"Norte";"Colisão lateral no sentido contrário";1;0;0;1;0;0;0;0;0;0;1;0;1;0;0
"20/10/2018";"20:15:00";"48";"com vítima";"283,048";"BR-393/RJ";"Sul";"Colisão lateral no sentido contrário";2;0;0;0;0;0;0;0;0;0;0;2;1;0;0
"21/10/2018";"03:22:00";"6";"com vítima";"281,936";"BR-393/RJ";"Sul";"Acidentes de outra natureza";0;0;0;1;0;0;0;0;0;0;0;1;0;0;0
"21/10/2018";"13:23:00";"44";"com vítima";"155,528";"BR-393/RJ";"Norte";"Tombamento";0;0;1;0;0;0;0;0;0;0;0;1;0;0;0
"22/10/2018";"01:02:00";"12";"com vítima";"0,6";"Alça Sul";"Norte";"Colisão com veículos (frontal)";2;0;0;0;0;0;0;0;0;0;0;0;0;1;1
"23/10/2018";"12:26:00";"40";"com vítima";"167";"BR-393/RJ";"Norte";"Colisão com veículos (traseira)";1;0;1;0;0;0;0;0;0;0;2;1;0;0;0
"24/10/2018";"02:06:00";"10";"com vítima";"207,093";"BR-393/RJ";"Sul";"Saida de Pista";0;0;1;0;0;0;0;0;0;0;0;2;0;0;0
"24/10/2018";"02:17:00";"11";"com vítima";"111,19";"BR-393/RJ";"Sul";"Colisão c/ obstáculos";1;0;0;0;0;0;0;0;0;0;0;1;0;0;0
"24/10/2018";"04:51:00";"16";"sem vítima";"168";"BR-393/RJ";"Sul";"Colisão c/ obstáculos";1;0;0;0;0;0;0;0;0;0;2;0;0;0;0
"24/10/2018";"12:19:00";"43";"com vítima";"274,098";"BR-393/RJ";"Sul";"Tombamento";0;0;1;0;0;0;0;0;0;0;0;0;2;0;0
"24/10/2018";"15:13:00";"49";"com vítima";"107,091";"BR-393/RJ";"Sul";"Colisão lateral no mesmo sentido";1;0;0;1;0;0;0;0;0;0;1;1;0;0;0
"24/10/2018";"15:33:00";"50";"sem vítima";"238,6";"BR-393/RJ";"Sul";"Saida de Pista";1;0;0;0;0;0;0;0;0;0;4;0;0;0;0
"24/10/2018";"19:49:00";"71";"sem vítima";"286";"BR-393/RJ";"Norte";"Colisão com veículos (traseira)";2;0;0;0;0;0;0;0;0;0;2;0;0;0;0
"25/10/2018";"08:05:00";"21";"com vítima";"181,61";"BR-393/RJ";"Norte";"Engavetamento";1;0;2;0;0;0;0;0;0;0;0;3;0;0;0
"25/10/2018";"08:53:00";"23";"com vítima";"110,2";"BR-393/RJ";"Sul";"Saida de Pista";0;0;1;0;0;0;0;0;0;0;0;1;0;0;0
"25/10/2018";"10:33:00";"25";"sem vítima";"251,662";"BR-393/RJ";"Norte";"Colisão c/ obstáculos";1;0;0;0;0;0;0;0;0;0;2;0;0;0;0
"25/10/2018";"11:59:00";"29";"com vítima";"262,992";"BR-393/RJ";"Norte";"Colisão lateral no mesmo sentido";1;0;1;0;0;0;0;0;0;0;1;0;0;2;0
"25/10/2018";"14:00:00";"35";"sem vítima";"265,072";"BR-393/RJ";"Sul";"Colisão com veículos (traseira)";1;0;1;0;0;0;0;0;0;0;2;0;0;0;0
"25/10/2018";"15:25:00";"37";"com vítima";"153,639";"BR-393/RJ";"Norte";"Capotamento";0;0;1;0;0;0;0;0;0;0;0;2;0;0;0
"25/10/2018";"19:25:00";"49";"com vítima";"256,136";"BR-393/RJ";"Norte";"Colisão com veículos (frontal)";2;0;0;0;0;0;0;0;0;0;2;1;0;1;0
"25/10/2018";"21:33:00";"54";"com vítima";"252,384";"BR-393/RJ";"Sul";"Colisão lateral no sentido contrário";1;0;1;0;0;0;0;0;0;0;1;1;0;0;0
"26/10/2018";"02:45:00";"3";"sem vítima";"238,95";"BR-393/RJ";"Sul";"Colisão c/ obstáculos";1;0;0;0;0;0;0;0;0;0;1;0;0;0;0
"26/10/2018";"03:13:00";"6";"sem vítima";"191,613";"BR-393/RJ";"Norte";"Saida de Pista";0;0;1;0;0;0;0;0;0;0;1;0;0;0;0
"26/10/2018";"16:09:00";"41";"com vítima";"168";"BR-393/RJ";"Sul";"Atropelamento de pedestre";1;1;0;0;0;0;0;0;0;0;1;1;0;0;0
"26/10/2018";"19:12:00";"49";"com vítima";"218,353";"BR-393/RJ";"Norte";"Colisão lateral no sentido contrário";1;0;0;1;0;0;0;0;0;0;1;0;2;0;0
"27/10/2018";"00:12:00";"1";"sem vítima";"274,715";"BR-393/RJ";"Sul";"Saida de Pista";1;0;0;0;0;0;0;0;0;0;1;0;0;0;0
"27/10/2018";"11:01:00";"32";"sem vítima";"286";"BR-393/RJ";"Norte";"Colisão com veículos (traseira)";1;0;0;1;0;0;0;0;0;0;2;0;0;0;0
"27/10/2018";"18:43:00";"46";"sem vítima";"285";"BR-393/RJ";"Norte";"Colisão lateral no mesmo sentido";1;0;0;1;0;0;0;0;0;0;2;0;0;0;0
"28/10/2018";"00:28:00";"1";"com vítima";"1,594";"Alça Sul";"Sul";"Capotamento";1;0;0;0;0;0;0;0;0;0;3;2;0;0;0
"28/10/2018";"16:39:00";"43";"sem vítima";"190,2";"BR-393/RJ";"Norte";"Capotamento";1;0;0;0;0;0;0;0;0;0;2;0;0;0;0
"29/10/2018";"06:54:00";"18";"sem vítima";"204,538";"BR-393/RJ";"Norte";"Tombamento";0;0;1;0;0;0;0;0;0;0;1;0;0;0;0
"29/10/2018";"10:17:00";"25";"sem vítima";"182,43";"BR-393/RJ";"Sul";"Colisão c/ obstáculos";0;0;1;0;0;0;0;0;0;0;1;0;0;0;0
"30/10/2018";"11:48:00";"34";"com vítima";"155";"BR-393/RJ";"Norte";"Colisão lateral no sentido contrário";2;0;1;0;0;0;0;0;0;0;2;1;1;0;0
"31/10/2018";"11:21:00";"29";"com vítima";"232,7";"BR-393/RJ";"Sul";"Colisão lateral no sentido contrário";1;0;0;1;0;0;0;0;0;0;1;0;1;0;0
"31/10/2018";"16:58:00";"42";"com vítima";"134,17";"BR-393/RJ";"Norte";"Colisão lateral no mesmo sentido";2;0;0;0;0;0;0;0;0;0;1;2;1;0;0
"01/11/2018";"16:42:00";"50";"sem vítima";"121";"BR-393/RJ";"Norte";"Saídas de pista";1;0;0;0;0;0;0;0;0;0;3;0;0;0;0
"02/11/2018";"10:02:00";"37";"sem vítima";"204,8";"BR-393/RJ";"Sul";"Colisão com veículos (traseira)";1;0;0;1;0;0;0;0;0;0;2;0;0;0;0