data;horario;n_da_ocorrencia;tipo_de_ocorrencia;km;trecho;sentido;tipo_de_acidente;automovel;bicicleta;caminhao;moto;onibus;outros;tracao_animal;transporte_de_cargas_especiais;trator_maquinas;utilitarios;ilesos;levemente_feridos;moderadamente_feridos;gravemente_feridos;mortos
"02/11/2018";"16:52:00";"58";"sem vítima";"143";"BR-393/RJ";"Norte";"Colisão com veículos (traseira)";2;0;0;0;0;0;0;0;0;0;7;0;0;0;0
"03/11/2018";"00:11:00";"1";"com vítima";"251,47";"BR-393/RJ";"Norte";"Colisão lateral no sentido contrário";2;0;0;0;0;0;0;0;0;0;0;2;0;1;0
"03/11/2018";"00:54:00";"3";"sem vítima";"284,4";"BR-393/RJ";"Norte";"Colisão com veículos (frontal)";2;0;0;0;0;0;0;0;0;0;3;0;0;0;0
"03/11/2018";"09:05:00";"30";"com vítima";"280";"BR-393/RJ";"Norte";"Colisão com veículos (traseira)";0;0;0;2;0;0;0;0;0;0;2;1;0;0;0
"03/11/2018";"10:47:00";"33";"com vítima";"272";"BR-393/RJ";"Sul";"Acidentes de outra natureza";0;0;0;1;0;0;0;0;0;0;1;1;0;0;0
"03/11/2018";"18:50:00";"57";"sem vítima";"235,45";"BR-393/RJ";"Norte";"Colisão com veículos (traseira)";2;0;0;0;0;0;0;0;0;0;4;0;0;0;0
"03/11/2018";"20:02:00";"60";"com vítima";"280,5";"BR-393/RJ";"Sul";"Saídas de pista";1;0;0;0;0;0;0;0;0;0;0;1;0;0;0
"04/11/2018";"02:06:00";"1";"sem vítima";"241,307";"BR-393/RJ";"Norte";"Saídas de pista";1;0;0;0;0;0;0;0;0;0;1;0;0;0;0
"04/11/2018";"05:28:00";"13";"com vítima";"178,723";"BR-393/RJ";"Sul";"Acidentes de outra natureza";0;0;0;1;0;0;0;0;0;0;0;2;0;0;0
"04/11/2018";"11:53:00";"29";"sem vítima";"195";"BR-393/RJ";"Norte";"Colisão com veículos (traseira)";2;0;0;0;0;0;0;0;0;0;7;0;0;0;0
"04/11/2018";"16:29:00";"46";"com vítima";"131,442";"BR-393/RJ";"Sul";"Tombamento";0;0;1;0;0;0;0;0;0;0;0;1;0;0;0
"04/11/2018";"20:26:00";"54";"sem vítima";"277";"BR-393/RJ";"Sul";"Colisão lateral no sentido contrário";2;0;0;0;0;0;0;0;0;0;4;0;0;0;0
"05/11/2018";"14:37:00";"37";"com vítima";"213";"BR-393/RJ";"Sul";"Colisão lateral no sentido contrário";1;0;1;0;0;0;0;0;0;0;1;2;0;0;0
"06/11/2018";"18:31:00";"59";"com vítima";"282,592";"BR-393/RJ";"Norte";"Colisão com veículos (frontal)";1;0;1;0;0;0;0;0;0;0;2;2;0;0;0
"07/11/2018";"01:35:00";"6";"com vítima";"174,735";"BR-393/RJ";"Norte";"Colisão c/ obstáculos";0;0;0;1;0;0;0;0;0;0;0;2;0;0;0
"07/11/2018";"08:22:00";"25";"sem vítima";"182";"BR-393/RJ";"Norte";"Colisão lateral no mesmo sentido";1;0;1;0;0;0;0;0;0;0;2;0;0;0;0
"07/11/2018";"16:35:00";"57";"sem vítima";"172,277";"BR-393/RJ";"Norte";"Saídas de pista";1;0;0;0;0;0;0;0;0;0;1;0;0;0;0
"08/11/2018";"08:40:00";"18";"sem vítima";"130";"BR-393/RJ";"Norte";"Colisão c/ obstáculos";1;0;0;0;0;0;0;0;0;0;1;0;0;0;0
"08/11/2018";"09:54:00";"21";"sem vítima";"285";"BR-393/RJ";"Sul";"Colisão com veículos (traseira)";2;0;0;0;0;0;0;0;0;0;2;0;0;0;0
"08/11/2018";"11:00:00";"28";"sem vítima";"106";"BR-393/RJ";"Sul";"Colisão lateral no sentido contrário";2;0;0;0;0;0;0;0;0;0;2;0;0;0;0
"08/11/2018";"17:52:00";"48";"com vítima";"266,656";"BR-393/RJ";"Norte";"Colisão lateral no sentido contrário";2;0;0;0;0;0;0;0;0;0;0;1;0;2;0
"10/11/2018";"16:27:00";"60";"com vítima";"280,135";"BR-393/RJ";"Norte";"Colisão com veículos (traseira)";2;0;0;0;0;0;0;0;0;0;1;1;0;0;0
"10/11/2018";"16:32:00";"62";"sem vítima";"145,09";"BR-393/RJ";"Sul";"Colisão c/ obstáculos";1;0;0;0;0;0;0;0;0;0;2;0;0;0;0
"10/11/2018";"17:46:00";"67";"com vítima";"169,466";"BR-393/RJ";"Norte";"Colisão c/ obstáculos";1;0;0;0;0;0;0;0;0;0;0;0;0;1;0
"11/11/2018";"22:33:00";"50";"com vítima";"285,425";"BR-393/RJ";"Sul";"Capotamento";1;0;0;0;0;0;0;0;0;0;0;1;0;0;0
"12/11/2018";"08:02:00";"18";"sem vítima";"284";"BR-393/RJ";"Sul";"Colisão com veículos (traseira)";2;0;0;0;0;0;0;0;0;0;2;0;0;0;0
"12/11/2018";"12:26:00";"32";"com vítima";"139,74";"BR-393/RJ";"Sul";"Tombamento";0;0;1;0;0;0;0;0;0;0;0;1;0;0;0
"12/11/2018";"14:37:00";"38";"com vítima";"193,2";"BR-393/RJ";"Sul";"Colisão com veículos (traseira)";1;0;0;1;0;0;0;0;0;0;1;1;0;0;0
"13/11/2018";"09:15:00";"19";"com vítima";"267,6";"BR-393/RJ";"Sul";"Acidentes de outra natureza";0;0;0;1;0;0;0;0;0;0;0;1;0;0;0
"13/11/2018";"19:02:00";"65";"sem vítima";"281,733";"BR-393/RJ";"Norte";"Colisão com veículos (traseira)";1;0;0;1;0;0;0;0;0;0;2;0;0;0;0
"14/11/2018";"07:04:00";"24";"com vítima";"255,747";"BR-393/RJ";"Sul";"Colisão lateral no sentido contrário";1;0;0;0;0;0;0;0;0;1;0;15;0;2;0
"14/11/2018";"18:05:00";"68";"com vítima";"284,935";"BR-393/RJ";"Norte";"Colisão com veículos (traseira)";2;0;0;0;0;0;0;0;0;0;0;6;0;0;0
"14/11/2018";"22:07:00";"85";"sem vítima";"285,401";"BR-393/RJ";"Norte";"Colisão lateral no sentido contrário";2;0;0;0;0;0;0;0;0;0;2;0;0;0;0
"14/11/2018";"22:59:00";"90";"sem vítima";"178,3";"BR-393/RJ";"Norte";"Colisão com veículos (traseira)";0;0;2;0;0;0;0;0;0;0;2;0;0;0;0
"15/11/2018";"09:28:00";"26";"sem vítima";"281,445";"BR-393/RJ";"Norte";"Colisão lateral no sentido contrário";1;0;1;0;0;0;0;0;0;0;2;0;0;0;0
"15/11/2018";"10:15:00";"29";"com vítima";"224,37";"BR-393/RJ";"Norte";"Colisão com veículos (traseira)";2;0;0;0;0;0;0;0;0;0;5;2;0;0;0
"15/11/2018";"14:44:00";"38";"com vítima";"258,155";"BR-393/RJ";"Norte";"Saídas de pista";1;0;0;0;0;0;0;0;0;0;0;2;0;0;0
"17/11/2018";"18:34:00";"62";"sem vítima";"248,871";"BR-393/RJ";"Sul";"Colisão c/ obstáculos";1;0;0;0;0;0;0;0;0;0;1;0;0;0;0
"18/11/2018";"06:40:00";"15";"com vítima";"218,519";"BR-393/RJ";"Sul";"Colisão c/ obstáculos";1;0;0;0;0;0;0;0;0;0;0;1;0;0;0
"18/11/2018";"14:45:00";"53";"com vítima";"277,52";"BR-393/RJ";"Sul";"Atropelamento de pedestre";1;1;0;0;0;0;0;0;0;0;1;0;0;0;1
"18/11/2018";"20:02:00";"75";"com vítima";"216,889";"BR-393/RJ";"Norte";"Capotamento";1;0;0;0;0;0;0;0;0;0;4;1;0;0;0
"19/11/2018";"00:03:00";"1";"com vítima";"252,595";"BR-393/RJ";"Sul";"Colisão lateral no sentido contrário";1;0;1;0;0;0;0;0;0;0;0;2;0;0;0
"19/11/2018";"14:48:00";"43";"com vítima";"133,9";"BR-393/RJ";"Sul";"Engavetamento";1;0;2;0;0;0;0;0;0;0;3;1;0;0;0
"19/11/2018";"16:57:00";"48";"com vítima";"213,939";"BR-393/RJ";"Sul";"Colisão lateral no sentido contrário";1;0;0;0;1;0;0;0;0;0;1;1;0;0;0
"19/11/2018";"22:59:00";"59";"sem vítima";"285,206";"BR-393/RJ";"Norte";"Colisão c/ obstáculos";1;0;0;0;0;0;0;0;0;0;2;0;0;0;0
"20/11/2018";"02:09:00";"13";"sem vítima";"242,554";"BR-393/RJ";"Norte";"Capotamento";1;0;0;0;0;0;0;0;0;0;1;0;0;0;0
"21/11/2018";"09:08:00";"28";"sem vítima";"124,879";"BR-393/RJ";"Sul";"Saídas de pista";1;0;0;0;0;0;0;0;0;0;2;0;0;0;0
"21/11/2018";"10:57:00";"37";"com vítima";"205,175";"BR-393/RJ";"Sul";"Colisão lateral no mesmo sentido";1;0;0;1;0;0;0;0;0;0;1;1;0;0;0
"21/11/2018";"15:55:00";"56";"com vítima";"176,288";"BR-393/RJ";"Norte";"Colisão lateral no sentido contrário";2;0;0;0;0;0;0;0;0;0;1;0;1;0;0
"22/11/2018";"06:50:00";"14";"com vítima";"164,9";"BR-393/RJ";"Norte";"Tombamento";0;0;1;0;0;0;0;0;0;0;0;1;0;0;0
"24/11/2018";"13:45:00";"44";"sem vítima";"263";"BR-393/RJ";"Norte";"Colisão lateral no sentido contrário";2;0;0;0;0;0;0;0;0;0;6;0;0;0;0
"24/11/2018";"22:48:00";"61";"com vítima";"236,739";"BR-393/RJ";"Norte";"Colisão lateral no sentido contrário";1;0;0;1;0;0;0;0;0;0;3;0;1;0;0
"25/11/2018";"00:56:00";"3";"sem vítima";"274,791";"BR-393/RJ";"Norte";"Colisão lateral no mesmo sentido";1;0;1;0;0;0;0;0;0;0;2;0;0;0;0
"25/11/2018";"10:51:00";"33";"com vítima";"241";"BR-393/RJ";"Sul";"Acidentes de outra natureza";0;1;0;0;0;0;0;0;0;0;0;1;0;0;0
"25/11/2018";"20:11:00";"66";"sem vítima";"184,985";"BR-393/RJ";"Norte";"Saídas de pista";0;0;1;0;0;0;0;0;0;0;1;0;0;0;0
"26/11/2018";"08:32:00";"21";"com vítima";"239,286";"BR-393/RJ";"Sul";"Saídas de pista";1;0;0;0;0;0;0;0;0;0;1;0;1;0;0
"26/11/2018";"08:49:00";"22";"com vítima";"226,851";"BR-393/RJ";"Sul";"Capotamento";0;0;2;0;0;0;0;0;0;0;1;2;0;0;0
"26/11/2018";"12:24:00";"38";"com vítima";"226,9";"BR-393/RJ";"Norte";"Colisão com veículos (traseira)";2;0;0;0;0;0;0;0;0;0;2;2;0;0;0
"27/11/2018";"09:09:00";"25";"sem vítima";"105,868";"BR-393/RJ";"Sul";"Colisão com veículos (traseira)";2;0;0;0;0;0;0;0;0;0;2;0;0;0;0
"27/11/2018";"12:02:00";"46";"sem vítima";"281,411";"BR-393/RJ";"Norte";"Colisão com veículos (traseira)";2;0;0;0;0;0;0;0;0;0;2;0;0;0;0
"27/11/2018";"13:10:00";"49";"com vítima";"285,484";"BR-393/RJ";"Norte";"Colisão com veículos (traseira)";1;0;1;0;0;0;0;0;0;0;1;1;0;0;0
"27/11/2018";"16:23:00";"62";"com vítima";"182";"BR-393/RJ";"Norte";"Colisão com veículos (frontal)";1;0;0;1;0;0;0;0;0;0;1;1;0;0;0
"28/11/2018";"07:21:00";"20";"com vítima";"279,734";"BR-393/RJ";"Sul";"Colisão lateral no sentido contrário";2;0;0;0;0;0;0;0;0;0;1;1;0;0;0
"28/11/2018";"16:18:00";"49";"com vítima";"238,863";"BR-393/RJ";"Norte";"Colisão lateral no sentido contrário";1;0;1;0;0;0;0;0;0;0;0;5;0;0;0
"30/11/2018";"08:04:00";"36";"sem vítima";"196,464";"BR-393/RJ";"Norte";"Colisão c/ obstáculos";1;0;0;0;0;0;0;0;0;0;2;0;0;0;0
"30/11/2018";"08:18:00";"38";"com vítima";"232,011";"BR-393/RJ";"Sul";"Colisão lateral no sentido contrário";2;0;0;0;0;0;0;0;0;0;0;2;0;0;0
"30/11/2018";"16:02:00";"70";"sem vítima";"281,9";"BR-393/RJ";"Sul";"Engavetamento";3;0;1;0;0;0;0;0;0;0;6;0;0;0;0
"30/11/2018";"19:06:00";"87";"sem vítima";"282,6";"BR-393/RJ";"Norte";"Engavetamento";3;0;0;0;0;0;0;0;0;0;3;0;0;0;0
"01/12/2018";"02:11:00";"5";"sem vítima";"123,2";"BR-393/RJ";"Sul";"Colisão c/ obstáculos";0;0;1;0;0;0;0;0;0;0;1;0;0;0;0
"01/12/2018";"19:27:00";"59";"sem vítima";"241,279";"BR-393/RJ";"Sul";"Colisão lateral no sentido contrário";1;0;1;0;0;0;0;0;0;0;3;0;0;0;0
"02/12/2018";"01:06:00";"11";"sem vítima";"254,578";"BR-393/RJ";"Sul";"Colisão c/ obstáculos";1;0;0;0;0;0;0;0;0;0;1;0;0;0;0
"02/12/2018";"02:08:00";"14";"sem vítima";"255,68";"BR-393/RJ";"Norte";"Saídas de pista";1;0;0;0;0;0;0;0;0;0;1;0;0;0;0
"02/12/2018";"19:33:00";"48";"sem vítima";"161,254";"BR-393/RJ";"Norte";"Colisão c/ obstáculos";1;0;0;0;0;0;0;0;0;0;1;0;0;0;0
"03/12/2018";"09:23:00";"24";"sem vítima";"278,986";"BR-393/RJ";"Sul";"Colisão c/ obstáculos";0;1;0;0;1;0;0;0;0;0;2;0;0;0;0
"04/12/2018";"22:04:00";"83";"com vítima";"0,7";"Alça Sul";"Norte";"Atropelamento de pedestre";0;0;0;1;0;0;0;0;0;0;0;2;0;0;0
"05/12/2018";"00:48:00";"6";"com vítima";"241,325";"BR-393/RJ";"Norte";"Colisão c/ obstáculos";0;0;2;0;0;0;0;0;0;0;0;2;0;1;0
"05/12/2018";"06:45:00";"21";"com vítima";"248,166";"BR-393/RJ";"Sul";"Colisão com veículos (frontal)";1;0;0;1;0;0;0;0;0;0;1;0;2;0;0
"05/12/2018";"10:57:00";"37";"sem vítima";"146,653";"BR-393/RJ";"Sul";"Tombamento";0;0;1;0;0;0;0;0;0;0;1;0;0;0;0
"05/12/2018";"16:38:00";"54";"sem vítima";"125";"BR-393/RJ";"Norte";"Colisão com veículos (traseira)";1;0;1;0;0;0;0;0;0;0;4;0;0;0;0
"05/12/2018";"19:08:00";"60";"com vítima";"151,805";"BR-393/RJ";"Sul";"Acidentes de outra natureza";0;0;0;1;0;0;0;0;0;0;0;1;0;0;0
"05/12/2018";"20:16:00";"64";"sem vítima";"151,812";"BR-393/RJ";"Sul";"Colisão c/ obstáculos";1;0;0;0;0;0;0;0;0;0;1;0;0;0;0
"05/12/2018";"20:37:00";"66";"sem vítima";"246,915";"BR-393/RJ";"Norte";"Colisão com veículos (traseira)";2;0;0;0;0;0;0;0;0;0;2;0;0;0;0
"07/12/2018";"07:25:00";"22";"com vítima";"263,866";"BR-393/RJ";"Sul";"Colisão com veículos (frontal)";1;0;1;0;0;0;0;0;0;0;0;1;0;0;3
"07/12/2018";"18:00:00";"62";"sem vítima";"238,1";"BR-393/RJ";"Norte";"Colisão Lateral Mesmo Sentido";1;0;1;0;0;0;0;0;0;0;2;0;0;0;0
"07/12/2018";"22:36:00";"75";"com vítima";"220,373";"BR-393/RJ";"Sul";"Atropelamento de pedestre";1;0;0;0;0;0;0;0;0;0;1;0;1;0;0
"08/12/2018";"05:33:00";"22";"sem vítima";"167,887";"BR-393/RJ";"Sul";"Colisão Transversal";1;0;0;0;1;0;0;0;0;0;3;0;0;0;0
"08/12/2018";"11:40:00";"32";"sem vítima";"284,521";"BR-393/RJ";"Norte";"Colisão com veículos (traseira)";2;0;0;0;0;0;0;0;0;0;3;0;0;0;0
"08/12/2018";"13:28:00";"39";"com vítima";"183,3";"BR-393/RJ";"Sul";"Colisão Transversal";2;0;0;0;0;0;0;0;0;0;0;4;0;0;0
"08/12/2018";"22:44:00";"69";"com vítima";"242,921";"BR-393/RJ";"Norte";"Colisão com veículos (traseira)";1;0;0;1;0;0;0;0;0;0;0;2;0;0;0
"08/12/2018";"23:08:00";"72";"com vítima";"143,3";"BR-393/RJ";"Sul";"Colisão c/ obstáculos";1;0;0;0;0;0;0;0;0;0;0;2;0;0;0
"09/12/2018";"01:49:00";"4";"com vítima";"157,98";"BR-393/RJ";"Sul";"Colisão com veículos (frontal)";0;0;1;1;0;0;0;0;0;0;0;2;0;1;0
"09/12/2018";"10:21:00";"16";"sem vítima";"279,05";"BR-393/RJ";"Sul";"Colisão Transversal";1;0;0;1;0;0;0;0;0;0;2;0;0;0;0
"09/12/2018";"21:11:00";"50";"sem vítima";"113,711";"BR-393/RJ";"Norte";"Atropelamento de Animal";1;0;0;0;0;0;0;0;0;0;4;0;0;0;0
"10/12/2018";"05:15:00";"14";"sem vítima";"175,615";"BR-393/RJ";"Sul";"Engavetamento";3;0;0;0;0;0;0;0;0;0;9;0;0;0;0
"10/12/2018";"16:32:00";"49";"sem vítima";"278,618";"BR-393/RJ";"Sul";"Capotamento";1;0;0;0;0;0;0;0;0;0;1;0;0;0;0
"11/12/2018";"09:04:00";"22";"com vítima";"179,39";"BR-393/RJ";"Norte";"Colisão lateral no sentido contrário";2;0;0;0;0;0;0;0;0;0;0;2;0;0;0
"11/12/2018";"19:58:00";"78";"com vítima";"255,758";"BR-393/RJ";"Norte";"Atropelamento de pedestre";0;0;0;1;0;0;0;0;0;0;0;2;1;0;0
"11/12/2018";"22:37:00";"84";"sem vítima";"253,6";"BR-393/RJ";"Norte";"Colisão c/ obstáculos";0;0;1;0;0;0;0;0;0;0;1;0;0;0;0
"12/12/2018";"08:31:00";"27";"sem vítima";"281,858";"BR-393/RJ";"Norte";"Colisão c/ obstáculos";0;0;1;0;0;0;0;0;0;0;1;0;0;0;0
"12/12/2018";"11:15:00";"35";"com vítima";"178,532";"BR-393/RJ";"Norte";"Acidentes de outra natureza";0;0;0;1;0;0;0;0;0;0;0;1;0;0;0
"12/12/2018";"11:51:00";"38";"com vítima";"235,194";"BR-393/RJ";"Norte";"Colisão Transversal";1;0;0;1;0;0;0;0;0;0;2;2;0;0;0
"13/12/2018";"06:32:00";"23";"sem vítima";"125";"BR-393/RJ";"Sul";"Colisão com veículos (traseira)";0;0;2;0;0;0;0;0;0;0;2;0;0;0;0
"15/12/2018";"21:10:00";"93";"com vítima";"201,317";"BR-393/RJ";"Sul";"Colisão c/ obstáculos";1;0;1;0;1;0;0;0;0;0;2;3;0;0;0
"16/12/2018";"03:40:00";"14";"sem vítima";"167,342";"BR-393/RJ";"Sul";"Colisão Lateral Mesmo Sentido";2;0;0;0;0;0;0;0;0;0;4;0;0;0;0
"16/12/2018";"15:50:00";"59";"sem vítima";"142,4";"BR-393/RJ";"Sul";"Colisão com veículos (traseira)";1;0;1;0;0;0;0;0;0;0;5;0;0;0;0
"16/12/2018";"22:46:00";"103";"com vítima";"226,564";"BR-393/RJ";"Sul";"Colisão Transversal";1;0;0;0;0;0;0;0;0;1;0;0;2;0;0
"17/12/2018";"09:55:00";"32";"sem vítima";"280,205";"BR-393/RJ";"Norte";"Colisão Lateral Mesmo Sentido";1;0;0;1;0;0;0;0;0;0;2;0;0;0;0
"17/12/2018";"11:45:00";"38";"sem vítima";"262,233";"BR-393/RJ";"Norte";"Saídas de pista";1;0;0;0;0;0;0;0;0;0;1;0;0;0;0
"17/12/2018";"14:44:00";"44";"com vítima";"284,116";"BR-393/RJ";"Norte";"Colisão Lateral Mesmo Sentido";1;0;0;1;0;0;0;0;0;0;3;1;0;0;0
"17/12/2018";"17:52:00";"57";"sem vítima";"269";"BR-393/RJ";"Norte";"Colisão c/ obstáculos";2;0;0;0;0;0;0;0;0;0;4;0;0;0;0
"18/12/2018";"14:10:00";"42";"sem vítima";"119,165";"BR-393/RJ";"Norte";"Saídas de pista";1;0;0;0;0;0;0;0;0;0;3;0;0;0;0
"18/12/2018";"22:51:00";"83";"com vítima";"184,321";"BR-393/RJ";"Sul";"Atropelamento de pedestre";0;1;0;1;0;0;0;0;0;0;0;0;2;0;0
"19/12/2018";"14:52:00";"55";"com vítima";"234,979";"BR-393/RJ";"Norte";"Tombamento";0;0;1;0;0;0;0;0;0;0;0;1;0;0;0
"19/12/2018";"15:21:00";"57";"com vítima";"236,5";"BR-393/RJ";"Norte";"Acidentes de outra natureza";0;0;0;1;0;0;0;0;0;0;0;1;0;0;0
"19/12/2018";"17:12:00";"63";"com vítima";"238";"BR-393/RJ";"Norte";"Acidentes de outra natureza";0;0;0;1;0;0;0;0;0;0;0;1;0;0;0
"20/12/2018";"10:44:00";"28";"sem vítima";"135,589";"BR-393/RJ";"Norte";"Colisão com veículos (traseira)";2;0;0;0;0;0;0;0;0;0;2;0;0;0;0
"20/12/2018";"23:51:00";"90";"sem vítima";"284,4";"BR-393/RJ";"Norte";"Engavetamento";3;0;0;0;0;0;0;0;0;0;7;0;0;0;0
"21/12/2018";"05:57:00";"13";"sem vítima";"279,581";"BR-393/RJ";"Norte";"Colisão lateral no sentido contrário";1;0;0;1;0;0;0;0;0;0;2;0;0;0;0
"21/12/2018";"08:22:00";"27";"sem vítima";"285,106";"BR-393/RJ";"Norte";"Colisão com veículos (traseira)";2;0;0;0;0;0;0;0;0;0;2;0;0;0;0
"21/12/2018";"12:26:00";"52";"com vítima";"277,84";"BR-393/RJ";"Sul";"Colisão lateral no mesmo sentido";1;0;0;1;0;0;0;0;0;0;1;1;0;0;0
"21/12/2018";"14:49:00";"70";"sem vítima";"275,2";"BR-393/RJ";"Norte";"Colisão com veículos (traseira)";2;0;0;0;0;0;0;0;0;0;2;0;0;0;0
"22/12/2018";"08:18:00";"25";"sem vítima";"102,1";"BR-393/RJ";"Sul";"Colisão com veículos (traseira)";1;0;0;0;0;0;0;0;0;1;2;0;0;0;0
"22/12/2018";"08:48:00";"29";"com vítima";"103,1";"BR-393/RJ";"Sul";"Colisão Transversal";2;0;0;0;0;0;0;0;0;0;1;1;0;0;0
"22/12/2018";"09:04:00";"31";"sem vítima";"280,182";"BR-393/RJ";"Sul";"Colisão com veículos (traseira)";2;0;0;0;0;0;0;0;0;0;2;0;0;0;0
"22/12/2018";"18:42:00";"72";"com vítima";"157,083";"BR-393/RJ";"Sul";"Acidentes de outra natureza";0;1;0;0;0;0;0;0;0;0;0;1;0;0;0
"23/12/2018";"06:54:00";"22";"com vítima";"232,142";"BR-393/RJ";"Norte";"Saídas de pista";1;0;0;0;0;0;0;0;0;0;4;1;0;0;0
"23/12/2018";"19:31:00";"67";"sem vítima";"147,65";"BR-393/RJ";"Sul";"Saídas de pista";1;0;0;0;0;0;0;0;0;0;2;0;0;0;0
"24/12/2018";"05:17:00";"15";"com vítima";"284,277";"BR-393/RJ";"Sul";"Acidentes de outra natureza";0;0;0;1;0;0;0;0;0;0;0;1;0;0;0
"24/12/2018";"07:37:00";"16";"com vítima";"139,519";"BR-393/RJ";"Norte";"Colisão c/ obstáculos";0;0;1;0;0;0;0;0;0;0;0;1;0;0;0
"24/12/2018";"11:14:00";"27";"com vítima";"284,365";"BR-393/RJ";"Sul";"Engavetamento";1;0;1;0;0;0;0;0;0;1;2;1;0;0;0
"25/12/2018";"11:02:00";"26";"sem vítima";"226,597";"BR-393/RJ";"Sul";"Saídas de pista";1;0;0;0;0;0;0;0;0;0;3;0;0;0;0
"25/12/2018";"11:54:00";"30";"sem vítima";"141,483";"BR-393/RJ";"Norte";"Colisão com veículos (traseira)";2;0;0;0;0;0;0;0;0;0;3;0;0;0;0
"25/12/2018";"22:40:00";"55";"com vítima";"164,791";"BR-393/RJ";"Norte";"Tombamento";0;0;1;0;0;0;0;0;0;0;0;0;1;0;0
"26/12/2018";"05:23:00";"7";"com vítima";"169,528";"BR-393/RJ";"Sul";"Acidentes de outra natureza";0;0;0;1;0;0;0;0;0;0;0;1;0;0;0
"26/12/2018";"10:54:00";"32";"sem vítima";"256,8";"BR-393/RJ";"Sul";"Saídas de pista";1;0;0;0;0;0;0;0;0;0;3;0;0;0;0
"26/12/2018";"11:12:00";"35";"com vítima";"138,199";"BR-393/RJ";"Norte";"Capotamento";1;0;0;0;0;0;0;0;0;0;1;1;0;0;0
"26/12/2018";"16:33:00";"60";"com vítima";"168,847";"BR-393/RJ";"Norte";"Colisão com veículos (traseira)";2;0;0;0;0;0;0;0;0;0;0;2;0;0;0
"26/12/2018";"16:35:00";"61";"com vítima";"258,312";"BR-393/RJ";"Sul";"Colisão Lateral Mesmo Sentido";2;0;0;0;0;0;0;0;0;0;2;2;0;0;0
"26/12/2018";"17:41:00";"64";"com vítima";"256,406";"BR-393/RJ";"Norte";"Colisão Transversal";2;0;0;0;0;0;0;0;0;0;5;2;0;0;0
"26/12/2018";"18:19:00";"66";"com vítima";"121,553";"BR-393/RJ";"Norte";"Saídas de pista";1;0;0;0;0;0;0;0;0;0;0;1;0;0;0
"27/12/2018";"14:38:00";"52";"com vítima";"213,712";"BR-393/RJ";"Norte";"Colisão c/ obstáculos";2;0;0;0;0;0;0;0;0;0;1;2;0;0;0
"28/12/2018";"11:12:00";"36";"com vítima";"188,292";"BR-393/RJ";"Sul";"Saídas de pista";1;0;0;0;0;0;0;0;0;0;0;5;0;0;0
"28/12/2018";"18:12:00";"62";"sem vítima";"284,5";"BR-393/RJ";"Norte";"Engavetamento";3;0;0;0;0;0;0;0;0;0;3;0;0;0;0
"28/12/2018";"19:16:00";"66";"com vítima";"278,5";"BR-393/RJ";"Sul";"Acidentes de outra natureza";0;1;0;0;0;0;0;0;0;0;0;1;0;0;0
"28/12/2018";"19:18:00";"67";"sem vítima";"170,955";"BR-393/RJ";"Sul";"Tombamento";0;0;1;0;0;0;0;0;0;0;1;0;0;0;0
"28/12/2018";"23:54:00";"79";"com vítima";"279,174";"BR-393/RJ";"Norte";"Colisão com veículos (traseira)";1;0;1;0;0;0;0;0;0;0;1;2;0;0;0
"29/12/2018";"11:42:00";"38";"sem vítima";"284,056";"BR-393/RJ";"Norte";"Engavetamento";2;0;1;0;0;0;0;0;0;0;4;0;0;0;0
"29/12/2018";"11:54:00";"39";"com vítima";"168,066";"BR-393/RJ";"Sul";"Colisão Transversal";1;0;0;1;0;0;0;0;0;0;2;1;0;0;0
"29/12/2018";"20:07:00";"77";"com vítima";"284,118";"BR-393/RJ";"Sul";"Colisão com veículos (frontal)";1;0;0;1;0;0;0;0;0;0;1;1;0;0;0
"30/12/2018";"06:00:00";"15";"com vítima";"187,801";"BR-393/RJ";"Norte";"Colisão com veículos (frontal)";1;0;0;0;1;0;0;0;0;0;31;0;0;1;0
"30/12/2018";"23:41:00";"58";"com vítima";"284,394";"BR-393/RJ";"Sul";"Colisão com veículos (traseira)";1;0;0;1;0;0;0;0;0;0;2;1;0;0;0
"31/12/2018";"03:34:00";"5";"com vítima";"225,929";"BR-393/RJ";"Norte";"Atropelamento de pedestre";0;0;0;1;0;0;0;0;0;0;0;1;1;0;1
"31/12/2018";"12:38:00";"29";"sem vítima";"286";"BR-393/RJ";"Norte";"Colisão com veículos (traseira)";2;0;0;0;0;0;0;0;0;0;3;0;0;0;0
"31/12/2018";"13:20:00";"37";"sem vítima";"286";"BR-393/RJ";"Sul";"Engavetamento";3;0;0;0;0;0;0;0;0;0;3;0;0;0;0
"31/12/2018";"18:51:00";"56";"com vítima";"268,298";"BR-393/RJ";"Norte";"Colisão com veículos (frontal)";0;0;0;1;1;0;0;0;0;0;4;1;0;0;0
"31/12/2018";"21:54:00";"63";"com vítima";"247,556";"BR-393/RJ";"Sul";"Atropelamento de pedestre";1;0;0;0;0;0;0;0;0;0;1;0;0;0;1