data;horario;n_da_ocorrencia;tipo_de_ocorrencia;km;trecho;sentido;tipo_de_acidente;automovel;bicicleta;caminhao;moto;onibus;outros;tracao_animal;transporte_de_cargas_especiais;trator_maquinas;utilitarios;ilesos;levemente_feridos;moderadamente_feridos;gravemente_feridos;mortos
"03/01/2019";"14:32:00";"49";"com vítima";"106,5";"BR-393/RJ";"Norte";"Colisão Traseira";1;0;1;1;0;0;0;0;0;0;2;1;0;0;0
"03/01/2019";"16:56:00";"60";"sem vítima";"280";"BR-393/RJ";"Norte";"Colisão Traseira";2;0;0;0;0;0;0;0;0;0;6;0;0;0;0
"04/01/2019";"12:47:00";"47";"sem vítima";"282,7";"BR-393/RJ";"Norte";"Colisão Transversal";2;0;0;0;0;0;0;0;0;0;3;0;0;0;0
"04/01/2019";"16:43:00";"66";"sem vítima";"168,111";"BR-393/RJ";"Norte";"Engavetamento";3;0;0;0;0;0;0;0;0;0;3;0;0;0;0
"04/01/2019";"19:01:00";"77";"sem vítima";"266,711";"BR-393/RJ";"Norte";"Colisão Lateral Mesmo Sentido";1;0;1;0;0;0;0;0;0;0;2;0;0;0;0
"07/01/2019";"15:06:00";"62";"sem vítima";"200,548";"BR-393/RJ";"Norte";"Colisão Traseira";2;0;0;0;0;0;0;0;0;0;3;0;0;0;0
"07/01/2019";"16:05:00";"67";"com vítima";"178,195";"BR-393/RJ";"Norte";"Colisão Traseira";2;0;0;0;0;0;0;0;0;0;0;3;0;0;0
"11/01/2019";"13:56:00";"49";"com vítima";"106";"BR-393/RJ";"Sul";"Colisão Lateral Mesmo Sentido";1;0;1;0;0;0;0;0;0;0;2;1;0;0;0
"13/01/2019";"05:28:00";"19";"com vítima";"104,288";"BR-393/RJ";"Sul";"Colisão Traseira";2;0;0;0;0;0;0;0;0;0;1;0;1;0;0
"13/01/2019";"12:03:00";"31";"com vítima";"128,188";"BR-393/RJ";"Sul";"Derramamento de Carga";0;0;1;0;0;0;0;0;0;0;0;1;0;0;0
"14/01/2019";"01:37:00";"4";"com vítima";"285,286";"BR-393/RJ";"Sul";"Tombamento";1;0;0;0;0;0;0;0;0;0;2;1;0;0;0
"15/01/2019";"12:08:00";"33";"com vítima";"230,019";"BR-393/RJ";"Norte";"Capotamento";1;0;0;0;0;0;0;0;0;0;0;4;0;0;0
"16/01/2019";"16:35:00";"63";"com vítima";"174,9";"BR-393/RJ";"Sul";"Colisão Frontal";1;0;2;0;0;0;0;0;0;0;2;0;0;1;0
"17/01/2019";"09:28:00";"25";"com vítima";"103";"BR-393/RJ";"Norte";"Saida de Pista";1;0;0;0;0;0;0;0;0;0;0;1;0;0;0
"17/01/2019";"15:28:00";"49";"sem vítima";"235,237";"BR-393/RJ";"Norte";"Colisão Transversal";2;0;0;0;0;0;0;0;0;0;3;0;0;0;0
"18/01/2019";"07:38:00";"24";"sem vítima";"168,8";"BR-393/RJ";"Sul";"Saida de Pista";1;0;0;0;0;0;0;0;0;0;1;0;0;0;0
"18/01/2019";"18:22:00";"60";"com vítima";"161,731";"BR-393/RJ";"Norte";"Tombamento";0;0;1;0;0;0;0;0;0;0;0;0;0;1;0
"18/01/2019";"19:28:00";"61";"sem vítima";"104,087";"BR-393/RJ";"Norte";"Choque - Defensa, barreira ou "submarino"";1;0;1;0;0;0;0;0;0;0;2;0;0;0;0
"19/01/2019";"11:29:00";"36";"sem vítima";"279,606";"BR-393/RJ";"Norte";"Colisão Transversal";2;0;0;0;0;0;0;0;0;0;2;0;0;0;0
"19/01/2019";"18:41:00";"59";"sem vítima";"274,64";"BR-393/RJ";"Norte";"Saida de Pista";1;0;0;0;0;0;0;0;0;0;3;0;0;0;0
"20/01/2019";"03:13:00";"12";"com vítima";"285,278";"BR-393/RJ";"Norte";"Capotamento";1;0;0;0;0;0;0;0;0;0;0;1;0;0;0
"22/01/2019";"13:56:00";"53";"sem vítima";"195";"BR-393/RJ";"Norte";"Colisão Traseira";1;0;1;0;0;0;0;0;0;0;6;0;0;0;0
"23/01/2019";"09:25:00";"30";"com vítima";"279";"BR-393/RJ";"Norte";"Colisão Transversal";1;0;0;1;0;0;0;0;0;0;1;1;0;0;0
"23/01/2019";"16:54:00";"61";"sem vítima";"255";"BR-393/RJ";"Norte";"Colisão Traseira";1;0;1;0;0;0;0;0;0;0;4;0;0;0;0
"24/01/2019";"07:53:00";"23";"sem vítima";"125,6";"BR-393/RJ";"Norte";"Colisão Traseira";1;0;1;0;0;0;0;0;0;0;7;0;0;0;0
"24/01/2019";"09:00:00";"31";"sem vítima";"190";"BR-393/RJ";"Sul";"Colisão Traseira";1;0;1;0;0;0;0;0;0;0;2;0;0;0;0
"25/01/2019";"00:07:00";"1";"sem vítima";"105,059";"BR-393/RJ";"Norte";"Colisão Traseira";2;0;0;0;0;0;0;0;0;0;3;0;0;0;0
"26/01/2019";"01:34:00";"12";"sem vítima";"265,103";"BR-393/RJ";"Sul";"Colisão Traseira";1;0;0;0;0;0;0;0;0;1;4;0;0;0;0
"28/01/2019";"04:20:00";"54";"sem vítima";"160";"BR-393/RJ";"Norte";"Saida de Pista";1;0;0;0;0;0;0;0;0;0;1;0;0;0;0
"29/01/2019";"07:11:00";"23";"com vítima";"175,125";"BR-393/RJ";"Sul";"Queda de Moto";0;0;0;1;0;0;0;0;0;0;0;1;0;0;0
"29/01/2019";"14:12:00";"52";"com vítima";"180,344";"BR-393/RJ";"Sul";"Choque - Defensa, barreira ou "submarino"";1;0;0;0;0;0;0;0;0;0;0;1;0;0;0
"29/01/2019";"21:02:00";"77";"com vítima";"281,01";"BR-393/RJ";"Norte";"Colisão Transversal";1;0;0;1;0;0;0;0;0;0;1;1;0;0;0
"31/01/2019";"08:07:00";"20";"com vítima";"179,9";"BR-393/RJ";"Sul";"Saida de Pista";1;0;0;0;0;0;0;0;0;0;0;1;0;0;0
"31/01/2019";"14:17:00";"49";"com vítima";"171,504";"BR-393/RJ";"Sul";"Colisão Lateral Mesmo Sentido";1;0;1;0;0;0;0;0;0;0;1;1;0;0;0
"31/01/2019";"18:43:00";"61";"sem vítima";"280,75";"BR-393/RJ";"Sul";"Engavetamento";3;0;0;0;0;0;0;0;0;0;7;0;0;0;0
"31/01/2019";"19:17:00";"65";"com vítima";"280,074";"BR-393/RJ";"Norte";"Colisão Frontal";1;0;0;1;0;0;0;0;0;0;1;1;0;0;0
"02/02/2019";"07:37:00";"20";"com vítima";"160,486";"BR-393/RJ";"Norte";"Colisão com veículos (traseira)";0;0;2;0;0;0;0;0;0;0;0;2;0;0;0
"02/02/2019";"09:34:00";"26";"sem vítima";"255";"BR-393/RJ";"Sul";"Colisão lateral no sentido contrário";1;0;0;0;1;0;0;0;0;0;2;0;0;0;0
"02/02/2019";"09:46:00";"27";"com vítima";"155,467";"BR-393/RJ";"Norte";"Capotamento";0;0;1;0;0;0;0;0;0;0;0;1;0;0;0
"02/02/2019";"21:19:00";"69";"sem vítima";"284,747";"BR-393/RJ";"Norte";"Colisão lateral no mesmo sentido";2;0;1;0;0;0;0;0;0;0;3;0;0;0;0
"04/02/2019";"17:45:00";"60";"sem vítima";"239,482";"BR-393/RJ";"Sul";"Colisão c/ obstáculos";0;0;0;0;0;0;0;0;0;1;2;0;0;0;0
"04/02/2019";"20:15:00";"66";"sem vítima";"281,261";"BR-393/RJ";"Norte";"Colisão com veículos (traseira)";1;0;1;0;0;0;0;0;0;0;2;0;0;0;0
"05/02/2019";"02:58:00";"4";"sem vítima";"175,836";"BR-393/RJ";"Norte";"Colisão c/ obstáculos";0;0;1;0;0;0;0;0;0;0;1;0;0;0;0
"05/02/2019";"03:49:00";"7";"sem vítima";"153,72";"BR-393/RJ";"Norte";"Colisão c/ obstáculos";0;0;1;0;0;0;0;0;0;0;1;0;0;0;0
"06/02/2019";"00:55:00";"3";"sem vítima";"201,145";"BR-393/RJ";"Norte";"Atropelamento de animais";0;0;1;0;0;0;0;0;0;0;1;0;0;0;0
"06/02/2019";"09:13:00";"18";"com vítima";"241,202";"BR-393/RJ";"Norte";"Colisão com veículos (traseira)";1;0;1;0;0;0;0;0;0;0;1;1;1;0;0
"06/02/2019";"16:40:00";"39";"com vítima";"238,64";"BR-393/RJ";"Sul";"Colisão lateral no sentido contrário";0;0;1;1;0;0;0;0;0;0;1;1;0;1;0
"06/02/2019";"16:43:00";"40";"sem vítima";"284";"BR-393/RJ";"Norte";"Colisão com veículos (traseira)";2;0;0;0;0;0;0;0;0;0;2;0;0;0;0
"06/02/2019";"19:09:00";"44";"sem vítima";"127,6";"BR-393/RJ";"Norte";"Saídas de pista";1;0;0;0;0;0;0;0;0;0;1;0;0;0;0
"06/02/2019";"21:22:00";"48";"sem vítima";"268,392";"BR-393/RJ";"Sul";"Saídas de pista";1;0;0;0;0;0;0;0;0;0;1;0;0;0;0
"07/02/2019";"00:43:00";"1";"com vítima";"156,8";"BR-393/RJ";"Sul";"Colisão com veículos (frontal)";1;0;1;0;0;0;0;0;0;0;1;0;0;1;0
"07/02/2019";"23:06:00";"66";"com vítima";"215,394";"BR-393/RJ";"Sul";"Atropelamento de pedestre";0;0;1;0;0;0;0;0;0;0;0;2;0;0;0
"08/02/2019";"20:20:00";"71";"com vítima";"245,377";"BR-393/RJ";"Norte";"Acidentes de outra natureza";0;0;0;1;0;0;0;0;0;0;0;1;0;0;0
"08/02/2019";"22:39:00";"77";"sem vítima";"279,691";"BR-393/RJ";"Sul";"Colisão com veículos (traseira)";1;0;1;0;0;0;0;0;0;0;2;0;0;0;0
"09/02/2019";"22:29:00";"47";"sem vítima";"284,352";"BR-393/RJ";"Norte";"Colisão com veículos (traseira)";2;0;0;0;0;0;0;0;0;0;4;0;0;0;0
"10/02/2019";"02:25:00";"7";"sem vítima";"136,376";"BR-393/RJ";"Sul";"Colisão lateral no sentido contrário";1;0;1;0;0;0;0;0;0;0;2;0;0;0;0
"10/02/2019";"06:00:00";"27";"sem vítima";"285";"BR-393/RJ";"Norte";"Colisão c/ obstáculos";1;0;0;0;0;0;0;0;0;0;1;0;0;0;0
"10/02/2019";"09:38:00";"39";"sem vítima";"261,146";"BR-393/RJ";"Norte";"Atropelamento de animais";1;0;0;0;0;0;0;0;0;0;1;0;0;0;0
"10/02/2019";"15:39:00";"53";"sem vítima";"215,315";"BR-393/RJ";"Norte";"Colisão c/ obstáculos";1;0;0;0;0;0;0;0;0;0;1;0;0;0;0
"11/02/2019";"10:53:00";"24";"sem vítima";"238,374";"BR-393/RJ";"Norte";"Colisão lateral no mesmo sentido";1;0;1;0;0;0;0;0;0;0;2;0;0;0;0
"11/02/2019";"20:01:00";"50";"sem vítima";"282,577";"BR-393/RJ";"Norte";"Engavetamento";3;0;0;0;0;0;0;0;0;0;3;0;0;0;0
"12/02/2019";"21:54:00";"66";"com vítima";"236,711";"BR-393/RJ";"Norte";"Colisão lateral no sentido contrário";1;0;1;0;0;0;0;0;0;0;1;1;0;0;0
"14/02/2019";"15:23:00";"54";"sem vítima";"171,247";"BR-393/RJ";"Norte";"Saídas de pista";0;0;0;0;1;0;0;0;0;0;1;0;0;0;0
"15/02/2019";"04:15:00";"4";"sem vítima";"193,3";"BR-393/RJ";"Norte";"Atropelamento de animais";0;0;1;0;0;0;0;0;0;0;1;0;0;0;0
"16/02/2019";"02:06:00";"4";"sem vítima";"283,8";"BR-393/RJ";"Sul";"Colisão lateral no sentido contrário";2;0;0;0;0;0;0;0;0;0;2;0;0;0;0
"16/02/2019";"10:02:00";"25";"com vítima";"132,068";"BR-393/RJ";"Norte";"Colisão com veículos (traseira)";2;0;0;0;0;0;0;0;0;0;4;1;0;0;0
"16/02/2019";"15:56:00";"44";"sem vítima";"285,645";"BR-393/RJ";"Norte";"Colisão com veículos (traseira)";2;0;0;0;0;0;0;0;0;0;2;0;0;0;0
"16/02/2019";"16:20:00";"46";"com vítima";"285,75";"BR-393/RJ";"Sul";"Colisão c/ obstáculos";1;0;0;0;0;0;0;0;0;0;0;2;0;0;0
"16/02/2019";"16:47:00";"48";"com vítima";"278,838";"BR-393/RJ";"Sul";"Colisão com veículos (traseira)";0;0;2;0;0;0;0;0;0;0;1;1;0;0;0
"17/02/2019";"05:23:00";"20";"com vítima";"256,853";"BR-393/RJ";"Norte";"Atropelamento de pedestre";1;1;0;0;0;0;0;0;0;0;1;1;0;0;0
"17/02/2019";"05:33:00";"22";"com vítima";"240,728";"BR-393/RJ";"Sul";"Colisão com veículos (frontal)";2;0;0;0;0;0;0;0;0;0;1;4;0;0;0
"17/02/2019";"14:29:00";"52";"com vítima";"238,8";"BR-393/RJ";"Norte";"Colisão c/ obstáculos";1;0;0;0;0;0;0;0;0;0;0;4;0;0;0
"17/02/2019";"16:00:00";"54";"sem vítima";"114,356";"BR-393/RJ";"Norte";"Capotamento";1;0;0;0;0;0;0;0;0;0;3;0;0;0;0
"17/02/2019";"17:13:00";"61";"sem vítima";"140,777";"BR-393/RJ";"Sul";"Saídas de pista";0;0;1;0;0;0;0;0;0;0;1;0;0;0;0
"18/02/2019";"03:16:00";"5";"sem vítima";"217,572";"BR-393/RJ";"Sul";"Atropelamento de animais";1;0;0;0;0;0;0;0;0;0;1;0;0;0;0
"18/02/2019";"14:50:00";"58";"sem vítima";"123,573";"BR-393/RJ";"Norte";"Colisão c/ obstáculos";1;0;0;0;0;0;0;0;0;0;1;0;0;0;0
"19/02/2019";"18:03:00";"72";"com vítima";"138,222";"BR-393/RJ";"Norte";"Colisão c/ obstáculos";1;0;0;0;0;0;0;0;0;0;0;1;0;0;0
"19/02/2019";"19:00:00";"77";"sem vítima";"182,436";"BR-393/RJ";"Sul";"Colisão c/ obstáculos";0;0;1;0;0;0;0;0;0;0;1;0;0;0;0
"19/02/2019";"19:14:00";"78";"com vítima";"174,319";"BR-393/RJ";"Sul";"Acidentes de outra natureza";0;0;1;1;0;0;0;0;0;0;1;1;0;0;0
"20/02/2019";"00:33:00";"1";"sem vítima";"158,232";"BR-393/RJ";"Norte";"Colisão com veículos (traseira)";0;0;2;0;0;0;0;0;0;0;2;0;0;0;0
"20/02/2019";"18:26:00";"62";"sem vítima";"280,467";"BR-393/RJ";"Norte";"Engavetamento";3;0;0;0;0;0;0;0;0;0;3;0;0;0;0
"20/02/2019";"19:15:00";"64";"com vítima";"155,442";"BR-393/RJ";"Norte";"Colisão com veículos (frontal)";1;0;1;0;0;0;0;0;0;0;1;1;1;0;0
"21/02/2019";"03:54:00";"5";"com vítima";"201,556";"BR-393/RJ";"Sul";"Capotamento";1;0;0;0;0;0;0;0;0;0;2;1;0;0;0
"21/02/2019";"12:42:00";"49";"com vítima";"265";"BR-393/RJ";"Sul";"Colisão com veículos (traseira)";1;0;1;0;0;0;0;0;0;0;0;3;0;0;0
"21/02/2019";"15:32:00";"63";"com vítima";"236,758";"BR-393/RJ";"Norte";"Colisão lateral no mesmo sentido";0;0;2;0;1;0;0;0;0;0;1;3;0;0;0
"22/02/2019";"21:53:00";"87";"com vítima";"253,343";"BR-393/RJ";"Norte";"Saídas de pista";1;0;0;0;0;0;0;0;0;0;0;1;0;0;0
"23/02/2019";"11:21:00";"33";"sem vítima";"273,844";"BR-393/RJ";"Norte";"Tombamento";0;0;1;0;0;0;0;0;0;0;1;0;0;0;0
"23/02/2019";"17:14:00";"49";"sem vítima";"253,414";"BR-393/RJ";"Sul";"Capotamento";1;0;0;0;0;0;0;0;0;0;2;0;0;0;0
"23/02/2019";"17:47:00";"50";"sem vítima";"246,183";"BR-393/RJ";"Sul";"Capotamento";1;0;0;0;0;0;0;0;0;0;2;0;0;0;0
"23/02/2019";"19:39:00";"57";"sem vítima";"284,334";"BR-393/RJ";"Norte";"Colisão com veículos (traseira)";2;0;0;0;0;0;0;0;0;0;2;0;0;0;0
"24/02/2019";"07:58:00";"15";"com vítima";"284";"BR-393/RJ";"Norte";"Colisão c/ obstáculos";1;0;0;0;0;0;0;0;0;0;0;1;0;0;0
"24/02/2019";"15:09:00";"26";"com vítima";"279";"BR-393/RJ";"Norte";"Colisão lateral no sentido contrário";1;0;0;1;0;0;0;0;0;0;0;2;0;0;0
"25/02/2019";"13:26:00";"46";"com vítima";"133";"BR-393/RJ";"Norte";"Acidentes de outra natureza";0;1;0;0;0;0;0;0;0;0;0;0;1;0;0
"26/02/2019";"02:16:00";"8";"sem vítima";"155,1";"BR-393/RJ";"Norte";"Colisão c/ obstáculos";0;0;1;0;0;0;0;0;0;0;1;0;0;0;0
"26/02/2019";"14:24:00";"59";"com vítima";"117";"BR-393/RJ";"Norte";"Colisão com veículos (frontal)";1;0;1;0;0;0;0;0;0;0;0;1;0;0;1
"26/02/2019";"16:56:00";"70";"com vítima";"138,3";"BR-393/RJ";"Sul";"Colisão c/ obstáculos";1;0;0;0;0;0;0;0;0;0;0;1;0;0;0
"27/02/2019";"17:27:00";"72";"com vítima";"212,067";"BR-393/RJ";"Norte";"Colisão com veículos (traseira)";1;0;0;0;0;0;0;0;1;0;0;4;0;0;0
"28/02/2019";"06:09:00";"14";"sem vítima";"266,444";"BR-393/RJ";"Norte";"Colisão com veículos (traseira)";2;0;0;0;0;0;0;0;0;0;3;0;0;0;0
"28/02/2019";"09:33:00";"28";"com vítima";"106,277";"BR-393/RJ";"Norte";"Colisão lateral no mesmo sentido";1;0;0;1;0;0;0;0;0;0;1;1;0;0;0
"28/02/2019";"17:32:00";"67";"com vítima";"262,032";"BR-393/RJ";"Norte";"Colisão c/ obstáculos";1;0;0;0;0;0;0;0;0;0;0;2;0;0;0
"01/03/2019";"21:16:00";"84";"sem vítima";"282,29";"BR-393/RJ";"Sul";"Colisão com veículos (traseira)";0;0;2;0;0;0;0;0;0;0;2;0;0;0;0
"01/03/2019";"22:12:00";"88";"sem vítima";"243,6";"BR-393/RJ";"Norte";"Acidentes de outra natureza";0;0;1;0;0;0;0;0;0;0;1;0;0;0;0
"02/03/2019";"12:53:00";"49";"sem vítima";"229,045";"BR-393/RJ";"Norte";"Colisão lateral no mesmo sentido";0;0;2;0;0;0;0;0;0;0;6;0;0;0;0
"02/03/2019";"15:13:00";"64";"sem vítima";"155,474";"BR-393/RJ";"Norte";"Tombamento";0;0;1;0;0;0;0;0;0;0;1;0;0;0;0
"03/03/2019";"02:11:00";"3";"com vítima";"253,588";"BR-393/RJ";"Sul";"Acidentes de outra natureza";1;0;0;0;0;0;0;0;0;0;0;2;0;0;0
"03/03/2019";"10:02:00";"31";"sem vítima";"195,046";"BR-393/RJ";"Sul";"Colisão lateral no mesmo sentido";2;0;0;0;0;0;0;0;0;0;3;0;0;0;0
"03/03/2019";"14:58:00";"43";"com vítima";"265,565";"BR-393/RJ";"Sul";"Colisão com veículos (traseira)";1;0;0;1;0;0;0;0;0;0;1;1;1;0;0
"05/03/2019";"10:55:00";"26";"com vítima";"268";"BR-393/RJ";"Sul";"Colisão lateral no sentido contrário";2;0;0;0;0;0;0;0;0;0;1;3;1;0;0
"05/03/2019";"13:18:00";"31";"com vítima";"182,362";"BR-393/RJ";"Sul";"Colisão lateral no sentido contrário";1;0;0;1;0;0;0;0;0;0;1;1;0;0;0
"06/03/2019";"03:22:00";"13";"sem vítima";"265,15";"BR-393/RJ";"Sul";"Colisão com veículos (traseira)";2;0;0;0;0;0;0;0;0;0;2;0;0;0;0
"06/03/2019";"20:16:00";"64";"sem vítima";"280,117";"BR-393/RJ";"Norte";"Colisão com veículos (traseira)";2;0;0;0;0;0;0;0;0;0;2;0;0;0;0
"07/03/2019";"16:21:00";"47";"sem vítima";"286,3";"BR-393/RJ";"Sul";"Engavetamento";3;0;0;0;0;0;0;0;0;0;5;0;0;0;0
"08/03/2019";"20:04:00";"81";"sem vítima";"238,672";"BR-393/RJ";"Sul";"Colisão Transversal";1;0;1;0;0;0;0;0;0;0;4;0;0;0;0
"09/03/2019";"18:39:00";"71";"sem vítima";"280,544";"BR-393/RJ";"Norte";"Colisão lateral no mesmo sentido";1;0;0;1;0;0;0;0;0;0;3;0;0;0;0
"09/03/2019";"22:44:00";"87";"com vítima";"132,29";"BR-393/RJ";"Sul";"Colisão com veículos (traseira)";0;0;1;1;0;0;0;0;0;0;1;0;1;0;0
"10/03/2019";"00:07:00";"2";"sem vítima";"187,57";"BR-393/RJ";"Norte";"Acidentes de outra natureza";1;0;0;0;0;0;0;0;0;0;1;0;0;0;0
"10/03/2019";"14:27:00";"44";"com vítima";"151,839";"BR-393/RJ";"Norte";"Tombamento";0;0;1;0;0;0;0;0;0;0;0;1;0;0;0
"10/03/2019";"19:37:00";"60";"com vítima";"236,6";"BR-393/RJ";"Norte";"Colisão c/ obstáculos";2;0;0;0;0;0;0;0;0;0;2;2;1;0;0
"11/03/2019";"06:53:00";"18";"com vítima";"281,697";"BR-393/RJ";"Sul";"Engavetamento";4;0;0;0;0;0;0;0;0;0;5;1;0;0;0
"12/03/2019";"12:15:00";"50";"com vítima";"240,598";"BR-393/RJ";"Sul";"Colisão lateral no mesmo sentido";1;0;1;0;0;0;0;0;0;0;1;1;0;0;0
"12/03/2019";"16:02:00";"64";"sem vítima";"237,692";"BR-393/RJ";"Norte";"Colisão com veículos (traseira)";1;0;1;0;0;0;0;0;0;0;2;0;0;0;0
"13/03/2019";"04:02:00";"5";"sem vítima";"224,747";"BR-393/RJ";"Sul";"Capotamento";1;0;0;0;0;0;0;0;0;0;1;0;0;0;0
"13/03/2019";"15:58:00";"66";"com vítima";"196";"BR-393/RJ";"Sul";"Atropelamento de animais";1;0;0;0;0;0;0;0;0;0;0;2;0;0;0
"13/03/2019";"16:30:00";"68";"com vítima";"238,722";"BR-393/RJ";"Sul";"Colisão Transversal";1;0;1;0;0;0;0;0;0;0;1;2;2;0;0
"13/03/2019";"17:53:00";"73";"com vítima";"232,146";"BR-393/RJ";"Norte";"Atropelamento de pedestre";1;0;0;0;0;0;0;0;0;0;0;2;1;1;0
"15/03/2019";"04:23:00";"8";"com vítima";"203,432";"BR-393/RJ";"Norte";"Colisão c/ obstáculos";0;0;0;1;0;0;0;0;0;0;0;0;1;0;0
"16/03/2019";"19:09:00";"59";"com vítima";"168,116";"BR-393/RJ";"Sul";"Colisão Transversal";1;0;0;1;0;0;0;0;0;0;0;1;1;0;0
"17/03/2019";"01:28:00";"5";"com vítima";"185,809";"BR-393/RJ";"Sul";"Acidentes de outra natureza";0;0;0;1;0;0;0;0;0;0;1;0;1;0;0
"17/03/2019";"03:59:00";"8";"com vítima";"181,413";"BR-393/RJ";"Norte";"Capotamento";1;0;0;0;0;0;0;0;0;0;0;2;0;0;0
"17/03/2019";"06:42:00";"21";"com vítima";"282";"BR-393/RJ";"Sul";"Colisão com veículos (traseira)";1;0;0;0;1;0;0;0;0;0;0;2;0;0;0
"17/03/2019";"20:25:00";"67";"com vítima";"235,616";"BR-393/RJ";"Sul";"Colisão com veículos (frontal)";2;0;0;0;0;0;0;0;0;0;0;1;3;4;0
"17/03/2019";"21:19:00";"69";"sem vítima";"281,459";"BR-393/RJ";"Sul";"Colisão com veículos (traseira)";1;0;0;0;0;0;0;0;0;1;2;0;0;0;0
"19/03/2019";"10:06:00";"35";"sem vítima";"195";"BR-393/RJ";"Sul";"Colisão com veículos (traseira)";0;0;2;0;0;0;0;0;0;0;2;0;0;0;0
"19/03/2019";"12:40:00";"46";"com vítima";"155,464";"BR-393/RJ";"Norte";"Tombamento";0;0;1;0;0;0;0;0;0;0;0;1;0;0;0
"19/03/2019";"13:24:00";"48";"sem vítima";"150,539";"BR-393/RJ";"Norte";"Tombamento";0;0;1;0;0;0;0;0;0;0;3;0;0;0;0
"20/03/2019";"00:34:00";"2";"sem vítima";"204,129";"BR-393/RJ";"Norte";"Acidentes de outra natureza";1;0;0;0;0;0;0;0;0;0;4;0;0;0;0
"20/03/2019";"04:25:00";"4";"com vítima";"223,689";"BR-393/RJ";"Norte";"Tombamento";0;0;1;0;0;0;0;0;0;0;0;1;0;0;0
"20/03/2019";"15:16:00";"56";"sem vítima";"278,866";"BR-393/RJ";"Sul";"Colisão com veículos (traseira)";2;0;0;0;0;0;0;0;0;0;2;0;0;0;0
"20/03/2019";"17:11:00";"60";"com vítima";"280,166";"BR-393/RJ";"Sul";"Atropelamento de pedestre";0;1;1;0;0;0;0;0;0;0;1;1;0;0;0
"21/03/2019";"09:18:00";"31";"sem vítima";"251,192";"BR-393/RJ";"Norte";"Colisão com veículos (traseira)";1;0;1;0;0;0;0;0;0;0;2;0;0;0;0
"21/03/2019";"22:38:00";"70";"sem vítima";"255,764";"BR-393/RJ";"Sul";"Colisão Transversal";1;0;0;0;1;0;0;0;0;0;2;0;0;0;0
"22/03/2019";"03:14:00";"2";"com vítima";"244,485";"BR-393/RJ";"Norte";"Capotamento";0;0;1;0;0;0;0;0;0;0;0;1;0;0;0
"22/03/2019";"11:04:00";"30";"com vítima";"279,5";"BR-393/RJ";"Sul";"Acidentes de outra natureza";0;1;0;0;0;0;0;0;0;0;0;1;0;0;0
"22/03/2019";"19:01:00";"56";"com vítima";"243,501";"BR-393/RJ";"Norte";"Colisão lateral no mesmo sentido";2;0;0;0;0;1;0;0;0;0;2;1;0;0;0
"23/03/2019";"13:40:00";"36";"com vítima";"151,789";"BR-393/RJ";"Sul";"Tombamento";0;0;1;0;0;0;0;0;0;0;0;1;0;0;0
"23/03/2019";"19:17:00";"47";"sem vítima";"285,288";"BR-393/RJ";"Sul";"Colisão com veículos (traseira)";3;0;0;0;0;0;0;0;0;0;3;0;0;0;0
"23/03/2019";"20:19:00";"51";"com vítima";"146,359";"BR-393/RJ";"Sul";"Acidentes de outra natureza";0;0;0;1;0;0;0;0;0;0;0;1;0;0;0
"24/03/2019";"00:39:00";"4";"sem vítima";"246,083";"BR-393/RJ";"Sul";"Colisão Transversal";2;0;0;0;0;0;0;0;0;0;7;0;0;0;0
"24/03/2019";"01:50:00";"6";"com vítima";"285,595";"BR-393/RJ";"Sul";"Colisão Transversal";2;0;0;0;0;0;0;0;0;0;2;1;0;0;0
"27/03/2019";"19:18:00";"57";"com vítima";"168,508";"BR-393/RJ";"Norte";"Atropelamento de pedestre";0;1;0;0;1;0;0;0;0;0;15;1;0;0;0
"28/03/2019";"10:43:00";"34";"com vítima";"131,397";"BR-393/RJ";"Norte";"Tombamento";0;0;1;0;0;0;0;0;0;0;0;1;0;0;0
"29/03/2019";"14:47:00";"57";"sem vítima";"135,891";"BR-393/RJ";"Sul";"Colisão c/ obstáculos";0;0;0;0;1;0;0;0;0;0;1;0;0;0;0
"31/03/2019";"13:16:00";"34";"com vítima";"217,678";"BR-393/RJ";"Norte";"Colisão Transversal";2;0;0;0;0;0;0;0;0;0;0;2;0;0;2
"31/03/2019";"19:48:00";"52";"com vítima";"281,746";"BR-393/RJ";"Sul";"Colisão com veículos (frontal)";1;0;0;1;0;0;0;0;0;0;2;0;0;1;0
"02/04/2019";"08:59:00";"25";"com vítima";"156,074";"BR-393/RJ";"RJ";"Norte";1;0;1;0;0;0;0;0;0;0;2;1;0;0;0
"02/04/2019";"19:17:00";"66";"sem vítima";"281";"BR-393/RJ";"RJ";"Norte";0;0;1;0;1;0;0;0;0;0;2;0;0;0;0
"03/04/2019";"22:46:00";"73";"sem vítima";"280,105";"BR-393/RJ";"RJ";"Norte";2;0;0;0;0;0;0;0;0;0;2;0;0;0;0
"03/04/2019";"23:14:00";"74";"sem vítima";"230,755";"BR-393/RJ";"RJ";"Sul";0;0;1;0;0;0;0;0;0;0;1;0;0;0;0
"05/04/2019";"12:35:00";"44";"com vítima";"168";"BR-393/RJ";"RJ";"Norte";0;0;1;1;0;0;0;0;0;0;1;0;0;3;0
"05/04/2019";"15:49:00";"54";"com vítima";"102,3";"BR-393/RJ";"RJ";"Sul";1;0;0;1;0;0;0;0;0;0;1;1;0;0;0