data;horario;n_da_ocorrencia;tipo_de_ocorrencia;km;trecho;sentido;tipo_de_acidente;automovel;bicicleta;caminhao;moto;onibus;outros;tracao_animal;transporte_de_cargas_especiais;trator_maquinas;utilitarios;ilesos;levemente_feridos;moderadamente_feridos;gravemente_feridos;mortos
"05/04/2019";"21:45:00";"79";"sem vítima";"253,763";"BR-393/RJ";"RJ";"Norte";1;0;0;0;0;0;0;0;0;0;1;0;0;0;0
"05/04/2019";"22:28:00";"82";"sem vítima";"243,404";"BR-393/RJ";"RJ";"Norte";0;0;1;0;0;0;0;0;0;0;2;0;0;0;0
"06/04/2019";"03:40:00";"15";"sem vítima";"246,173";"BR-393/RJ";"RJ";"Sul";0;0;1;0;0;0;0;0;0;0;1;0;0;0;0
"06/04/2019";"04:10:00";"16";"com vítima";"158,491";"BR-393/RJ";"RJ";"Norte";1;0;0;0;0;0;0;0;0;0;0;1;0;0;0
"06/04/2019";"11:52:00";"41";"com vítima";"220,818";"BR-393/RJ";"RJ";"Norte";1;0;0;0;0;0;0;0;0;0;0;0;0;1;0
"07/04/2019";"00:21:00";"2";"sem vítima";"282";"BR-393/RJ";"RJ";"Norte";1;0;0;0;0;0;0;0;0;0;1;0;0;0;0
"08/04/2019";"14:36:00";"57";"com vítima";"171";"BR-393/RJ";"RJ";"Norte";0;0;2;0;0;0;0;0;0;0;0;3;1;0;0
"10/04/2019";"10:12:00";"25";"com vítima";"279,678";"BR-393/RJ";"RJ";"Norte";2;0;0;0;0;0;0;0;0;0;1;2;0;0;0
"10/04/2019";"18:57:00";"54";"com vítima";"171,517";"BR-393/RJ";"RJ";"Sul";1;0;0;0;0;0;0;0;0;0;0;2;2;0;0
"13/04/2019";"09:08:00";"23";"sem vítima";"255,779";"BR-393/RJ";"RJ";"Norte";2;0;0;0;0;0;0;0;0;0;4;0;0;0;0
"13/04/2019";"18:27:00";"44";"sem vítima";"280";"BR-393/RJ";"RJ";"Norte";1;0;1;0;0;0;0;0;0;0;2;0;0;0;0
"13/04/2019";"21:40:00";"52";"com vítima";"114,969";"BR-393/RJ";"RJ";"Norte";0;0;1;0;0;0;0;0;0;0;1;0;1;0;0
"14/04/2019";"23:07:00";"53";"com vítima";"103,95";"BR-393/RJ";"RJ";"Sul";1;0;0;0;0;0;0;0;0;0;0;1;0;0;0
"15/04/2019";"06:02:00";"22";"sem vítima";"172,227";"BR-393/RJ";"RJ";"Norte";1;0;0;0;0;0;0;0;0;0;2;0;0;0;0
"15/04/2019";"08:48:00";"35";"com vítima";"133,132";"BR-393/RJ";"RJ";"Norte";1;0;0;1;0;0;0;0;0;0;3;1;0;0;0
"15/04/2019";"18:32:00";"75";"sem vítima";"117,326";"BR-393/RJ";"RJ";"Sul";1;0;0;0;0;0;0;0;0;0;1;0;0;0;0
"16/04/2019";"10:11:00";"30";"sem vítima";"133,742";"BR-393/RJ";"RJ";"Sul";0;0;2;0;0;0;0;0;0;0;2;0;0;0;0
"16/04/2019";"16:30:00";"55";"com vítima";"240,436";"BR-393/RJ";"RJ";"Sul";2;0;0;0;0;0;0;0;0;0;1;1;0;0;0
"16/04/2019";"18:21:00";"62";"com vítima";"280,281";"BR-393/RJ";"RJ";"Sul";3;0;0;0;0;0;0;0;0;0;3;1;0;0;0
"17/04/2019";"12:11:00";"32";"com vítima";"251,823";"BR-393/RJ";"RJ";"Norte";0;0;2;0;0;0;0;0;0;0;1;0;0;0;1
"17/04/2019";"12:24:00";"33";"com vítima";"131,376";"BR-393/RJ";"RJ";"Sul";0;0;1;0;0;0;0;0;0;0;0;1;0;0;0
"17/04/2019";"19:10:00";"51";"sem vítima";"281,459";"BR-393/RJ";"RJ";"Sul";3;0;0;0;0;0;0;0;0;0;4;0;0;0;0
"18/04/2019";"10:46:00";"30";"sem vítima";"282,483";"BR-393/RJ";"RJ";"Norte";1;0;1;0;0;0;0;0;0;0;2;0;0;0;0
"18/04/2019";"11:33:00";"33";"sem vítima";"133,483";"BR-393/RJ";"RJ";"Norte";1;0;1;0;0;0;0;0;0;0;2;0;0;0;0
"19/04/2019";"09:53:00";"37";"sem vítima";"146,52";"BR-393/RJ";"RJ";"Norte";2;0;0;0;0;0;0;0;0;0;6;0;0;0;0
"19/04/2019";"11:17:00";"41";"sem vítima";"204,094";"BR-393/RJ";"RJ";"Norte";1;0;1;0;0;0;0;0;0;0;2;0;0;0;0
"20/04/2019";"05:42:00";"18";"com vítima";"177,2";"BR-393/RJ";"RJ";"Norte";1;0;0;1;0;0;0;0;0;0;1;1;0;0;0
"20/04/2019";"15:29:00";"42";"sem vítima";"264,59";"BR-393/RJ";"RJ";"Sul";1;0;0;0;0;0;0;0;0;0;1;0;0;0;0
"21/04/2019";"01:20:00";"3";"com vítima";"210,484";"BR-393/RJ";"RJ";"Norte";1;0;0;0;0;0;0;0;0;0;0;1;0;0;0
"21/04/2019";"07:39:00";"28";"sem vítima";"170,9";"BR-393/RJ";"RJ";"Norte";0;0;1;0;0;0;0;0;0;0;1;0;0;0;0
"21/04/2019";"14:18:00";"37";"com vítima";"182,372";"BR-393/RJ";"RJ";"Sul";2;0;0;0;0;0;0;0;0;0;0;5;0;0;0
"21/04/2019";"20:07:00";"64";"com vítima";"280,252";"BR-393/RJ";"RJ";"Norte";1;0;0;1;0;0;0;0;0;0;1;1;0;0;0
"23/04/2019";"19:42:00";"64";"sem vítima";"169,642";"BR-393/RJ";"RJ";"Sul";1;0;0;0;0;0;0;0;0;0;1;0;0;0;0
"23/04/2019";"22:16:00";"66";"com vítima";"192,35";"BR-393/RJ";"RJ";"Sul";1;0;1;0;0;0;0;0;0;0;2;1;0;0;0
"24/04/2019";"14:22:00";"35";"com vítima";"284,51";"BR-393/RJ";"RJ";"Norte";0;0;0;1;0;0;0;0;0;1;0;2;0;0;0
"24/04/2019";"15:32:00";"45";"sem vítima";"2,141";"Alça Sul";"RJ";"Norte";1;0;0;0;0;0;0;0;0;0;1;0;0;0;0
"24/04/2019";"15:37:00";"46";"com vítima";"179,347";"BR-393/RJ";"RJ";"Sul";0;0;1;0;0;0;0;0;0;0;0;0;0;0;1
"24/04/2019";"16:42:00";"48";"sem vítima";"175";"BR-393/RJ";"RJ";"Norte";3;0;0;0;0;0;0;0;0;0;5;0;0;0;0
"24/04/2019";"21:54:00";"59";"com vítima";"274,494";"BR-393/RJ";"RJ";"Norte";0;0;0;1;0;0;0;0;0;0;0;1;1;0;0
"25/04/2019";"15:15:00";"41";"com vítima";"124,431";"BR-393/RJ";"RJ";"Sul";0;0;1;0;0;0;0;0;0;0;0;2;0;0;0
"26/04/2019";"19:30:00";"60";"sem vítima";"175,889";"BR-393/RJ";"RJ";"Sul";1;0;1;0;0;0;0;0;0;0;2;0;0;0;0
"27/04/2019";"01:27:00";"6";"sem vítima";"142,485";"BR-393/RJ";"RJ";"Norte";1;0;0;0;0;0;0;0;0;0;1;0;0;0;0
"27/04/2019";"08:29:00";"35";"com vítima";"182,416";"BR-393/RJ";"RJ";"Sul";0;0;0;1;0;0;0;0;0;0;0;0;1;0;0
"27/04/2019";"09:26:00";"42";"sem vítima";"252";"BR-393/RJ";"RJ";"Norte";2;0;0;0;0;0;0;0;0;0;3;0;0;0;0
"27/04/2019";"18:07:00";"73";"com vítima";"270,736";"BR-393/RJ";"RJ";"Norte";1;0;0;0;0;0;0;0;0;0;3;0;0;0;1
"28/04/2019";"17:18:00";"39";"sem vítima";"178";"BR-393/RJ";"RJ";"Norte";0;0;1;0;0;0;0;0;0;0;1;0;0;0;0
"29/04/2019";"07:31:00";"20";"com vítima";"268,316";"BR-393/RJ";"RJ";"Sul";2;0;0;0;0;0;0;0;0;0;0;2;0;0;0
"29/04/2019";"12:47:00";"36";"sem vítima";"269,8";"BR-393/RJ";"RJ";"Norte";1;0;0;0;0;0;0;0;0;0;1;0;0;0;0
"30/04/2019";"07:40:00";"19";"com vítima";"259,179";"BR-393/RJ";"RJ";"Sul";0;0;1;0;1;0;0;0;0;0;3;2;0;0;0
"02/05/2019";"11:34:00";"34";"com vítima";"282,236";"BR-393/RJ";"RJ";"Norte";1;0;0;1;0;0;0;0;0;0;1;1;0;0;0
"02/05/2019";"17:29:00";"55";"com vítima";"168,164";"BR-393/RJ";"RJ";"Norte";1;0;0;1;0;0;0;0;0;0;1;1;0;0;0
"03/05/2019";"13:35:00";"34";"com vítima";"238,714";"BR-393/RJ";"RJ";"Sul";1;0;0;1;0;0;0;0;0;0;1;0;1;0;0
"03/05/2019";"16:12:00";"44";"com vítima";"155,515";"BR-393/RJ";"RJ";"Norte";0;0;0;1;0;0;0;0;0;0;0;1;0;0;0
"05/05/2019";"03:58:00";"10";"com vítima";"202,538";"BR-393/RJ";"RJ";"Norte";1;0;0;0;0;0;0;0;0;0;0;0;1;0;0
"05/05/2019";"18:34:00";"55";"sem vítima";"281,839";"BR-393/RJ";"RJ";"Sul";1;0;0;1;0;0;0;0;0;0;3;0;0;0;0
"05/05/2019";"20:07:00";"59";"com vítima";"168,8";"BR-393/RJ";"RJ";"Sul";1;0;1;0;0;0;0;0;0;0;4;1;0;0;0
"06/05/2019";"00:51:00";"5";"sem vítima";"286";"BR-393/RJ";"RJ";"Sul";1;0;0;0;1;0;0;0;0;0;2;0;0;0;0
"07/05/2019";"08:29:00";"18";"com vítima";"178,572";"BR-393/RJ";"RJ";"Sul";1;0;1;0;0;0;0;0;0;0;0;2;0;0;0
"08/05/2019";"00:45:00";"2";"sem vítima";"217,835";"BR-393/RJ";"RJ";"Sul";0;0;1;0;0;0;0;0;0;0;1;0;0;0;0
"08/05/2019";"14:02:00";"42";"sem vítima";"129";"BR-393/RJ";"RJ";"Norte";0;0;1;0;0;0;0;0;0;0;1;0;0;0;0
"08/05/2019";"18:26:00";"58";"com vítima";"221,734";"BR-393/RJ";"RJ";"Sul";0;0;0;1;0;0;0;0;0;0;0;2;0;0;0
"09/05/2019";"17:53:00";"43";"com vítima";"269,332";"BR-393/RJ";"RJ";"Sul";0;1;0;1;0;0;0;0;0;0;0;2;0;0;0
"10/05/2019";"08:11:00";"11";"com vítima";"279,232";"BR-393/RJ";"RJ";"Sul";0;0;0;1;0;0;0;0;0;0;1;0;1;0;0
"10/05/2019";"10:25:00";"18";"com vítima";"227,2";"BR-393/RJ";"RJ";"Sul";1;0;0;0;0;0;0;0;0;0;0;2;0;0;0
"11/05/2019";"03:09:00";"3";"com vítima";"104,798";"BR-393/RJ";"RJ";"Norte";1;0;0;0;0;0;0;0;0;0;1;0;0;1;0
"11/05/2019";"19:46:00";"54";"com vítima";"284,594";"BR-393/RJ";"RJ";"Norte";2;0;0;0;0;0;0;0;0;0;1;4;0;0;0
"12/05/2019";"10:05:00";"21";"sem vítima";"132";"BR-393/RJ";"RJ";"Norte";3;0;0;0;0;0;0;0;0;0;3;0;0;0;0
"14/05/2019";"18:15:00";"48";"com vítima";"157,849";"BR-393/RJ";"RJ";"Norte";1;0;1;0;0;0;0;0;0;0;5;1;0;0;0
"15/05/2019";"01:36:00";"1";"com vítima";"268,923";"BR-393/RJ";"RJ";"Sul";1;0;0;0;0;0;0;0;0;0;1;0;0;0;1
"15/05/2019";"13:06:00";"42";"com vítima";"155,465";"BR-393/RJ";"RJ";"Norte";0;0;1;0;0;0;0;0;0;0;0;1;0;0;0
"15/05/2019";"20:56:00";"67";"com vítima";"149,689";"BR-393/RJ";"RJ";"Sul";1;0;0;0;0;0;0;0;0;0;2;1;1;0;0
"16/05/2019";"16:14:00";"62";"com vítima";"279";"BR-393/RJ";"RJ";"Sul";2;0;0;0;0;0;0;0;0;0;1;2;0;0;0
"17/05/2019";"14:43:00";"41";"sem vítima";"138";"BR-393/RJ";"RJ";"Norte";1;0;0;0;0;0;0;0;0;0;1;0;0;0;0
"18/05/2019";"09:49:00";"15";"sem vítima";"177,795";"BR-393/RJ";"RJ";"Sul";2;0;0;0;0;0;0;0;0;0;2;0;0;0;0
"18/05/2019";"12:08:00";"26";"sem vítima";"161,948";"BR-393/RJ";"RJ";"Norte";1;0;0;0;0;0;0;0;0;0;3;0;0;0;0
"18/05/2019";"16:43:00";"41";"com vítima";"282,875";"BR-393/RJ";"RJ";"Norte";1;0;1;0;0;0;0;0;0;0;1;1;0;0;0
"19/05/2019";"09:32:00";"21";"com vítima";"286,001";"BR-393/RJ";"RJ";"Sul";1;0;0;0;0;0;0;0;0;0;1;0;0;1;0
"19/05/2019";"11:30:00";"25";"sem vítima";"285,431";"BR-393/RJ";"RJ";"Norte";1;0;0;1;0;0;0;0;0;0;3;0;0;0;0
"19/05/2019";"19:48:00";"42";"com vítima";"105,093";"BR-393/RJ";"RJ";"Norte";0;0;0;1;0;0;0;0;0;0;0;1;0;0;0
"20/05/2019";"18:24:00";"57";"com vítima";"164,865";"BR-393/RJ";"RJ";"Sul";1;0;0;0;0;0;0;0;0;0;0;1;0;0;0
"22/05/2019";"12:10:00";"34";"sem vítima";"175";"BR-393/RJ";"RJ";"Sul";2;0;0;0;0;0;0;0;0;0;2;0;0;0;0
"23/05/2019";"16:32:00";"59";"com vítima";"246,269";"BR-393/RJ";"RJ";"Sul";0;0;1;0;0;0;0;0;0;0;0;0;0;1;0
"23/05/2019";"17:00:00";"61";"com vítima";"121,186";"BR-393/RJ";"RJ";"Norte";0;0;1;0;0;0;0;0;0;0;0;1;0;0;0
"24/05/2019";"11:51:00";"42";"com vítima";"246,25";"BR-393/RJ";"RJ";"Norte";3;0;0;0;0;0;0;0;0;0;6;1;0;0;0
"25/05/2019";"20:35:00";"65";"sem vítima";"3,024";"Alça Sul";"RJ";"Sul";1;0;0;0;0;0;0;0;0;0;1;0;0;0;0
"26/05/2019";"02:26:00";"9";"com vítima";"285,402";"BR-393/RJ";"RJ";"Sul";1;0;0;1;0;0;0;0;0;0;2;0;1;0;0
"27/05/2019";"01:35:00";"2";"sem vítima";"242,552";"BR-393/RJ";"RJ";"Sul";1;0;0;0;0;0;0;0;0;0;2;0;0;0;0
"27/05/2019";"19:18:00";"71";"com vítima";"280,527";"BR-393/RJ";"RJ";"Norte";2;0;0;0;0;0;0;0;0;0;2;1;0;0;0
"28/05/2019";"04:43:00";"4";"com vítima";"263,129";"BR-393/RJ";"RJ";"Sul";0;0;2;0;0;0;0;0;0;0;0;3;0;0;3
"30/05/2019";"20:01:00";"70";"com vítima";"106,957";"BR-393/RJ";"RJ";"Sul";1;0;0;1;0;0;0;0;0;0;1;1;0;0;0
"31/05/2019";"00:26:00";"3";"sem vítima";"280,228";"BR-393/RJ";"RJ";"Norte";0;0;0;1;0;0;0;0;0;0;1;0;0;0;0
"31/05/2019";"08:52:00";"28";"sem vítima";"231,663";"BR-393/RJ";"RJ";"Norte";0;0;2;0;0;0;0;0;0;0;2;0;0;0;0
"31/05/2019";"19:41:00";"79";"com vítima";"282,249";"BR-393/RJ";"RJ";"Norte";0;0;0;1;0;0;0;0;0;1;1;0;1;0;0
"31/05/2019";"21:51:00";"84";"com vítima";"213,037";"BR-393/RJ";"RJ";"Norte";1;0;2;0;0;0;0;0;0;0;2;0;0;0;2
"01/06/2019";"09:22:00";"23";"com vítima";"195";"BR-393/RJ";"RJ";"Norte";1;0;2;0;0;0;0;0;0;0;5;2;0;0;0
"01/06/2019";"20:33:00";"53";"sem vítima";"280";"BR-393/RJ";"RJ";"Sul";2;0;0;0;0;0;0;0;0;0;2;0;0;0;0
"02/06/2019";"06:17:00";"19";"sem vítima";"270,619";"BR-393/RJ";"RJ";"Sul";1;0;0;0;0;0;0;0;0;0;3;0;0;0;0
"03/06/2019";"01:04:00";"2";"com vítima";"280,254";"BR-393/RJ";"RJ";"Norte";1;0;0;0;0;0;0;0;0;0;1;1;0;0;0
"03/06/2019";"14:57:00";"47";"com vítima";"263,9";"BR-393/RJ";"RJ";"Norte";1;0;0;0;0;0;0;0;0;0;0;2;0;0;0
"04/06/2019";"08:07:00";"21";"sem vítima";"281";"BR-393/RJ";"RJ";"Norte";1;0;1;0;0;0;0;0;0;0;2;0;0;0;0
"04/06/2019";"16:56:00";"45";"com vítima";"182,286";"BR-393/RJ";"RJ";"Norte";1;0;1;0;0;0;0;0;0;0;0;4;0;0;0
"05/06/2019";"17:32:00";"64";"sem vítima";"154";"BR-393/RJ";"RJ";"Sul";0;0;0;0;0;0;0;0;0;1;1;0;0;0;0
"05/06/2019";"19:49:00";"78";"sem vítima";"118,9";"BR-393/RJ";"RJ";"Sul";0;0;2;0;0;0;0;0;0;0;3;0;0;0;0
"06/06/2019";"12:07:00";"43";"com vítima";"1";"Alça Sul";"RJ";"Norte";1;0;0;1;0;0;0;0;0;0;1;1;0;0;0
"07/06/2019";"01:52:00";"14";"com vítima";"218,901";"BR-393/RJ";"RJ";"Sul";1;0;0;1;0;0;0;0;0;0;1;2;1;0;0
"07/06/2019";"13:08:00";"39";"sem vítima";"118,132";"BR-393/RJ";"RJ";"Sul";0;0;2;0;0;0;0;0;0;0;2;0;0;0;0
"07/06/2019";"18:57:00";"55";"sem vítima";"279,303";"BR-393/RJ";"RJ";"Norte";2;0;0;0;0;0;0;0;0;0;5;0;0;0;0
"08/06/2019";"15:12:00";"44";"com vítima";"121,426";"BR-393/RJ";"RJ";"Norte";0;0;4;0;0;0;0;0;0;0;3;1;0;0;0
"09/06/2019";"06:09:00";"18";"sem vítima";"201,543";"BR-393/RJ";"RJ";"Norte";1;0;0;0;0;0;0;0;0;0;1;0;0;0;0
"09/06/2019";"21:54:00";"58";"sem vítima";"139,508";"BR-393/RJ";"RJ";"Sul";0;0;0;1;0;0;0;0;0;0;1;0;0;0;0
"10/06/2019";"07:35:00";"28";"sem vítima";"281";"BR-393/RJ";"RJ";"Norte";2;0;1;0;0;0;0;0;0;0;4;0;0;0;0
"11/06/2019";"13:57:00";"38";"com vítima";"255";"BR-393/RJ";"RJ";"Norte";2;0;0;0;0;0;0;0;0;0;0;2;0;0;0
"13/06/2019";"02:56:00";"5";"com vítima";"253,122";"BR-393/RJ";"RJ";"Norte";0;0;2;0;0;0;0;0;0;1;0;10;0;0;0
"13/06/2019";"19:17:00";"46";"sem vítima";"282,8";"BR-393/RJ";"RJ";"Sul";2;0;0;0;0;0;0;0;0;0;2;0;0;0;0
"14/06/2019";"03:33:00";"13";"com vítima";"190,197";"BR-393/RJ";"RJ";"Sul";1;0;0;0;0;0;0;0;0;0;0;4;0;0;0
"14/06/2019";"16:09:00";"62";"sem vítima";"284,662";"BR-393/RJ";"RJ";"Norte";3;0;0;0;0;0;0;0;0;0;9;0;0;0;0
"15/06/2019";"09:33:00";"23";"sem vítima";"282,103";"BR-393/RJ";"RJ";"Sul";2;0;0;0;0;0;0;0;0;0;2;0;0;0;0
"16/06/2019";"03:45:00";"17";"com vítima";"169,088";"BR-393/RJ";"RJ";"Sul";0;0;0;1;0;0;0;0;0;0;0;0;2;0;0
"16/06/2019";"21:21:00";"60";"com vítima";"232,61";"BR-393/RJ";"RJ";"Sul";0;0;1;0;0;0;0;0;0;0;0;1;0;0;1
"17/06/2019";"10:10:00";"39";"com vítima";"203,5";"BR-393/RJ";"RJ";"Sul";1;0;0;0;0;0;0;0;0;0;0;3;0;0;0
"18/06/2019";"20:23:00";"56";"sem vítima";"195";"BR-393/RJ";"RJ";"Sul";2;0;0;0;0;0;0;0;0;0;4;0;0;0;0
"19/06/2019";"09:55:00";"26";"sem vítima";"195,052";"BR-393/RJ";"RJ";"Norte";1;0;1;0;0;0;0;0;0;0;3;0;0;0;0
"19/06/2019";"13:23:00";"49";"com vítima";"268,355";"BR-393/RJ";"RJ";"Sul";2;0;0;0;0;0;0;0;0;0;0;2;0;0;0
"20/06/2019";"21:48:00";"57";"com vítima";"174,271";"BR-393/RJ";"RJ";"Sul";1;0;0;1;0;0;0;0;0;0;1;0;2;0;0
"22/06/2019";"10:39:00";"33";"com vítima";"286";"BR-393/RJ";"RJ";"Sul";1;0;0;1;0;0;0;0;0;0;2;1;0;0;0
"25/06/2019";"07:01:00";"13";"com vítima";"154";"BR-393/RJ";"RJ";"Sul";1;0;1;0;0;0;0;0;0;0;1;0;1;0;0
"25/06/2019";"16:42:00";"60";"sem vítima";"234";"BR-393/RJ";"RJ";"Sul";1;0;1;0;0;0;0;0;0;0;3;0;0;0;0
"25/06/2019";"18:39:00";"69";"sem vítima";"151";"BR-393/RJ";"RJ";"Sul";0;0;2;0;0;0;0;0;0;0;2;0;0;0;0
"25/06/2019";"19:34:00";"72";"sem vítima";"177,688";"BR-393/RJ";"RJ";"Norte";2;0;0;0;0;0;0;0;0;0;2;0;0;0;0
"26/06/2019";"15:00:00";"60";"sem vítima";"132";"BR-393/RJ";"RJ";"Sul";1;0;0;1;0;0;0;0;0;0;2;0;0;0;0
"26/06/2019";"21:41:00";"88";"sem vítima";"178,266";"BR-393/RJ";"RJ";"Norte";1;0;1;0;0;0;0;0;0;0;2;0;0;0;0
"27/06/2019";"02:35:00";"11";"sem vítima";"169,325";"BR-393/RJ";"RJ";"Sul";0;0;1;0;0;0;0;0;0;0;1;0;0;0;0
"27/06/2019";"07:24:00";"18";"sem vítima";"284,623";"BR-393/RJ";"RJ";"Sul";2;0;0;0;0;0;0;0;0;0;2;0;0;0;0
"28/06/2019";"11:37:00";"36";"com vítima";"182,05";"BR-393/RJ";"RJ";"Norte";0;0;0;1;0;0;0;0;0;0;0;1;0;0;0
"28/06/2019";"16:44:00";"56";"sem vítima";"285";"BR-393/RJ";"RJ";"Sul";2;0;0;0;0;0;0;0;0;0;3;0;0;0;0
"29/06/2019";"16:21:00";"60";"sem vítima";"283,762";"BR-393/RJ";"RJ";"Norte";2;0;0;0;0;0;0;0;0;0;5;0;0;0;0
"30/06/2019";"07:10:00";"29";"com vítima";"190,45";"BR-393/RJ";"RJ";"Norte";0;0;1;1;0;0;0;0;0;0;0;1;0;1;0
"30/06/2019";"22:59:00";"68";"sem vítima";"258";"BR-393/RJ";"RJ";"Sul";1;0;0;0;0;0;0;0;0;0;1;0;0;0;0
"01/07/2019";"00:16:00";"1";"com vítima";"284,388";"BR-393/RJ";"RJ";"Norte";0;0;0;1;0;0;0;0;0;0;0;1;0;0;0
"01/07/2019";"18:34:00";"45";"sem vítima";"269,283";"BR-393/RJ";"RJ";"Norte";1;0;0;0;0;0;0;0;0;0;1;0;0;0;0
"02/07/2019";"10:16:00";"24";"sem vítima";"195,003";"BR-393/RJ";"RJ";"Sul";1;0;1;0;0;0;0;0;0;0;2;0;0;0;0
"04/07/2019";"07:51:00";"18";"com vítima";"149,9";"BR-393/RJ";"RJ";"Norte";1;0;0;0;1;0;0;0;0;0;5;2;0;0;0
"04/07/2019";"09:13:00";"22";"com vítima";"114,018";"BR-393/RJ";"RJ";"Norte";0;0;1;0;0;0;0;0;0;0;0;1;0;0;0
"04/07/2019";"16:03:00";"61";"com vítima";"227,5";"BR-393/RJ";"RJ";"Norte";0;0;1;0;0;0;0;0;0;0;0;1;0;0;0
"05/07/2019";"07:40:00";"15";"com vítima";"172,2";"BR-393/RJ";"RJ";"Sul";1;0;0;0;0;0;0;0;0;0;0;1;0;0;0
"05/07/2019";"14:05:00";"35";"com vítima";"239,8";"BR-393/RJ";"RJ";"Norte";1;0;0;0;0;0;0;0;0;0;0;1;0;0;0
"05/07/2019";"14:20:00";"36";"com vítima";"161,945";"BR-393/RJ";"RJ";"Sul";0;0;1;0;0;0;0;0;0;0;0;1;0;0;0
"05/07/2019";"15:30:00";"38";"com vítima";"121";"BR-393/RJ";"RJ";"Sul";1;0;0;0;0;0;0;0;0;0;0;1;0;0;0
"05/07/2019";"18:07:00";"45";"sem vítima";"125,679";"BR-393/RJ";"RJ";"Norte";2;0;0;0;0;0;0;0;0;0;4;0;0;0;0
"06/07/2019";"02:22:00";"5";"com vítima";"103,252";"BR-393/RJ";"RJ";"Norte";1;0;0;1;0;0;0;0;0;0;2;1;0;0;0
"06/07/2019";"06:53:00";"17";"com vítima";"217,5";"BR-393/RJ";"RJ";"Norte";0;0;0;1;0;0;0;0;0;0;0;1;0;0;0
"07/07/2019";"18:22:00";"56";"com vítima";"173,718";"BR-393/RJ";"RJ";"Norte";1;0;0;0;0;0;0;0;0;0;0;4;0;0;0
"07/07/2019";"18:41:00";"57";"com vítima";"235,518";"BR-393/RJ";"RJ";"Sul";1;0;0;1;0;0;0;0;0;0;1;2;0;0;0
"08/07/2019";"12:13:00";"45";"com vítima";"168,079";"BR-393/RJ";"RJ";"Norte";1;0;0;1;0;0;0;0;0;0;0;2;0;0;0
"08/07/2019";"19:13:00";"69";"com vítima";"280,229";"BR-393/RJ";"RJ";"Sul";1;0;0;1;0;0;0;0;0;0;1;0;0;1;0
"09/07/2019";"07:52:00";"19";"sem vítima";"177,135";"BR-393/RJ";"RJ";"Sul";2;0;0;0;0;0;0;0;0;0;5;0;0;0;0
"09/07/2019";"10:36:00";"32";"sem vítima";"178,571";"BR-393/RJ";"RJ";"Norte";1;0;1;0;0;0;0;0;0;0;2;0;0;0;0
"09/07/2019";"12:53:00";"37";"sem vítima";"161,214";"BR-393/RJ";"RJ";"Sul";1;0;0;0;0;0;0;0;0;0;4;0;0;0;0
"10/07/2019";"02:03:00";"3";"com vítima";"114,7";"BR-393/RJ";"RJ";"Norte";0;0;1;0;0;0;0;0;0;0;0;0;1;0;0
"11/07/2019";"02:15:00";"4";"com vítima";"130,291";"BR-393/RJ";"RJ";"Sul";0;0;1;0;0;0;0;0;0;0;0;1;0;0;0
"11/07/2019";"09:27:00";"22";"sem vítima";"282,6";"BR-393/RJ";"RJ";"Norte";1;0;1;0;0;0;0;0;0;0;2;0;0;0;0
"11/07/2019";"09:50:00";"24";"com vítima";"252";"BR-393/RJ";"RJ";"Norte";1;0;0;1;0;0;0;0;0;0;1;1;0;0;0
"11/07/2019";"10:31:00";"26";"sem vítima";"279,306";"BR-393/RJ";"RJ";"Norte";1;0;1;0;0;0;0;0;0;0;2;0;0;0;0
"11/07/2019";"18:52:00";"56";"sem vítima";"188,034";"BR-393/RJ";"RJ";"Sul";0;0;0;0;0;1;0;0;0;0;1;0;0;0;0
"12/07/2019";"14:02:00";"53";"com vítima";"104,8";"BR-393/RJ";"RJ";"Norte";1;0;0;1;0;0;0;0;0;0;1;0;1;0;0
"12/07/2019";"16:19:00";"64";"sem vítima";"125,6";"BR-393/RJ";"RJ";"Norte";1;0;1;0;0;0;0;0;0;0;2;0;0;0;0
"12/07/2019";"17:29:00";"72";"sem vítima";"285,458";"BR-393/RJ";"RJ";"Norte";3;0;1;0;0;0;0;0;0;0;7;0;0;0;0
"13/07/2019";"04:04:00";"7";"com vítima";"102,5";"BR-393/RJ";"RJ";"Sul";0;0;0;0;1;0;0;0;0;0;5;3;0;1;0
"13/07/2019";"07:26:00";"9";"com vítima";"176,946";"BR-393/RJ";"RJ";"Norte";2;0;0;0;0;0;0;0;0;0;4;3;0;0;0
"13/07/2019";"21:25:00";"47";"com vítima";"281";"BR-393/RJ";"RJ";"Norte";2;0;0;0;0;0;0;0;0;0;1;1;0;0;0
"14/07/2019";"03:38:00";"8";"sem vítima";"247,429";"BR-393/RJ";"RJ";"Norte";1;0;0;0;0;0;0;0;0;0;1;0;0;0;0
"14/07/2019";"04:48:00";"14";"sem vítima";"259,447";"BR-393/RJ";"RJ";"Sul";1;0;0;0;0;0;0;0;0;0;1;0;0;0;0
"15/07/2019";"13:46:00";"56";"com vítima";"274,085";"BR-393/RJ";"RJ";"Sul";0;0;1;0;0;0;0;0;0;0;0;0;0;0;1
"15/07/2019";"16:48:00";"63";"com vítima";"235";"BR-393/RJ";"RJ";"Norte";0;0;0;2;0;0;0;0;0;0;1;1;0;0;0
"16/07/2019";"07:01:00";"19";"com vítima";"138,119";"BR-393/RJ";"RJ";"Norte";0;0;1;0;0;0;0;0;0;0;0;1;0;0;0
"16/07/2019";"10:39:00";"30";"sem vítima";"175,5";"BR-393/RJ";"RJ";"Norte";0;0;2;0;0;0;0;0;0;0;2;0;0;0;0
"16/07/2019";"23:06:00";"71";"com vítima";"281,5";"BR-393/RJ";"RJ";"Sul";1;0;0;1;0;0;0;0;0;0;1;0;1;0;0
"18/07/2019";"17:28:00";"51";"sem vítima";"116,346";"BR-393/RJ";"RJ";"Norte";2;0;1;0;0;0;0;0;0;0;5;0;0;0;0
"18/07/2019";"17:51:00";"53";"sem vítima";"241,728";"BR-393/RJ";"RJ";"Norte";1;0;0;1;0;0;0;0;0;0;2;0;0;0;0
"19/07/2019";"18:33:00";"60";"com vítima";"284,586";"BR-393/RJ";"RJ";"Sul";1;0;0;0;1;0;0;0;0;0;0;4;0;0;0
"19/07/2019";"20:14:00";"65";"com vítima";"105";"BR-393/RJ";"RJ";"Norte";2;0;0;0;0;0;0;0;0;0;1;1;0;0;0
"20/07/2019";"21:30:00";"70";"sem vítima";"285,105";"BR-393/RJ";"RJ";"Sul";1;0;0;1;0;0;0;0;0;0;3;0;0;0;0
"21/07/2019";"06:53:00";"19";"sem vítima";"106,1";"BR-393/RJ";"RJ";"Sul";1;0;0;0;0;0;0;0;0;0;1;0;0;0;0
"21/07/2019";"16:46:00";"48";"sem vítima";"239,317";"BR-393/RJ";"RJ";"Norte";1;0;0;0;0;0;0;0;0;1;4;0;0;0;0
"21/07/2019";"22:57:00";"68";"com vítima";"283,077";"BR-393/RJ";"RJ";"Norte";1;0;0;0;0;0;0;0;0;0;0;1;0;0;0
"24/07/2019";"10:49:00";"38";"sem vítima";"281,565";"BR-393/RJ";"RJ";"Sul";2;0;0;0;0;0;0;0;0;0;2;0;0;0;0
"24/07/2019";"11:04:00";"40";"sem vítima";"281,565";"BR-393/RJ";"RJ";"Sul";0;0;0;2;0;0;0;0;0;0;2;0;0;0;0
"24/07/2019";"13:46:00";"49";"sem vítima";"233,7";"BR-393/RJ";"RJ";"Sul";2;0;0;0;0;0;0;0;0;0;4;0;0;0;0
"26/07/2019";"06:51:00";"19";"com vítima";"169,738";"BR-393/RJ";"RJ";"Norte";1;0;0;0;1;0;0;0;0;0;1;1;0;0;0
"26/07/2019";"19:22:00";"86";"com vítima";"196,083";"BR-393/RJ";"RJ";"Norte";1;0;0;0;0;0;0;0;0;0;0;2;0;0;0