data;horario;n_da_ocorrencia;tipo_de_ocorrencia;km;trecho;sentido;tipo_de_acidente;automovel;bicicleta;caminhao;moto;onibus;outros;tracao_animal;transporte_de_cargas_especiais;trator_maquinas;utilitarios;ilesos;levemente_feridos;moderadamente_feridos;gravemente_feridos;mortos
"13/02/2020";"18:39:00";"65";"com vítima";"178,699";"BR-393/RJ";"Sul";"Colisão com veículos (frontal)";1;0;0;1;0;0;0;0;0;0;1;0;0;0;1
"13/02/2020";"20:35:00";"71";"sem vítima";"262,199";"BR-393/RJ";"Norte";"Saídas de pista";1;0;0;0;0;0;0;0;0;0;1;0;0;0;0
"14/02/2020";"09:55:00";"27";"com vítima";"178,358";"BR-393/RJ";"Sul";"Colisão com veículos (traseira)";1;0;1;0;0;0;0;0;0;0;0;2;0;0;0
"15/02/2020";"07:28:00";"22";"com vítima";"235";"BR-393/RJ";"Sul";"Colisão Transversal";2;0;0;0;0;0;0;0;0;0;4;1;0;0;0
"16/02/2020";"21:34:00";"56";"sem vítima";"284,692";"BR-393/RJ";"Sul";"Saídas de pista";1;0;0;0;0;0;0;0;0;0;2;0;0;0;0
"17/02/2020";"12:19:00";"45";"com vítima";"285";"BR-393/RJ";"Norte";"Colisão com veículos (traseira)";2;0;0;0;0;0;0;0;0;0;2;1;0;0;0
"17/02/2020";"17:12:00";"60";"com vítima";"3";"Alça Sul";"Sul";"Colisão com veículos (frontal)";2;0;0;1;0;0;0;0;0;0;1;1;1;0;0
"17/02/2020";"18:01:00";"63";"com vítima";"268,112";"BR-393/RJ";"Sul";"Colisão Transversal";1;0;1;0;0;0;0;0;0;0;1;2;0;0;0
"20/02/2020";"07:32:00";"21";"com vítima";"265";"BR-393/RJ";"Norte";"Colisão com veículos (traseira)";1;0;0;0;1;0;0;0;0;0;1;4;0;0;0
"20/02/2020";"17:46:00";"82";"com vítima";"241";"BR-393/RJ";"Norte";"Colisão com veículos (frontal)";1;0;1;0;0;0;0;0;0;0;0;1;2;0;0
"20/02/2020";"20:56:00";"93";"com vítima";"1,1";"Alça Sul";"Norte";"Capotamento";1;0;0;0;0;0;0;0;0;0;0;1;0;0;0
"21/02/2020";"01:27:00";"4";"com vítima";"188,8";"BR-393/RJ";"Sul";"Atropelamento de animais";0;0;1;0;0;0;0;0;0;0;0;1;0;0;0
"22/02/2020";"01:32:00";"5";"sem vítima";"284,096";"BR-393/RJ";"Sul";"Saídas de pista";1;0;0;0;0;0;0;0;0;0;1;0;0;0;0
"22/02/2020";"05:50:00";"26";"com vítima";"208,777";"BR-393/RJ";"Sul";"Colisão com veículos (traseira)";2;0;0;0;0;0;0;0;0;0;0;6;0;0;0
"22/02/2020";"08:50:00";"33";"com vítima";"238,9";"BR-393/RJ";"Norte";"Colisão Transversal";1;0;1;0;0;0;0;0;0;0;3;3;0;0;0
"23/02/2020";"00:42:00";"2";"com vítima";"161,8";"BR-393/RJ";"Sul";"Capotamento";1;0;0;0;0;0;0;0;0;0;0;4;0;0;0
"23/02/2020";"06:02:00";"19";"com vítima";"118,4";"BR-393/RJ";"Norte";"Saídas de pista";1;0;0;0;0;0;0;0;0;0;0;4;0;0;0
"23/02/2020";"12:58:00";"42";"sem vítima";"109,599";"BR-393/RJ";"Norte";"Colisão c/ obstáculos";1;0;0;0;0;0;0;0;0;0;1;0;0;0;0
"24/02/2020";"23:42:00";"47";"sem vítima";"172,4";"BR-393/RJ";"Sul";"Colisão c/ obstáculos";1;0;0;0;0;0;0;0;0;0;1;0;0;0;0
"26/02/2020";"02:02:00";"6";"sem vítima";"233,6";"BR-393/RJ";"Norte";"Acidentes de outra natureza";0;0;0;1;0;0;0;0;0;0;1;0;0;0;0
"26/02/2020";"10:07:00";"31";"com vítima";"103,618";"BR-393/RJ";"Norte";"Colisão com veículos (frontal)";1;0;1;0;0;0;0;0;0;0;1;0;1;0;0
"26/02/2020";"20:19:00";"73";"sem vítima";"178";"BR-393/RJ";"Norte";"Colisão com veículos (traseira)";2;0;0;0;0;0;0;0;0;0;4;0;0;0;0
"27/02/2020";"03:14:00";"12";"sem vítima";"243";"BR-393/RJ";"Sul";"Saídas de pista";1;0;0;0;0;0;0;0;0;0;3;0;0;0;0
"28/02/2020";"06:02:00";"10";"com vítima";"242,3";"BR-393/RJ";"Sul";"Capotamento";1;0;0;0;0;0;0;0;0;0;0;1;0;0;0
"28/02/2020";"15:31:00";"45";"sem vítima";"237,49";"BR-393/RJ";"Sul";"Acidentes de outra natureza";0;0;0;1;0;0;0;0;0;0;1;0;0;0;0
"28/02/2020";"16:07:00";"46";"sem vítima";"234,4";"BR-393/RJ";"Norte";"Colisão lateral no mesmo sentido";1;0;1;0;0;0;0;0;0;0;2;0;0;0;0
"29/02/2020";"16:49:00";"50";"sem vítima";"239,4";"BR-393/RJ";"Norte";"Saídas de pista";1;0;0;0;0;0;0;0;0;0;1;0;0;0;0
"01/03/2020";"09:07:00";"28";"com vítima";"105,12";"BR-393/RJ";"Sul";"Saida de Pista";1;0;0;0;0;0;0;0;0;0;0;1;0;0;0
"01/03/2020";"12:15:00";"45";"com vítima";"105,435";"BR-393/RJ";"Norte";"Colisão Traseira";1;0;0;1;0;0;0;0;0;0;4;1;0;0;0
"02/03/2020";"00:08:00";"1";"com vítima";"177,8";"BR-393/RJ";"Sul";"Colisão Traseira";1;0;1;0;0;0;0;0;0;0;1;1;0;0;0
"03/03/2020";"08:27:00";"24";"sem vítima";"104";"BR-393/RJ";"Sul";"Colisão Lateral Mesmo Sentido";1;0;1;0;0;0;0;0;0;0;2;0;0;0;0
"03/03/2020";"12:42:00";"47";"com vítima";"285";"BR-393/RJ";"Norte";"Colisão Transversal";1;0;0;1;0;0;0;0;0;0;0;2;0;0;0
"03/03/2020";"18:15:00";"59";"com vítima";"258,6";"BR-393/RJ";"Sul";"Colisão Transversal";1;0;0;0;1;0;0;0;0;0;1;1;1;0;0
"03/03/2020";"20:49:00";"72";"com vítima";"189,199";"BR-393/RJ";"Norte";"Tombamento";0;0;1;0;0;0;0;0;0;0;0;1;0;0;0
"04/03/2020";"12:11:00";"56";"com vítima";"281,1";"BR-393/RJ";"Sul";"Colisão Transversal";1;0;0;1;0;0;0;0;0;0;1;1;0;0;0
"04/03/2020";"18:53:00";"74";"sem vítima";"284,399";"BR-393/RJ";"Norte";"Colisão Traseira";2;0;0;0;0;0;0;0;0;0;5;0;0;0;0
"05/03/2020";"12:21:00";"70";"com vítima";"268,126";"BR-393/RJ";"Norte";"Colisão Transversal";1;0;0;1;0;0;0;0;0;0;2;0;0;1;0
"05/03/2020";"18:37:00";"90";"sem vítima";"258,5";"BR-393/RJ";"Sul";"Colisão Lateral Mesmo Sentido";0;0;2;0;0;0;0;0;0;0;3;0;0;0;0
"06/03/2020";"18:09:00";"59";"com vítima";"255,9";"BR-393/RJ";"Norte";"Colisão Transversal";2;0;0;0;0;0;0;0;0;0;1;3;0;0;0
"06/03/2020";"20:11:00";"66";"com vítima";"140";"BR-393/RJ";"Norte";"Colisão Frontal";0;0;1;1;0;0;0;0;0;0;1;0;0;0;1
"07/03/2020";"13:28:00";"56";"sem vítima";"286,3";"BR-393/RJ";"Sul";"Colisão Traseira";2;0;0;0;0;0;0;0;0;0;3;0;0;0;0
"07/03/2020";"14:32:00";"59";"sem vítima";"286,3";"BR-393/RJ";"Sul";"Engavetamento";3;0;0;0;0;0;0;0;0;0;3;0;0;0;0
"07/03/2020";"19:34:00";"77";"com vítima";"285,699";"BR-393/RJ";"Norte";"Queda de Moto";0;0;0;1;0;0;0;0;0;0;0;1;0;0;0
"10/03/2020";"10:01:00";"27";"com vítima";"178,8";"BR-393/RJ";"Sul";"Colisão Transversal";1;0;0;1;0;0;0;0;0;0;0;1;1;0;0
"10/03/2020";"14:01:00";"42";"com vítima";"231,924";"BR-393/RJ";"Sul";"Colisão Transversal";1;0;0;1;0;0;0;0;0;0;1;1;0;0;0
"11/03/2020";"06:41:00";"15";"com vítima";"131,4";"BR-393/RJ";"Sul";"Tombamento";0;0;1;0;0;0;0;0;0;0;0;1;0;0;0
"11/03/2020";"07:23:00";"17";"com vítima";"144,099";"BR-393/RJ";"Norte";"Saida de Pista";0;0;0;0;1;0;0;0;0;0;6;1;0;0;0
"12/03/2020";"16:38:00";"59";"com vítima";"265";"BR-393/RJ";"Sul";"Choque - Outros";0;0;0;0;0;0;0;0;0;1;2;1;0;0;0
"13/03/2020";"13:42:00";"45";"sem vítima";"255,6";"BR-393/RJ";"Sul";"Colisão Traseira";1;0;1;0;0;0;0;0;0;0;2;0;0;0;0
"14/03/2020";"05:14:00";"13";"sem vítima";"196";"BR-393/RJ";"Norte";"Tombamento";0;0;1;0;0;0;0;0;0;0;1;0;0;0;0
"15/03/2020";"10:38:00";"22";"com vítima";"235,691";"BR-393/RJ";"Norte";"Atropelamento - Ciclista";0;1;1;0;0;0;0;0;0;0;1;0;0;0;1
"15/03/2020";"11:36:00";"24";"com vítima";"155";"BR-393/RJ";"Norte";"Queda de Moto";0;0;0;1;0;0;0;0;0;0;0;1;0;0;0
"16/03/2020";"14:00:00";"50";"sem vítima";"174";"BR-393/RJ";"Sul";"Saida de Pista";0;0;2;0;0;0;0;0;0;0;3;0;0;0;0
"16/03/2020";"15:57:00";"61";"com vítima";"104,17";"BR-393/RJ";"Norte";"Engavetamento";2;0;0;0;0;0;0;0;0;1;3;1;0;0;0
"17/03/2020";"11:49:00";"45";"com vítima";"108,054";"BR-393/RJ";"Norte";"Capotamento";1;0;0;0;0;0;0;0;0;0;2;1;0;0;0
"18/03/2020";"15:30:00";"43";"sem vítima";"253,199";"BR-393/RJ";"Norte";"Colisão Lateral Sentido Oposto";1;0;1;0;0;0;0;0;0;0;3;0;0;0;0
"19/03/2020";"17:52:00";"60";"sem vítima";"279,87";"BR-393/RJ";"Sul";"Engavetamento";3;0;1;0;0;0;0;0;0;0;4;0;0;0;0
"20/03/2020";"07:41:00";"24";"com vítima";"138,15";"BR-393/RJ";"Sul";"Tombamento";0;0;1;0;0;0;0;0;0;0;0;1;0;0;0
"20/03/2020";"12:29:00";"41";"com vítima";"267,8";"BR-393/RJ";"Norte";"Queda de Moto";0;0;1;1;0;0;0;0;0;0;2;1;0;0;0
"20/03/2020";"17:22:00";"60";"com vítima";"285,6";"BR-393/RJ";"Norte";"Colisão Transversal";2;0;0;0;0;0;0;0;0;0;1;0;1;0;0
"20/03/2020";"19:13:00";"66";"com vítima";"168,04";"BR-393/RJ";"Norte";"Atropelamento - Ciclista";1;1;0;0;0;0;0;0;0;0;1;1;0;0;0
"20/03/2020";"20:57:00";"68";"sem vítima";"285,6";"BR-393/RJ";"Norte";"Abalroamento Mesmo Sentido ";1;0;1;0;0;0;0;0;0;0;2;0;0;0;0
"20/03/2020";"22:03:00";"71";"sem vítima";"123";"BR-393/RJ";"Sul";"Saida de Pista";0;0;1;0;0;0;0;0;0;0;1;0;0;0;0
"22/03/2020";"17:41:00";"45";"com vítima";"175";"BR-393/RJ";"Sul";"Queda de Moto";0;0;0;1;0;0;0;0;0;0;1;1;0;0;0
"22/03/2020";"23:15:00";"59";"sem vítima";"283";"BR-393/RJ";"Sul";"Saida de Pista";1;0;0;0;0;0;0;0;0;0;1;0;0;0;0
"25/03/2020";"04:27:00";"15";"sem vítima";"253,4";"BR-393/RJ";"Norte";"Saida de Pista";1;0;0;0;0;0;0;0;0;0;2;0;0;0;0
"25/03/2020";"13:43:00";"30";"com vítima";"124";"BR-393/RJ";"Norte";"Tombamento";0;0;1;0;0;0;0;0;0;0;0;1;0;0;0
"26/03/2020";"07:30:00";"13";"com vítima";"0,1";"Alça Sul";"Norte";"Saida de Pista";1;0;0;0;0;0;0;0;0;0;0;2;0;0;0
"27/03/2020";"17:05:00";"37";"com vítima";"169";"BR-393/RJ";"Sul";"Colisão Transversal";1;0;0;1;0;0;0;0;0;0;4;1;0;0;0
"28/03/2020";"05:56:00";"11";"com vítima";"137,618";"BR-393/RJ";"Norte";"Tombamento";0;0;1;0;0;0;0;0;0;0;0;0;1;0;0
"28/03/2020";"13:50:00";"17";"sem vítima";"255,6";"BR-393/RJ";"Sul";"Colisão Transversal";2;0;0;0;0;0;0;0;0;0;2;0;0;0;0
"30/03/2020";"08:22:00";"18";"com vítima";"177,099";"BR-393/RJ";"Norte";"Atropelamento de Animal";0;0;0;1;0;0;0;0;0;0;0;0;2;0;0
"30/03/2020";"18:22:00";"33";"com vítima";"282,1";"BR-393/RJ";"Norte";"Colisão Transversal";1;0;0;1;0;0;0;0;0;0;0;2;0;0;0
"30/03/2020";"20:05:00";"35";"com vítima";"111,099";"BR-393/RJ";"Norte";"Saida de Pista";1;0;0;0;0;0;0;0;0;0;0;1;0;0;0
"31/03/2020";"11:30:00";"26";"com vítima";"235";"BR-393/RJ";"Norte";"Colisão Lateral Sentido Oposto";1;0;0;1;0;0;0;0;0;0;1;0;1;0;0
"02/04/2020";"22:17:00";"47";"com vítima";"249";"BR-393/RJ";"Norte";"Saida de Pista";1;0;0;0;0;0;0;0;0;0;0;2;0;0;0
"03/04/2020";"17:02:00";"47";"sem vítima";"281,3";"BR-393/RJ";"Norte";"Colisão Lateral Sentido Oposto";1;0;0;0;1;0;0;0;0;0;5;0;0;0;0
"04/04/2020";"10:05:00";"23";"com vítima";"175,699";"BR-393/RJ";"Sul";"Tombamento";0;0;1;0;0;0;0;0;0;0;0;1;0;0;0
"04/04/2020";"21:16:00";"38";"sem vítima";"265";"BR-393/RJ";"Sul";"Colisão Traseira";2;0;0;0;0;0;0;0;0;0;3;0;0;0;0
"05/04/2020";"23:11:00";"34";"com vítima";"154,4";"BR-393/RJ";"Sul";"Saida de Pista";1;0;0;0;0;0;0;0;0;0;3;1;0;0;0
"06/04/2020";"18:17:00";"44";"com vítima";"171,563";"BR-393/RJ";"Norte";"Colisão Frontal";0;0;1;1;0;0;0;0;0;0;1;0;1;0;0
"08/04/2020";"14:25:00";"33";"com vítima";"190,8";"BR-393/RJ";"Sul";"Capotamento";1;0;0;0;0;0;0;0;0;0;0;1;0;0;0
"09/04/2020";"18:45:00";"38";"com vítima";"175,699";"BR-393/RJ";"Sul";"Queda de Moto";0;0;0;1;0;0;0;0;0;0;1;1;0;0;0
"10/04/2020";"04:56:00";"7";"sem vítima";"173,152";"BR-393/RJ";"Sul";"Atropelamento de Animal";0;0;1;0;0;0;0;0;0;0;1;0;0;0;0
"12/04/2020";"02:15:00";"5";"com vítima";"243";"BR-393/RJ";"Sul";"Saida de Pista";1;0;0;0;0;0;0;0;0;0;0;1;0;0;0
"12/04/2020";"19:12:00";"47";"sem vítima";"282";"BR-393/RJ";"Norte";"Queda de Bicicleta";0;1;0;0;0;0;0;0;0;0;1;0;0;0;0
"16/04/2020";"14:39:00";"35";"com vítima";"211";"BR-393/RJ";"Norte";"Colisão Lateral Sentido Oposto";0;0;2;0;0;0;0;0;0;0;1;1;0;0;0
"18/04/2020";"18:44:00";"42";"sem vítima";"218,931";"BR-393/RJ";"Sul";"Saida de Pista";1;0;0;0;0;0;0;0;0;0;1;0;0;0;0
"20/04/2020";"12:52:00";"18";"sem vítima";"271";"BR-393/RJ";"Sul";"Colisão Lateral Mesmo Sentido";1;0;1;0;0;0;0;0;0;0;5;0;0;0;0
"22/04/2020";"06:46:00";"15";"com vítima";"114,299";"BR-393/RJ";"Norte";"Tombamento";0;0;1;0;0;0;0;0;0;0;0;1;0;0;0
"22/04/2020";"17:49:00";"39";"com vítima";"168,984";"BR-393/RJ";"Sul";"Colisão Transversal";2;0;0;0;0;0;0;0;0;0;2;3;0;0;0
"23/04/2020";"19:45:00";"39";"com vítima";"168,044";"BR-393/RJ";"Sul";"Colisão Lateral Mesmo Sentido";2;0;0;0;0;0;0;0;0;0;1;2;0;0;0
"24/04/2020";"09:42:00";"23";"com vítima";"107";"BR-393/RJ";"Sul";"Colisão Traseira";1;0;0;1;0;0;0;0;0;0;1;0;1;0;0
"24/04/2020";"09:51:00";"24";"sem vítima";"283,699";"BR-393/RJ";"Norte";"Colisão Traseira";2;0;0;0;0;0;0;0;0;0;3;0;0;0;0
"27/04/2020";"16:11:00";"33";"com vítima";"283,699";"BR-393/RJ";"Norte";"Engavetamento";3;0;0;0;0;0;0;0;0;0;0;3;0;0;0
"29/04/2020";"05:30:00";"12";"com vítima";"200,199";"BR-393/RJ";"Norte";"Colisão Transversal";0;0;1;0;0;0;0;0;0;1;12;3;0;0;0
"29/04/2020";"06:02:00";"14";"com vítima";"242,3";"BR-393/RJ";"Sul";"Saida de Pista";1;0;0;0;0;0;0;0;0;0;0;1;0;0;0
"30/04/2020";"07:22:00";"18";"com vítima";"178,199";"BR-393/RJ";"Sul";"Colisão Frontal";1;0;1;0;0;0;0;0;0;0;1;0;1;0;0
"30/04/2020";"14:50:00";"40";"com vítima";"216,9";"BR-393/RJ";"Norte";"Colisão Transversal";0;0;1;1;0;0;0;0;0;0;1;0;1;0;0
"30/04/2020";"15:34:00";"41";"sem vítima";"285,9";"BR-393/RJ";"Sul";"Engavetamento";3;0;1;0;0;0;0;0;0;0;4;0;0;0;0
"01/05/2020";"04:16:00";"3";"sem vítima";"190,732";"BR-393/RJ";"Sul";"Atropelamento de animais";0;0;1;0;0;0;0;0;0;0;1;0;0;0;0
"02/05/2020";"20:38:00";"32";"com vítima";"283,6";"BR-393/RJ";"Sul";"Acidentes de outra natureza";1;0;0;1;0;0;0;0;0;0;1;1;0;0;0
"03/05/2020";"13:40:00";"23";"com vítima";"286";"BR-393/RJ";"Norte";"Colisão c/ obstáculos";1;0;0;0;0;0;0;0;0;0;0;2;0;0;0
"03/05/2020";"18:16:00";"35";"sem vítima";"228";"BR-393/RJ";"Sul";"Saídas de pista";1;0;0;0;0;0;0;0;0;0;1;0;0;0;0
"05/05/2020";"01:31:00";"3";"sem vítima";"280";"BR-393/RJ";"Norte";"Atropelamento de animais";0;0;1;0;0;0;0;0;0;0;1;0;0;0;0
"05/05/2020";"14:55:00";"40";"sem vítima";"195,3";"BR-393/RJ";"Sul";"Colisão lateral no mesmo sentido";1;0;1;0;0;0;0;0;0;0;2;0;0;0;0
"05/05/2020";"19:17:00";"54";"com vítima";"278,899";"BR-393/RJ";"Sul";"Atropelamento de pedestre";0;1;1;0;0;0;0;0;0;0;1;0;1;0;0
"06/05/2020";"01:26:00";"5";"com vítima";"280,6";"BR-393/RJ";"Norte";"Colisão c/ obstáculos";1;0;0;0;0;0;0;0;0;0;1;0;1;0;0
"06/05/2020";"12:21:00";"27";"com vítima";"106";"BR-393/RJ";"Norte";"Atropelamento de pedestre";1;1;0;0;0;0;0;0;0;0;2;0;1;0;0
"06/05/2020";"14:43:00";"36";"sem vítima";"285,98";"BR-393/RJ";"Sul";"Engavetamento";4;0;0;0;0;0;0;0;0;0;5;0;0;0;0
"06/05/2020";"23:13:00";"47";"com vítima";"284,399";"BR-393/RJ";"Sul";"Acidentes de outra natureza";2;0;0;0;0;0;0;0;0;0;0;5;0;0;0
"08/05/2020";"19:50:00";"60";"sem vítima";"255,5";"BR-393/RJ";"Sul";"Colisão lateral no mesmo sentido";2;0;0;0;0;0;0;0;0;0;2;0;0;0;0
"08/05/2020";"20:57:00";"64";"sem vítima";"219";"BR-393/RJ";"Sul";"Acidentes de outra natureza";1;0;0;1;0;0;0;0;0;0;2;0;0;0;0
"09/05/2020";"11:43:00";"30";"sem vítima";"286";"BR-393/RJ";"Sul";"Colisão com veículos (traseira)";1;0;1;0;0;0;0;0;0;0;2;0;0;0;0
"10/05/2020";"14:59:00";"20";"sem vítima";"283,399";"BR-393/RJ";"Sul";"Colisão com veículos (traseira)";2;0;0;0;0;0;0;0;0;0;2;0;0;0;0
"10/05/2020";"15:39:00";"21";"sem vítima";"286,3";"BR-393/RJ";"Sul";"Colisão com veículos (traseira)";2;0;0;0;0;0;0;0;0;0;2;0;0;0;0
"10/05/2020";"16:15:00";"23";"sem vítima";"179,8";"BR-393/RJ";"Norte";"Capotamento";1;0;0;0;0;0;0;0;0;0;1;0;0;0;0
"10/05/2020";"18:10:00";"29";"com vítima";"266,969";"BR-393/RJ";"Sul";"Acidentes de outra natureza";0;0;1;0;0;0;0;0;0;1;2;0;0;1;0
"12/05/2020";"07:52:00";"20";"sem vítima";"285";"BR-393/RJ";"Sul";"Acidentes de outra natureza";1;0;1;0;0;0;0;0;0;0;2;0;0;0;0
"12/05/2020";"17:55:00";"52";"com vítima";"238,414";"BR-393/RJ";"Norte";"Acidentes de outra natureza";1;0;1;0;0;0;0;0;0;0;1;1;1;0;0
"14/05/2020";"17:17:00";"42";"com vítima";"168,039";"BR-393/RJ";"Sul";"Acidentes de outra natureza";0;0;1;1;0;0;0;0;0;0;1;1;0;0;0
"14/05/2020";"17:29:00";"43";"sem vítima";"1";"Alça Sul";"Sul";"Saídas de pista";1;0;0;0;0;0;0;0;0;0;2;0;0;0;0
"15/05/2020";"07:46:00";"22";"sem vítima";"216,5";"BR-393/RJ";"Norte";"Saídas de pista";1;0;0;0;0;0;0;0;0;0;2;0;0;0;0
"15/05/2020";"10:45:00";"28";"com vítima";"257,8";"BR-393/RJ";"Norte";"Colisão com veículos (frontal)";1;0;0;1;0;0;0;0;0;0;1;0;0;0;1
"15/05/2020";"15:42:00";"42";"com vítima";"144,699";"BR-393/RJ";"Norte";"Colisão c/ obstáculos";1;0;0;0;0;0;0;0;0;0;0;1;0;0;0
"16/05/2020";"06:10:00";"12";"sem vítima";"2,399";"Alça Sul";"Sul";"Atropelamento de animais";1;0;0;0;0;0;0;0;0;0;1;0;0;0;0
"16/05/2020";"11:21:00";"24";"com vítima";"170";"BR-393/RJ";"Norte";"Capotamento";1;0;0;0;0;0;0;0;0;0;0;1;0;0;0
"16/05/2020";"17:30:00";"39";"com vítima";"220,299";"BR-393/RJ";"Sul";"Acidentes de outra natureza";0;0;0;1;0;0;0;0;0;0;0;1;0;0;0
"16/05/2020";"19:24:00";"43";"com vítima";"251";"BR-393/RJ";"Sul";"Acidentes de outra natureza";0;0;0;1;0;0;0;0;0;0;0;1;0;0;0
"17/05/2020";"22:20:00";"38";"sem vítima";"284,723";"BR-393/RJ";"Sul";"Colisão com veículos (traseira)";2;0;0;0;0;0;0;0;0;0;5;0;0;0;0
"20/05/2020";"13:04:00";"40";"sem vítima";"286";"BR-393/RJ";"Norte";"Colisão com veículos (frontal)";2;0;0;0;0;0;0;0;0;0;2;0;0;0;0
"20/05/2020";"19:03:00";"55";"com vítima";"281";"BR-393/RJ";"Norte";"Acidentes de outra natureza";1;0;0;1;0;0;0;0;0;0;1;0;1;0;0
"21/05/2020";"08:14:00";"17";"sem vítima";"145";"BR-393/RJ";"Norte";"Colisão c/ obstáculos";1;0;0;0;0;0;0;0;0;0;1;0;0;0;0
"22/05/2020";"12:32:00";"31";"com vítima";"286,399";"BR-393/RJ";"Sul";"Engavetamento";4;0;0;0;0;0;0;0;0;0;4;1;0;0;0
"23/05/2020";"08:32:00";"25";"sem vítima";"195";"BR-393/RJ";"Norte";"Colisão com veículos (traseira)";0;0;2;0;0;0;0;0;0;0;3;0;0;0;0
"23/05/2020";"18:47:00";"50";"sem vítima";"285,699";"BR-393/RJ";"Norte";"Acidentes de outra natureza";1;0;0;1;0;0;0;0;0;0;3;0;0;0;0
"24/05/2020";"19:38:00";"34";"sem vítima";"265";"BR-393/RJ";"Sul";"Colisão lateral no mesmo sentido";2;0;0;0;0;0;0;0;0;0;2;0;0;0;0
"25/05/2020";"16:49:00";"40";"com vítima";"195";"BR-393/RJ";"Norte";"Colisão com veículos (traseira)";0;0;2;0;0;0;0;0;0;0;0;2;0;0;0
"25/05/2020";"20:18:00";"51";"com vítima";"176,1";"BR-393/RJ";"Norte";"Acidentes de outra natureza";1;0;0;1;0;0;0;0;0;0;1;1;0;0;0
"25/05/2020";"20:39:00";"53";"sem vítima";"136";"BR-393/RJ";"Norte";"Colisão com veículos (traseira)";1;0;0;1;0;0;0;0;0;0;5;0;0;0;0
"26/05/2020";"07:02:00";"16";"com vítima";"182";"BR-393/RJ";"Norte";"Colisão com veículos (traseira)";1;0;0;1;0;0;0;0;0;0;1;1;0;0;0
"26/05/2020";"15:16:00";"41";"com vítima";"175";"BR-393/RJ";"Sul";"Acidentes de outra natureza";0;0;0;1;0;0;0;0;0;0;0;1;0;0;0
"26/05/2020";"18:37:00";"49";"sem vítima";"122";"BR-393/RJ";"Sul";"Acidentes de outra natureza";0;0;1;0;0;0;0;0;0;0;1;0;0;0;0
"28/05/2020";"23:25:00";"53";"com vítima";"167,5";"BR-393/RJ";"Norte";"Atropelamento de pedestre";0;0;0;1;0;0;0;0;0;0;0;1;1;0;0
"29/05/2020";"03:26:00";"13";"sem vítima";"204";"BR-393/RJ";"Norte";"Atropelamento de animais";0;0;1;0;0;0;0;0;0;0;1;0;0;0;0
"30/05/2020";"03:39:00";"10";"sem vítima";"263,5";"BR-393/RJ";"Sul";"Capotamento";1;0;0;0;0;0;0;0;0;0;1;0;0;0;0
"30/05/2020";"18:29:00";"25";"com vítima";"147,5";"BR-393/RJ";"Norte";"Capotamento";1;0;0;0;0;0;0;0;0;0;0;1;0;0;0
"30/05/2020";"22:01:00";"29";"sem vítima";"283,699";"BR-393/RJ";"Norte";"Colisão c/ obstáculos";2;0;1;0;0;0;0;0;0;0;3;0;0;0;0
"31/05/2020";"12:46:00";"26";"com vítima";"103";"BR-393/RJ";"Sul";"Colisão com veículos (traseira)";2;0;0;0;0;0;0;0;0;0;1;2;0;0;0
"31/05/2020";"20:47:00";"40";"com vítima";"257,171";"BR-393/RJ";"Sul";"Saídas de pista";1;0;0;0;0;0;0;0;0;0;1;1;0;0;0
"05/06/2020";"16:07:00";"40";"sem vítima";"286";"BR-393/RJ";"Sul";"Colisão com veículos (traseira)";3;0;0;0;0;0;0;0;0;0;3;0;0;0;0
"05/06/2020";"22:21:00";"50";"com vítima";"153,599";"BR-393/RJ";"Norte";"Colisão com veículos (frontal)";1;0;0;1;0;0;0;0;0;0;2;0;0;0;1
"06/06/2020";"10:55:00";"23";"com vítima";"106,5";"BR-393/RJ";"Norte";"Atropelamento de pedestre";1;0;0;0;0;0;0;0;0;0;1;2;0;0;0
"06/06/2020";"21:40:00";"46";"sem vítima";"228,8";"BR-393/RJ";"Norte";"Capotamento";1;0;0;0;0;0;0;0;0;0;2;0;0;0;0
"07/06/2020";"14:10:00";"23";"com vítima";"178";"BR-393/RJ";"Sul";"Colisão c/ obstáculos";1;0;0;0;0;0;0;0;0;0;1;1;0;0;0
"07/06/2020";"20:23:00";"36";"sem vítima";"225,5";"BR-393/RJ";"Sul";"Colisão c/ obstáculos";1;0;0;0;0;0;0;0;0;0;2;0;0;0;0
"08/06/2020";"18:17:00";"44";"sem vítima";"231,641";"BR-393/RJ";"Sul";"Colisão lateral no sentido contrário";1;0;0;0;0;0;0;0;0;1;4;0;0;0;0
"09/06/2020";"18:26:00";"43";"com vítima";"283,399";"BR-393/RJ";"Norte";"Colisão lateral no mesmo sentido";0;0;0;2;0;0;0;0;0;0;1;1;0;0;0
"10/06/2020";"23:29:00";"68";"sem vítima";"282,199";"BR-393/RJ";"Sul";"Colisão c/ obstáculos";3;0;0;0;0;0;0;0;0;0;4;0;0;0;0
"11/06/2020";"18:11:00";"46";"com vítima";"159,9";"BR-393/RJ";"Norte";"Colisão com veículos (traseira)";1;0;1;0;0;0;0;0;0;0;2;0;1;0;0
"12/06/2020";"16:29:00";"35";"sem vítima";"284,194";"BR-393/RJ";"Norte";"Engavetamento";3;0;0;0;0;0;0;0;0;0;4;0;0;0;0
"15/06/2020";"05:53:00";"13";"com vítima";"181";"BR-393/RJ";"Norte";"Acidentes de outra natureza";0;0;0;1;0;0;0;0;0;0;0;1;0;0;0