data;horario;n_da_ocorrencia;tipo_de_ocorrencia;km;trecho;sentido;tipo_de_acidente;automovel;bicicleta;caminhao;moto;onibus;outros;tracao_animal;transporte_de_cargas_especiais;trator_maquinas;utilitarios;ilesos;levemente_feridos;moderadamente_feridos;gravemente_feridos;mortos
"16/06/2020";"13:43:00";"34";"com vítima";"238,5";"BR-393/RJ";"Norte";"Acidentes de outra natureza";2;0;0;0;0;0;0;0;0;0;1;1;1;0;0
"18/06/2020";"13:27:00";"42";"com vítima";"238,521";"BR-393/RJ";"Norte";"Acidentes de outra natureza";1;0;1;0;0;0;0;0;0;0;2;1;1;0;0
"19/06/2020";"08:25:00";"21";"sem vítima";"238,448";"BR-393/RJ";"Norte";"Acidentes de outra natureza";2;0;0;0;0;0;0;0;0;0;4;0;0;0;0
"21/06/2020";"02:18:00";"3";"com vítima";"182,4";"BR-393/RJ";"Norte";"Acidentes de outra natureza";0;0;0;1;0;0;0;0;0;0;0;1;0;0;0
"21/06/2020";"18:56:00";"57";"com vítima";"241,099";"BR-393/RJ";"Norte";"Acidentes de outra natureza";0;0;0;1;0;0;1;0;0;0;1;0;1;0;0
"21/06/2020";"22:07:00";"63";"com vítima";"1,399";"Alça Sul";"Norte";"Colisão c/ obstáculos";1;0;0;0;0;0;0;0;0;0;0;1;0;0;0
"25/06/2020";"06:33:00";"8";"sem vítima";"284,751";"BR-393/RJ";"Sul";"Acidentes de outra natureza";1;0;0;1;0;0;0;0;0;0;2;0;0;0;0
"26/06/2020";"16:18:00";"54";"com vítima";"285,699";"BR-393/RJ";"Norte";"Acidentes de outra natureza";1;0;0;1;0;0;0;0;0;0;1;1;0;0;0
"26/06/2020";"17:13:00";"61";"com vítima";"286,3";"BR-393/RJ";"Norte";"Acidentes de outra natureza";2;0;0;0;0;0;0;0;0;0;2;1;0;0;0
"27/06/2020";"13:47:00";"36";"com vítima";"161,599";"BR-393/RJ";"Norte";"Tombamento";0;0;1;0;0;0;0;0;0;0;0;1;0;0;0
"27/06/2020";"19:00:00";"46";"com vítima";"242,3";"BR-393/RJ";"Sul";"Saídas de pista";1;0;0;0;0;0;0;0;0;0;0;0;1;0;0
"27/06/2020";"19:48:00";"48";"sem vítima";"281,1";"BR-393/RJ";"Sul";"Colisão lateral no mesmo sentido";1;0;1;0;0;0;0;0;0;0;2;0;0;0;0
"28/06/2020";"10:56:00";"32";"sem vítima";"282";"BR-393/RJ";"Sul";"Engavetamento";5;0;0;0;0;0;0;0;0;0;10;0;0;0;0
"28/06/2020";"12:17:00";"34";"com vítima";"266,5";"BR-393/RJ";"Sul";"Acidentes de outra natureza";0;0;0;0;0;0;0;0;0;1;1;1;0;0;0
"28/06/2020";"17:53:00";"46";"com vítima";"285,913";"BR-393/RJ";"Sul";"Saídas de pista";2;0;0;0;0;0;0;0;0;0;2;1;0;0;0
"28/06/2020";"17:55:00";"47";"sem vítima";"170,999";"BR-393/RJ";"Sul";"Saídas de pista";1;0;0;0;0;0;0;0;0;0;1;0;0;0;0
"28/06/2020";"18:25:00";"48";"com vítima";"286";"BR-393/RJ";"Sul";"Saídas de pista";2;0;0;0;0;0;0;0;0;0;2;3;0;0;0
"29/06/2020";"12:38:00";"39";"com vítima";"168,029";"BR-393/RJ";"Sul";"Acidentes de outra natureza";0;0;1;1;0;0;0;0;0;0;1;1;0;0;0
"30/06/2020";"15:53:00";"55";"sem vítima";"195,019";"BR-393/RJ";"Sul";"Colisão com veículos (traseira)";1;0;1;0;0;0;0;0;0;0;2;0;0;0;0
"03/07/2020";"10:42:00";"37";"com vítima";"217,64";"BR-393/RJ";"Pista Sul";"Acidentes de outra natureza";0;0;0;1;0;0;0;0;0;0;0;1;0;0;0
"03/07/2020";"12:29:00";"46";"com vítima";"200";"BR-393/RJ";"Pista Norte";"Acidentes de outra natureza";0;0;1;0;0;0;0;0;0;1;0;0;3;0;0
"05/07/2020";"03:14:00";"10";"sem vítima";"168,8";"BR-393/RJ";"Pista Sul";"Atropelamento de animais";0;0;1;0;0;0;0;0;0;0;1;0;0;0;0
"05/07/2020";"09:37:00";"21";"sem vítima";"139,4";"BR-393/RJ";"Pista Norte";"Tombamento";0;0;1;0;0;0;0;0;0;0;1;0;0;0;0
"05/07/2020";"14:58:00";"31";"com vítima";"187,255";"BR-393/RJ";"Pista Sul";"Tombamento";0;0;1;0;0;0;0;0;0;0;0;1;0;0;0
"06/07/2020";"00:52:00";"3";"com vítima";"251,199";"BR-393/RJ";"Pista Norte";"Acidentes de outra natureza";0;0;0;1;0;0;0;0;0;0;0;1;0;0;0
"06/07/2020";"04:48:00";"5";"sem vítima";"273,899";"BR-393/RJ";"Pista Norte";"Colisão c/ obstáculos";1;0;0;0;0;0;0;0;0;0;1;0;0;0;0
"07/07/2020";"16:26:00";"48";"sem vítima";"243,049";"BR-393/RJ";"Pista Norte";"Colisão lateral no mesmo sentido";1;0;1;0;0;0;0;0;0;0;3;0;0;0;0
"08/07/2020";"07:46:00";"24";"com vítima";"285,399";"BR-393/RJ";"Pista Norte";"Atropelamento de pedestre";1;0;0;0;0;0;0;0;0;0;1;0;1;0;0
"08/07/2020";"08:17:00";"27";"com vítima";"286,2";"BR-393/RJ";"Pista Sul";"Colisão com veículos (traseira)";2;0;0;0;0;0;0;0;0;0;2;1;0;0;0
"10/07/2020";"23:44:00";"82";"sem vítima";"253";"BR-393/RJ";"Pista Sul";"Saídas de pista";0;0;1;0;0;0;0;0;0;0;1;0;0;0;0
"11/07/2020";"23:53:00";"66";"com vítima";"251,5";"BR-393/RJ";"Pista Sul";"Atropelamento de pedestre";1;0;0;0;0;0;0;0;0;0;1;1;0;0;0
"12/07/2020";"11:46:00";"22";"sem vítima";"245,3";"BR-393/RJ";"Pista Sul";"Colisão com veículos (traseira)";2;0;0;0;0;0;0;0;0;0;4;0;0;0;0
"12/07/2020";"15:53:00";"35";"com vítima";"1,6";"Alça Sul";"Pista Norte";"Colisão c/ obstáculos";2;0;0;0;0;0;0;0;0;0;0;3;0;0;0
"12/07/2020";"23:00:00";"54";"com vítima";"168,018";"BR-393/RJ";"Pista Norte";"Acidentes de outra natureza";1;0;0;1;0;0;0;0;0;0;1;1;0;0;0
"13/07/2020";"06:36:00";"16";"sem vítima";"223,296";"BR-393/RJ";"Pista Sul";"Acidentes de outra natureza";0;0;2;0;0;0;0;0;0;0;2;0;0;0;0
"13/07/2020";"07:53:00";"17";"sem vítima";"125,7";"BR-393/RJ";"Pista Norte";"Colisão com veículos (traseira)";2;0;0;0;0;0;0;0;0;0;3;0;0;0;0
"13/07/2020";"10:26:00";"22";"com vítima";"282,259";"BR-393/RJ";"Pista Sul";"Acidentes de outra natureza";2;0;0;0;0;0;0;0;0;0;1;1;0;0;0
"13/07/2020";"22:55:00";"63";"sem vítima";"280,888";"BR-393/RJ";"Pista Sul";"Colisão com veículos (traseira)";1;0;0;0;0;0;0;0;0;1;2;0;0;0;0
"14/07/2020";"02:49:00";"7";"sem vítima";"265,399";"BR-393/RJ";"Pista Sul";"Colisão c/ obstáculos";0;0;1;0;0;0;0;0;0;0;1;0;0;0;0
"14/07/2020";"07:51:00";"24";"com vítima";"105,9";"BR-393/RJ";"Pista Norte";"Acidentes de outra natureza";1;0;0;1;0;0;0;0;0;0;1;1;0;0;0
"15/07/2020";"10:07:00";"25";"com vítima";"168,4";"BR-393/RJ";"Pista Sul";"Atropelamento de animais";1;0;0;1;0;0;0;0;0;0;1;0;1;0;0
"15/07/2020";"13:50:00";"48";"sem vítima";"255,5";"BR-393/RJ";"Pista Norte";"Colisão lateral no mesmo sentido";1;0;1;0;0;0;0;0;0;0;2;0;0;0;0
"15/07/2020";"20:12:00";"64";"sem vítima";"256,6";"BR-393/RJ";"Pista Sul";"Colisão c/ obstáculos";1;0;0;0;0;0;0;0;0;0;1;0;0;0;0
"16/07/2020";"07:17:00";"16";"com vítima";"123";"BR-393/RJ";"Pista Sul";"Saídas de pista";1;0;0;0;0;0;0;0;0;0;0;0;1;0;0
"17/07/2020";"15:09:00";"45";"com vítima";"282,15";"BR-393/RJ";"Pista Norte";"Colisão com veículos (frontal)";1;0;0;1;0;0;0;0;0;0;1;0;2;0;0
"18/07/2020";"03:08:00";"6";"sem vítima";"270,6";"BR-393/RJ";"Pista Sul";"Saídas de pista";1;0;0;0;0;0;0;0;0;0;1;0;0;0;0
"18/07/2020";"11:39:00";"30";"com vítima";"137,501";"BR-393/RJ";"Pista Norte";"Acidentes de outra natureza";0;1;0;0;0;0;0;0;0;0;0;1;0;0;0
"18/07/2020";"18:30:00";"51";"sem vítima";"157,5";"BR-393/RJ";"Pista Sul";"Acidentes de outra natureza";0;0;0;1;0;0;0;0;0;0;1;0;0;0;0
"19/07/2020";"08:11:00";"19";"com vítima";"103";"BR-393/RJ";"Pista Norte";"Acidentes de outra natureza";0;0;0;1;0;0;0;0;0;0;0;1;0;0;0
"19/07/2020";"20:31:00";"45";"com vítima";"133,289";"BR-393/RJ";"Pista Norte";"Colisão com veículos (frontal)";1;0;0;1;0;0;0;0;0;0;1;1;0;0;0
"20/07/2020";"03:38:00";"10";"sem vítima";"248,4";"BR-393/RJ";"Pista Norte";"Saídas de pista";1;0;0;0;0;0;0;0;0;0;1;0;0;0;0
"20/07/2020";"15:07:00";"50";"com vítima";"2,299";"Alça Sul";"Pista Norte";"Acidentes de outra natureza";0;1;1;0;0;0;0;0;0;0;0;1;0;0;1
"22/07/2020";"16:01:00";"51";"com vítima";"169";"BR-393/RJ";"Pista Norte";"Colisão c/ obstáculos";2;0;0;0;0;0;0;0;0;1;1;3;0;0;0
"22/07/2020";"19:32:00";"58";"com vítima";"179,1";"BR-393/RJ";"Pista Sul";"Colisão lateral no mesmo sentido";0;0;0;2;0;0;0;0;0;0;0;2;0;0;0
"23/07/2020";"10:14:00";"32";"sem vítima";"281,1";"BR-393/RJ";"Pista Norte";"Colisão com veículos (traseira)";2;0;0;0;0;0;0;0;0;0;2;0;0;0;0
"24/07/2020";"04:35:00";"14";"sem vítima";"284,225";"BR-393/RJ";"Pista Norte";"Capotamento";1;0;0;0;0;0;0;0;0;0;1;0;0;0;0
"24/07/2020";"13:45:00";"33";"sem vítima";"241,742";"BR-393/RJ";"Pista Norte";"Colisão com veículos (frontal)";1;0;1;0;0;0;0;0;0;0;2;0;0;0;0
"24/07/2020";"19:44:00";"57";"sem vítima";"110,2";"BR-393/RJ";"Pista Norte";"Saídas de pista";1;0;0;0;0;0;0;0;0;0;1;0;0;0;0
"26/07/2020";"05:29:00";"17";"sem vítima";"175,5";"BR-393/RJ";"Pista Sul";"Colisão c/ obstáculos";1;0;0;0;0;0;0;0;0;0;1;0;0;0;0
"26/07/2020";"21:20:00";"56";"com vítima";"222,392";"BR-393/RJ";"Pista Sul";"Tombamento";0;0;2;0;0;0;0;0;0;0;1;2;1;0;0
"27/07/2020";"00:59:00";"4";"com vítima";"121,7";"BR-393/RJ";"Pista Norte";"Capotamento";1;0;0;0;0;0;0;0;0;0;0;2;0;0;0
"29/07/2020";"07:49:00";"31";"com vítima";"285";"BR-393/RJ";"Pista Sul";"Acidentes de outra natureza";0;1;0;1;0;0;0;0;0;0;1;2;0;0;0
"29/07/2020";"08:14:00";"32";"sem vítima";"285,5";"BR-393/RJ";"Pista Norte";"Engavetamento";3;0;0;0;0;0;0;0;0;0;3;0;0;0;0
"29/07/2020";"23:46:00";"71";"sem vítima";"274,6";"BR-393/RJ";"Pista Norte";"Saídas de pista";1;0;0;0;0;0;0;0;0;0;1;0;0;0;0
"30/07/2020";"17:58:00";"65";"com vítima";"257,8";"BR-393/RJ";"Pista Norte";"Colisão c/ obstáculos";1;0;0;0;0;0;0;0;0;0;1;0;2;0;0
"31/07/2020";"09:53:00";"30";"sem vítima";"285,399";"BR-393/RJ";"Pista Sul";"Colisão lateral no mesmo sentido";1;0;1;0;0;0;0;0;0;0;3;0;0;0;0
"31/07/2020";"20:45:00";"59";"com vítima";"282";"BR-393/RJ";"Pista Norte";"Colisão com veículos (frontal)";1;0;0;1;0;0;0;0;0;0;0;0;2;0;0
"01/08/2020";"15:04:00";"42";"Acidente c";"286,048";"BR-393/RJ";"Sul";"Colisão com veículos (traseira)";1;0;0;1;0;0;0;0;0;0;1;1;0;0;0
"01/08/2020";"20:01:00";"59";"Acidente c";"168,4";"BR-393/RJ";"Sul";"Atropelamento de pedestre";0;1;0;1;0;0;0;0;0;0;0;0;2;0;0
"02/08/2020";"15:31:00";"41";"Acidente c";"151,9";"BR-393/RJ";"Sul";"Tombamento";0;0;1;0;0;0;0;0;0;0;0;1;0;0;0
"03/08/2020";"17:26:00";"59";"Acidente s";"165";"BR-393/RJ";"Sul";"Acidentes de outra natureza";0;0;0;1;0;0;0;0;0;0;1;0;0;0;0
"03/08/2020";"18:30:00";"63";"Acidente c";"285,199";"BR-393/RJ";"Norte";"Acidentes de outra natureza";1;0;0;1;0;0;0;0;0;0;1;1;0;0;0
"03/08/2020";"19:20:00";"71";"Acidente s";"280,1";"BR-393/RJ";"Sul";"Engavetamento";3;0;0;0;0;0;0;0;0;0;5;0;0;0;0
"04/08/2020";"19:48:00";"55";"Acidente c";"185,25";"BR-393/RJ";"Norte";"Acidentes de outra natureza";2;0;0;0;0;0;0;0;0;0;0;1;2;0;0
"05/08/2020";"10:23:00";"31";"Acidente c";"105,9";"BR-393/RJ";"Norte";"Colisão lateral no mesmo sentido";1;0;0;1;0;0;0;0;0;0;1;1;0;0;0
"06/08/2020";"00:38:00";"4";"Acidente c";"147,148";"BR-393/RJ";"Sul";"Tombamento";0;0;1;0;0;0;0;0;0;0;0;1;0;0;0
"08/08/2020";"19:01:00";"47";"Acidente c";"255,599";"BR-393/RJ";"Sul";"Atropelamento de pedestre";1;0;0;0;0;0;0;0;0;0;2;1;0;0;0
"09/08/2020";"00:53:00";"6";"Acidente c";"203,244";"BR-393/RJ";"Sul";"Acidentes de outra natureza";0;0;0;1;0;0;0;0;0;0;0;0;0;1;0
"09/08/2020";"01:46:00";"7";"Acidente s";"172,065";"BR-393/RJ";"Norte";"Colisão lateral no sentido contrário";2;0;0;0;0;0;0;0;0;0;4;0;0;0;0
"09/08/2020";"13:01:00";"36";"Acidente s";"285,699";"BR-393/RJ";"Sul";"Colisão com veículos (traseira)";1;0;0;0;1;0;0;0;0;0;2;0;0;0;0
"10/08/2020";"19:11:00";"70";"Acidente c";"239,4";"BR-393/RJ";"Sul";"Colisão lateral no mesmo sentido";1;0;1;0;0;0;0;0;0;0;1;4;0;0;0
"10/08/2020";"19:49:00";"71";"Acidente s";"286,3";"BR-393/RJ";"Sul";"Colisão com veículos (traseira)";2;0;0;0;0;0;0;0;0;0;2;0;0;0;0
"12/08/2020";"12:02:00";"42";"Acidente s";"138,5";"BR-393/RJ";"Norte";"Colisão lateral no mesmo sentido";2;0;0;0;0;0;0;0;0;0;2;0;0;0;0
"12/08/2020";"13:09:00";"46";"Acidente s";"265,057";"BR-393/RJ";"Sul";"Colisão com veículos (traseira)";1;0;1;0;0;0;0;0;0;0;2;0;0;0;0
"12/08/2020";"20:37:00";"67";"Acidente c";"280,199";"BR-393/RJ";"Sul";"Colisão lateral no sentido contrário";1;0;1;0;0;0;0;0;0;0;1;1;0;0;0
"13/08/2020";"11:34:00";"39";"Acidente s";"285,2";"BR-393/RJ";"Norte";"Colisão com veículos (traseira)";3;0;0;0;0;0;0;0;0;0;4;0;0;0;0
"14/08/2020";"11:22:00";"36";"Acidente s";"274";"BR-393/RJ";"Norte";"Colisão lateral no sentido contrário";0;0;2;0;0;0;0;0;0;0;2;0;0;0;0
"15/08/2020";"11:52:00";"37";"Acidente s";"269,064";"BR-393/RJ";"Norte";"Colisão com veículos (traseira)";2;0;1;0;0;0;0;0;0;0;6;0;0;0;0
"16/08/2020";"13:53:00";"40";"Acidente c";"257,6";"BR-393/RJ";"Sul";"Acidentes de outra natureza";0;0;0;1;0;0;0;0;0;0;0;1;0;0;0
"16/08/2020";"22:22:00";"49";"Acidente c";"0,6";"Alça Sul";"Sul";"Atropelamento de animais";1;0;0;0;0;0;0;0;0;0;0;1;0;0;0
"17/08/2020";"09:20:00";"23";"Acidente c";"257,699";"BR-393/RJ";"Norte";"Tombamento";0;0;1;0;0;0;0;0;0;0;0;2;0;0;0
"18/08/2020";"14:50:00";"42";"Acidente c";"255,5";"BR-393/RJ";"Norte";"Colisão c/ obstáculos";1;0;0;0;0;0;0;0;0;0;0;1;0;0;0
"18/08/2020";"20:55:00";"59";"Acidente s";"239";"BR-393/RJ";"Sul";"Colisão c/ obstáculos";1;0;0;0;0;0;0;0;0;0;2;0;0;0;0
"19/08/2020";"08:13:00";"23";"Acidente c";"117,248";"BR-393/RJ";"Sul";"Engavetamento";1;0;2;0;0;0;0;0;0;0;3;3;0;0;0
"19/08/2020";"17:10:00";"59";"Acidente s";"160";"BR-393/RJ";"Norte";"Colisão com veículos (traseira)";2;0;1;0;0;0;0;0;0;0;5;0;0;0;0
"19/08/2020";"18:47:00";"64";"Acidente c";"282,4";"BR-393/RJ";"Norte";"Colisão com veículos (traseira)";1;0;0;1;0;0;0;0;0;0;2;1;0;0;0
"20/08/2020";"07:59:00";"30";"Acidente c";"263,899";"BR-393/RJ";"Norte";"Colisão com veículos (frontal)";2;0;0;0;0;0;0;0;0;0;0;1;2;0;0
"20/08/2020";"23:20:00";"77";"Acidente s";"239,3";"BR-393/RJ";"Norte";"Colisão c/ obstáculos";1;0;0;0;0;0;0;0;0;0;1;0;0;0;0
"21/08/2020";"00:16:00";"2";"Acidente s";"228,8";"BR-393/RJ";"Norte";"Saídas de pista";1;0;0;0;0;0;0;0;0;0;2;0;0;0;0
"21/08/2020";"07:04:00";"14";"Acidente s";"145";"BR-393/RJ";"Norte";"Saídas de pista";1;0;0;0;0;0;0;0;0;0;1;0;0;0;0
"22/08/2020";"02:49:00";"7";"Acidente c";"102,925";"BR-393/RJ";"Norte";"Acidentes de outra natureza";0;0;0;1;0;0;0;0;0;0;1;1;0;0;0
"22/08/2020";"05:21:00";"11";"Acidente s";"285";"BR-393/RJ";"Sul";"Colisão c/ obstáculos";1;0;0;0;0;0;0;0;0;0;1;0;0;0;0
"22/08/2020";"09:35:00";"23";"Acidente s";"106";"BR-393/RJ";"Norte";"Colisão com veículos (traseira)";2;0;0;0;0;0;0;0;0;0;2;0;0;0;0
"22/08/2020";"13:04:00";"31";"Acidente s";"131";"BR-393/RJ";"Norte";"Saídas de pista";0;0;1;0;0;0;0;0;0;0;1;0;0;0;0
"24/08/2020";"20:41:00";"73";"Acidente c";"200,3";"BR-393/RJ";"Norte";"Acidentes de outra natureza";1;0;1;0;0;0;0;0;0;0;1;0;3;0;0
"25/08/2020";"17:10:00";"54";"Acidente s";"285";"BR-393/RJ";"Norte";"Engavetamento";4;0;0;0;0;0;0;0;0;0;4;0;0;0;0
"26/08/2020";"09:23:00";"24";"Acidente c";"236,864";"BR-393/RJ";"Norte";"Colisão lateral no sentido contrário";1;0;2;0;0;0;0;0;0;0;4;1;0;0;0
"26/08/2020";"15:49:00";"36";"Acidente s";"265";"BR-393/RJ";"Norte";"Colisão com veículos (traseira)";1;0;1;0;0;0;0;0;0;0;2;0;0;0;0
"26/08/2020";"17:21:00";"42";"Acidente s";"281";"BR-393/RJ";"Norte";"Saídas de pista";1;0;0;0;0;0;0;0;0;0;1;0;0;0;0
"26/08/2020";"18:38:00";"49";"Acidente c";"266";"BR-393/RJ";"Norte";"Acidentes de outra natureza";0;0;0;1;0;0;0;0;0;0;0;1;0;0;0
"27/08/2020";"07:05:00";"22";"Acidente s";"235,684";"BR-393/RJ";"Sul";"Colisão com veículos (traseira)";1;0;0;0;0;0;0;0;0;1;2;0;0;0;0
"27/08/2020";"15:01:00";"49";"Acidente s";"283,699";"BR-393/RJ";"Norte";"Acidentes de outra natureza";2;0;0;0;0;0;0;0;0;0;2;0;0;0;0
"28/08/2020";"07:35:00";"17";"Acidente c";"283,5";"BR-393/RJ";"Sul";"Saídas de pista";1;0;0;1;0;0;0;0;0;0;1;1;0;0;0
"28/08/2020";"23:35:00";"76";"Acidente s";"138";"BR-393/RJ";"Sul";"Atropelamento de animais";0;0;1;0;0;0;0;0;0;0;1;0;0;0;0
"29/08/2020";"18:23:00";"58";"Acidente c";"259,436";"BR-393/RJ";"Norte";"Colisão com veículos (traseira)";2;0;0;0;0;0;0;0;0;0;5;1;0;0;0
"29/08/2020";"21:23:00";"73";"Acidente c";"236,3";"BR-393/RJ";"Norte";"Colisão com veículos (frontal)";1;0;1;0;0;0;0;0;0;0;0;1;0;2;0
"29/08/2020";"22:04:00";"75";"Acidente c";"283,6";"BR-393/RJ";"Sul";"Colisão com veículos (frontal)";1;0;0;1;0;0;0;0;0;0;1;0;1;0;0
"29/08/2020";"22:53:00";"79";"Acidente c";"279,52";"BR-393/RJ";"Norte";"Atropelamento de pedestre";1;1;0;0;0;0;0;0;0;0;1;1;0;0;0
"31/08/2020";"17:08:00";"48";"Acidente c";"167,3";"BR-393/RJ";"Sul";"Colisão com veículos (traseira)";1;0;0;1;0;0;0;0;0;0;1;0;1;0;0
"01/09/2020";"04:56:00";"18";"Acidente s";"156,5";"BR-393/RJ";"Sul";"Colisão c/ obstáculos";0;0;1;0;0;0;0;0;0;0;1;0;0;0;0
"01/09/2020";"18:23:00";"74";"Acidente s";"139";"BR-393/RJ";"Sul";"Atropelamento de animais";1;0;0;0;0;0;0;0;0;0;1;0;0;0;0
"02/09/2020";"18:55:00";"66";"Acidente c";"187,239";"BR-393/RJ";"Norte";"Atropelamento de animais";1;0;0;0;0;0;0;0;0;0;0;1;0;0;0
"03/09/2020";"08:02:00";"15";"Acidente c";"123";"BR-393/RJ";"Sul";"Saídas de pista";1;0;0;0;0;0;0;0;0;0;0;1;0;0;0
"03/09/2020";"13:22:00";"42";"Acidente s";"265";"BR-393/RJ";"Norte";"Colisão com veículos (traseira)";1;0;1;0;0;0;0;0;0;0;3;0;0;0;0
"03/09/2020";"19:30:00";"58";"Acidente c";"252,5";"BR-393/RJ";"Sul";"Acidentes de outra natureza";2;0;0;0;0;0;0;0;0;0;2;1;0;0;0
"05/09/2020";"09:41:00";"25";"Acidente c";"236,699";"BR-393/RJ";"Norte";"Acidentes de outra natureza";2;0;0;0;0;0;0;0;0;0;6;1;0;0;0
"05/09/2020";"13:08:00";"37";"Acidente s";"243,5";"BR-393/RJ";"Norte";"Engavetamento";1;0;2;0;0;0;0;0;0;0;4;0;0;0;0
"05/09/2020";"18:25:00";"65";"Acidente c";"285";"BR-393/RJ";"Sul";"Acidentes de outra natureza";2;0;0;0;0;0;0;0;0;0;0;4;0;0;0
"06/09/2020";"13:48:00";"37";"Acidente c";"282,899";"BR-393/RJ";"Sul";"Colisão lateral no sentido contrário";0;1;0;1;0;0;0;0;0;0;1;0;1;0;0
"06/09/2020";"15:21:00";"42";"Acidente c";"155,4";"BR-393/RJ";"Norte";"Tombamento";0;0;1;0;0;0;0;0;0;0;0;1;0;0;0
"08/09/2020";"07:45:00";"15";"Acidente s";"284,259";"BR-393/RJ";"Sul";"Engavetamento";3;0;0;0;0;0;0;0;0;0;3;0;0;0;0
"08/09/2020";"15:04:00";"44";"Acidente s";"282";"BR-393/RJ";"Norte";"Acidentes de outra natureza";2;0;0;0;0;0;0;0;0;0;3;0;0;0;0
"09/09/2020";"13:28:00";"59";"Acidente c";"244,069";"BR-393/RJ";"Norte";"Acidentes de outra natureza";0;0;0;1;0;0;0;0;0;0;0;0;1;0;0
"09/09/2020";"14:46:00";"65";"Acidente c";"177,9";"BR-393/RJ";"Sul";"Colisão com veículos (traseira)";1;0;1;0;0;0;0;0;0;0;0;2;0;0;0
"09/09/2020";"21:11:00";"89";"Acidente c";"134,082";"BR-393/RJ";"Sul";"Acidentes de outra natureza";1;0;0;1;0;0;0;0;0;0;1;1;0;0;0
"10/09/2020";"18:27:00";"68";"Acidente s";"285";"BR-393/RJ";"Sul";"Colisão com veículos (traseira)";2;0;0;0;0;0;0;0;0;0;2;0;0;0;0
"11/09/2020";"04:42:00";"13";"Acidente s";"178,356";"BR-393/RJ";"Norte";"Colisão com veículos (traseira)";1;0;1;0;0;0;0;0;0;0;4;0;0;0;0
"11/09/2020";"07:01:00";"18";"Acidente c";"168,199";"BR-393/RJ";"Sul";"Acidentes de outra natureza";1;0;0;1;0;0;0;0;0;0;3;1;0;0;0
"11/09/2020";"10:03:00";"26";"Acidente s";"285";"BR-393/RJ";"Sul";"Colisão com veículos (traseira)";1;0;0;0;1;0;0;0;0;0;2;0;0;0;0
"11/09/2020";"13:06:00";"34";"Acidente c";"273,8";"BR-393/RJ";"Norte";"Colisão lateral no sentido contrário";0;0;3;0;0;0;0;0;0;0;1;0;0;0;2
"11/09/2020";"18:37:00";"51";"Acidente s";"284,67";"BR-393/RJ";"Sul";"Engavetamento";3;0;0;0;0;0;0;0;0;0;3;0;0;0;0
"12/09/2020";"17:04:00";"51";"Acidente c";"274,6";"BR-393/RJ";"Sul";"Acidentes de outra natureza";0;0;0;1;0;0;0;0;0;0;0;1;0;0;0
"13/09/2020";"17:44:00";"43";"Acidente c";"236,869";"BR-393/RJ";"Norte";"Acidentes de outra natureza";0;0;0;1;0;0;0;0;0;0;0;2;0;0;0
"14/09/2020";"08:15:00";"14";"Acidente c";"280,134";"BR-393/RJ";"Norte";"Acidentes de outra natureza";1;0;0;1;0;0;0;0;0;0;1;1;0;0;0
"14/09/2020";"19:31:00";"65";"Acidente c";"179,8";"BR-393/RJ";"Norte";"Atropelamento de animais";1;0;0;1;0;0;0;0;0;0;0;1;1;0;0
"15/09/2020";"15:20:00";"43";"Acidente s";"279,613";"BR-393/RJ";"Sul";"Colisão com veículos (traseira)";1;0;0;0;1;0;0;0;0;0;2;0;0;0;0
"16/09/2020";"09:35:00";"30";"Acidente s";"217";"BR-393/RJ";"Norte";"Engavetamento";0;0;3;0;0;0;0;0;0;0;3;0;0;0;0
"17/09/2020";"08:22:00";"23";"Acidente s";"256";"BR-393/RJ";"Norte";"Colisão lateral no mesmo sentido";1;0;1;0;0;0;0;0;0;0;3;0;0;0;0
"18/09/2020";"09:38:00";"41";"Acidente s";"231,941";"BR-393/RJ";"Sul";"Acidentes de outra natureza";2;0;0;0;0;0;0;0;0;0;2;0;0;0;0
"18/09/2020";"11:27:00";"52";"Acidente c";"164,9";"BR-393/RJ";"Norte";"Tombamento";0;0;1;0;0;0;0;0;0;0;0;0;0;1;0
"18/09/2020";"11:39:00";"53";"Acidente s";"237,476";"BR-393/RJ";"Norte";"Atropelamento de animais";0;0;1;0;0;0;0;0;0;0;1;0;0;0;0
"18/09/2020";"16:34:00";"68";"Acidente s";"277";"BR-393/RJ";"Norte";"Colisão lateral no sentido contrário";0;0;1;0;0;0;0;0;0;0;1;0;0;0;0
"18/09/2020";"20:28:00";"83";"Acidente c";"285";"BR-393/RJ";"Sul";"Colisão com veículos (traseira)";1;0;0;1;0;0;0;0;0;0;1;1;0;0;0
"19/09/2020";"06:40:00";"13";"Acidente s";"169,3";"BR-393/RJ";"Sul";"Acidentes de outra natureza";0;0;1;0;0;0;0;0;0;0;1;0;0;0;0
"19/09/2020";"09:32:00";"20";"Acidente c";"286,3";"BR-393/RJ";"Sul";"Engavetamento";3;0;0;1;0;0;0;0;0;0;3;1;0;0;0
"19/09/2020";"10:50:00";"24";"Acidente s";"285,8";"BR-393/RJ";"Sul";"Engavetamento";2;0;0;0;1;0;0;0;0;0;3;0;0;0;0