data;horario;n_da_ocorrencia;tipo_de_ocorrencia;km;trecho;sentido;tipo_de_acidente;automovel;bicicleta;caminhao;moto;onibus;outros;tracao_animal;transporte_de_cargas_especiais;trator_maquinas;utilitarios;ilesos;levemente_feridos;moderadamente_feridos;gravemente_feridos;mortos
"19/09/2020";"12:30:00";"30";"Acidente c";"267,589";"BR-393/RJ";"Norte";"Colisão com veículos (frontal)";0;0;1;1;0;0;0;0;0;0;1;0;0;0;1
"19/09/2020";"20:52:00";"62";"Acidente c";"237,135";"BR-393/RJ";"Norte";"Colisão com veículos (frontal)";1;0;0;1;0;0;0;0;0;0;1;0;0;1;0
"20/09/2020";"01:05:00";"1";"Acidente c";"105,284";"BR-393/RJ";"Sul";"Colisão com veículos (frontal)";1;0;0;1;0;0;0;0;0;0;0;0;1;2;1
"20/09/2020";"11:43:00";"25";"Acidente s";"155,599";"BR-393/RJ";"Norte";"Tombamento";0;0;1;0;0;0;0;0;0;0;1;0;0;0;0
"20/09/2020";"18:02:00";"34";"Acidente c";"143,109";"BR-393/RJ";"Norte";"Colisão com veículos (frontal)";1;0;0;1;0;0;0;0;0;0;1;0;0;1;0
"20/09/2020";"19:53:00";"40";"Acidente s";"284,1";"BR-393/RJ";"Sul";"Colisão com veículos (traseira)";2;0;0;0;0;0;0;0;0;0;2;0;0;0;0
"20/09/2020";"20:24:00";"41";"Acidente s";"146,5";"BR-393/RJ";"Sul";"Colisão c/ obstáculos";0;0;1;0;0;0;0;0;0;0;1;0;0;0;0
"21/09/2020";"00:49:00";"8";"Acidente c";"226";"BR-393/RJ";"Norte";"Colisão com veículos (traseira)";1;0;0;0;1;0;0;0;0;0;3;2;0;0;0
"21/09/2020";"08:54:00";"21";"Acidente s";"258,5";"BR-393/RJ";"Sul";"Acidentes de outra natureza";1;0;0;0;0;0;0;0;0;1;2;0;0;0;0
"21/09/2020";"13:48:00";"48";"Acidente c";"124,599";"BR-393/RJ";"Sul";"Tombamento";0;0;1;0;0;0;0;0;0;0;0;1;0;0;0
"21/09/2020";"19:46:00";"64";"Acidente s";"114,299";"BR-393/RJ";"Norte";"Colisão lateral no sentido contrário";0;0;2;0;0;0;0;0;0;0;2;0;0;0;0
"21/09/2020";"22:12:00";"67";"Acidente s";"147,146";"BR-393/RJ";"Sul";"Saídas de pista";0;0;1;0;0;0;0;0;0;0;2;0;0;0;0
"22/09/2020";"01:50:00";"4";"Acidente c";"153,5";"BR-393/RJ";"Norte";"Saídas de pista";0;0;1;0;0;0;0;0;0;0;0;1;0;0;0
"23/09/2020";"06:59:00";"14";"Acidente c";"202,299";"BR-393/RJ";"Sul";"Acidentes de outra natureza";1;0;0;1;0;0;0;0;0;0;1;1;0;0;0
"23/09/2020";"14:41:00";"39";"Acidente c";"102,5";"BR-393/RJ";"Norte";"Acidentes de outra natureza";2;0;0;0;0;0;0;0;0;0;3;1;0;0;0
"24/09/2020";"02:30:00";"4";"Acidente c";"178,9";"BR-393/RJ";"Sul";"Colisão lateral no sentido contrário";1;0;1;0;0;0;0;0;0;0;1;0;0;0;1
"25/09/2020";"20:31:00";"67";"Acidente c";"215,699";"BR-393/RJ";"Sul";"Colisão com veículos (traseira)";1;0;1;0;0;0;0;0;0;0;1;1;0;0;0
"26/09/2020";"00:45:00";"5";"Acidente c";"285,699";"BR-393/RJ";"Norte";"Acidentes de outra natureza";3;0;0;0;0;0;0;0;0;0;3;4;0;0;0
"26/09/2020";"10:08:00";"25";"Acidente s";"280,048";"BR-393/RJ";"Norte";"Engavetamento";3;0;0;0;0;0;0;0;0;0;3;0;0;0;0
"26/09/2020";"23:35:00";"59";"Acidente c";"280,092";"BR-393/RJ";"Sul";"Colisão com veículos (traseira)";2;0;0;0;0;0;0;0;0;0;3;1;0;0;0
"27/09/2020";"17:23:00";"50";"Acidente s";"136,599";"BR-393/RJ";"Norte";"Colisão lateral no sentido contrário";2;0;0;0;0;0;0;0;0;0;3;0;0;0;0
"29/09/2020";"09:56:00";"30";"Acidente c";"228,659";"BR-393/RJ";"Norte";"Saídas de pista";0;0;2;0;0;0;0;0;0;0;1;1;0;0;0
"30/09/2020";"20:25:00";"85";"Acidente c";"281";"BR-393/RJ";"Norte";"Engavetamento";3;0;0;0;0;0;0;0;0;0;2;0;2;0;0
"01/10/2020";"10:00:00";"33";"Acidente s";"241";"BR-393/RJ";"Norte";"Colisão com veículos (traseira)";1;0;1;0;0;0;0;0;0;0;4;0;0;0;0
"01/10/2020";"17:27:00";"57";"Acidente s";"157,33";"BR-393/RJ";"Sul";"Colisão lateral no mesmo sentido";1;0;1;0;0;0;0;0;0;0;2;0;0;0;0
"02/10/2020";"10:17:00";"37";"Acidente s";"280";"BR-393/RJ";"Sul";"Engavetamento";2;0;1;0;0;0;0;0;0;0;3;0;0;0;0
"02/10/2020";"23:16:00";"81";"Acidente c";"285";"BR-393/RJ";"Norte";"Atropelamento de pedestre";1;0;0;0;0;0;0;0;0;0;1;1;0;0;0
"03/10/2020";"06:35:00";"14";"Acidente s";"177,8";"BR-393/RJ";"Sul";"Colisão com veículos (traseira)";0;0;2;0;0;0;0;0;0;0;3;0;0;0;0
"04/10/2020";"18:08:00";"42";"Acidente c";"281";"BR-393/RJ";"Sul";"Acidentes de outra natureza";1;0;0;1;0;0;0;0;0;0;2;1;0;0;0
"04/10/2020";"19:47:00";"50";"Acidente c";"285,3";"BR-393/RJ";"Norte";"Colisão c/ obstáculos";1;0;0;0;0;0;0;0;0;0;1;1;0;0;0
"04/10/2020";"22:13:00";"54";"Acidente c";"249";"BR-393/RJ";"Norte";"Acidentes de outra natureza";0;1;0;0;0;0;0;0;0;0;0;1;0;0;0
"05/10/2020";"03:49:00";"15";"Acidente s";"155,707";"BR-393/RJ";"Norte";"Colisão c/ obstáculos";1;0;0;0;0;0;0;0;0;0;1;0;0;0;0
"05/10/2020";"17:22:00";"58";"Acidente c";"117";"BR-393/RJ";"Sul";"Acidentes de outra natureza";0;0;0;1;0;0;0;0;0;0;1;1;0;0;0
"05/10/2020";"18:09:00";"66";"Acidente c";"235,25";"BR-393/RJ";"Norte";"Colisão lateral no mesmo sentido";1;0;0;1;0;0;0;0;0;0;1;0;1;0;0
"06/10/2020";"05:00:00";"20";"Acidente s";"217,7";"BR-393/RJ";"Sul";"Acidentes de outra natureza";0;0;1;0;0;0;0;0;0;0;1;0;0;0;0
"06/10/2020";"06:21:00";"23";"Acidente s";"258,5";"BR-393/RJ";"Norte";"Acidentes de outra natureza";2;0;0;0;0;0;0;0;0;0;3;0;0;0;0
"06/10/2020";"19:02:00";"56";"Acidente s";"168,1";"BR-393/RJ";"Sul";"Acidentes de outra natureza";1;0;0;1;0;0;0;0;0;0;2;0;0;0;0
"07/10/2020";"17:01:00";"63";"Acidente s";"125";"BR-393/RJ";"Norte";"Colisão com veículos (traseira)";1;0;1;0;0;0;0;0;0;0;2;0;0;0;0
"07/10/2020";"19:00:00";"76";"Acidente s";"281";"BR-393/RJ";"Sul";"Engavetamento";2;0;1;0;0;0;0;0;0;0;3;0;0;0;0
"08/10/2020";"08:04:00";"21";"Acidente c";"252,516";"BR-393/RJ";"Norte";"Colisão com veículos (traseira)";1;0;1;0;0;0;0;0;0;0;3;1;0;0;0
"08/10/2020";"22:19:00";"75";"Acidente s";"195";"BR-393/RJ";"Norte";"Colisão com veículos (traseira)";0;0;2;0;0;0;0;0;0;0;2;0;0;0;0
"09/10/2020";"09:45:00";"30";"Acidente s";"178,385";"BR-393/RJ";"Norte";"Colisão com veículos (traseira)";2;0;0;0;0;0;0;0;0;0;4;0;0;0;0
"09/10/2020";"16:05:00";"50";"Acidente c";"182";"BR-393/RJ";"Norte";"Acidentes de outra natureza";1;0;0;1;0;0;0;0;0;0;0;2;1;0;0
"09/10/2020";"22:50:00";"63";"Acidente c";"223,253";"BR-393/RJ";"Norte";"Saídas de pista";0;0;1;0;0;0;0;0;0;0;0;1;0;0;0
"09/10/2020";"23:17:00";"64";"Acidente s";"139,599";"BR-393/RJ";"Norte";"Saídas de pista";1;0;0;0;0;0;0;0;0;0;1;0;0;0;0
"11/10/2020";"01:14:00";"2";"Acidente s";"104,049";"BR-393/RJ";"Sul";"Colisão c/ obstáculos";1;0;0;0;0;0;0;0;0;0;1;0;0;0;0
"12/10/2020";"21:08:00";"49";"Acidente s";"178,382";"BR-393/RJ";"Sul";"Engavetamento";3;0;0;0;0;0;0;0;0;0;7;0;0;0;0
"13/10/2020";"18:22:00";"56";"Acidente s";"285";"BR-393/RJ";"Norte";"Colisão com veículos (traseira)";1;0;0;0;0;0;0;0;0;0;1;0;0;0;0
"14/10/2020";"07:37:00";"24";"Acidente s";"2";"Alça Sul";"Sul";"Colisão lateral no mesmo sentido";2;0;0;0;0;0;0;0;0;0;2;0;0;0;0
"15/10/2020";"23:46:00";"60";"Acidente s";"279";"BR-393/RJ";"Norte";"Colisão com veículos (traseira)";1;0;1;0;0;0;0;0;0;0;2;0;0;0;0
"16/10/2020";"04:26:00";"14";"Acidente s";"148";"BR-393/RJ";"Sul";"Capotamento";1;0;0;0;0;0;0;0;0;0;1;0;0;0;0
"16/10/2020";"06:38:00";"19";"Acidente c";"167";"BR-393/RJ";"Sul";"Colisão lateral no mesmo sentido";1;0;0;1;0;0;0;0;0;0;2;1;0;0;0
"16/10/2020";"11:41:00";"35";"Acidente c";"236";"BR-393/RJ";"Norte";"Acidentes de outra natureza";0;0;0;2;0;0;0;0;0;0;1;1;0;0;0
"16/10/2020";"15:06:00";"47";"Acidente c";"105,9";"BR-393/RJ";"Norte";"Acidentes de outra natureza";1;0;0;1;0;0;0;0;0;0;1;1;0;0;0
"16/10/2020";"19:42:00";"60";"Acidente s";"282,5";"BR-393/RJ";"Norte";"Colisão com veículos (traseira)";2;0;0;0;0;0;0;0;0;0;2;0;0;0;0
"17/10/2020";"09:46:00";"33";"Acidente c";"151,784";"BR-393/RJ";"Sul";"Capotamento";0;0;1;0;0;0;0;0;0;0;0;0;1;0;0
"17/10/2020";"14:19:00";"39";"Acidente s";"282";"BR-393/RJ";"Norte";"Engavetamento";1;0;2;0;0;0;0;0;0;0;3;0;0;0;0
"18/10/2020";"12:16:00";"35";"Acidente s";"280";"BR-393/RJ";"Sul";"Engavetamento";2;0;1;0;0;0;0;0;0;0;4;0;0;0;0
"20/10/2020";"08:51:00";"26";"Acidente c";"277,399";"BR-393/RJ";"Norte";"Colisão lateral no mesmo sentido";1;0;0;1;0;0;0;0;0;0;0;1;1;0;0
"20/10/2020";"11:14:00";"34";"Acidente c";"177,3";"BR-393/RJ";"Sul";"Colisão com veículos (frontal)";2;0;1;0;0;0;0;0;0;0;1;3;1;0;0
"21/10/2020";"03:40:00";"12";"Acidente s";"178";"BR-393/RJ";"Sul";"Colisão com veículos (traseira)";0;0;1;0;0;0;0;0;0;1;3;0;0;0;0
"21/10/2020";"13:34:00";"40";"Acidente s";"200";"BR-393/RJ";"Sul";"Colisão lateral no mesmo sentido";2;0;0;0;0;0;0;0;0;0;4;0;0;0;0
"21/10/2020";"17:40:00";"48";"Acidente c";"277,67";"BR-393/RJ";"Sul";"Colisão com veículos (traseira)";2;0;0;0;0;0;0;0;0;0;3;1;0;0;0
"22/10/2020";"10:27:00";"37";"Acidente c";"131,4";"BR-393/RJ";"Sul";"Tombamento";1;0;2;0;0;0;0;0;0;0;3;1;1;0;0
"22/10/2020";"20:16:00";"63";"Acidente s";"185";"BR-393/RJ";"Norte";"Acidentes de outra natureza";0;1;0;0;0;0;0;0;0;0;1;0;0;0;0
"23/10/2020";"21:23:00";"63";"Acidente c";"168";"BR-393/RJ";"Sul";"Atropelamento de pedestre";1;0;0;0;0;0;0;0;0;0;1;1;0;0;0
"24/10/2020";"04:45:00";"14";"Acidente c";"284,181";"BR-393/RJ";"Sul";"Capotamento";1;0;0;0;0;0;0;0;0;0;0;1;0;0;0
"24/10/2020";"08:16:00";"20";"Acidente s";"114,3";"BR-393/RJ";"Norte";"Acidentes de outra natureza";2;0;0;0;0;0;0;0;0;0;6;0;0;0;0
"24/10/2020";"14:47:00";"37";"Acidente s";"103,2";"BR-393/RJ";"Norte";"Acidentes de outra natureza";2;0;0;0;0;0;0;0;0;0;2;0;0;0;0
"24/10/2020";"17:19:00";"41";"Acidente c";"145,5";"BR-393/RJ";"Sul";"Colisão lateral no sentido contrário";1;0;1;0;0;0;0;0;0;0;1;1;0;0;0
"24/10/2020";"21:00:00";"46";"Acidente s";"272";"BR-393/RJ";"Norte";"Saídas de pista";1;0;0;0;0;0;0;0;0;0;1;0;0;0;0
"25/10/2020";"03:54:00";"12";"Acidente s";"195";"BR-393/RJ";"Sul";"Colisão com veículos (traseira)";0;0;2;0;0;0;0;0;0;0;2;0;0;0;0
"25/10/2020";"04:22:00";"13";"Acidente c";"151,06";"BR-393/RJ";"Sul";"Capotamento";1;0;0;0;0;0;0;0;0;0;0;3;1;0;0
"25/10/2020";"09:55:00";"23";"Acidente c";"269";"BR-393/RJ";"Sul";"Acidentes de outra natureza";0;0;0;1;0;0;0;0;0;0;0;1;0;0;0
"25/10/2020";"16:44:00";"36";"Acidente c";"143";"BR-393/RJ";"Norte";"Colisão c/ obstáculos";1;0;1;0;0;0;0;0;0;0;3;1;0;0;0
"25/10/2020";"22:49:00";"48";"Acidente s";"145,9";"BR-393/RJ";"Norte";"Saídas de pista";1;0;0;0;0;0;0;0;0;0;1;0;0;0;0
"26/10/2020";"00:36:00";"1";"Acidente c";"285,8";"BR-393/RJ";"Norte";"Acidentes de outra natureza";1;0;0;0;1;0;0;0;0;0;3;2;2;1;1
"27/10/2020";"14:08:00";"52";"Acidente s";"274,1";"BR-393/RJ";"Sul";"Colisão com veículos (traseira)";2;0;0;0;0;0;0;0;0;0;2;0;0;0;0
"28/10/2020";"11:29:00";"38";"Acidente s";"182,4";"BR-393/RJ";"Sul";"Colisão lateral no mesmo sentido";1;0;0;0;1;0;0;0;0;0;5;0;0;0;0
"29/10/2020";"07:56:00";"22";"Acidente c";"224";"BR-393/RJ";"Sul";"Acidentes de outra natureza";0;0;0;1;0;0;0;0;0;0;0;1;0;0;0
"30/10/2020";"12:42:00";"43";"Acidente s";"140";"BR-393/RJ";"Norte";"Colisão com veículos (traseira)";2;0;0;0;0;0;0;0;0;0;2;0;0;0;0
"31/10/2020";"00:26:00";"1";"Acidente c";"169,4";"BR-393/RJ";"Norte";"Capotamento";1;0;0;0;0;0;0;0;0;0;0;0;1;0;0
"31/10/2020";"06:12:00";"15";"Acidente c";"201,199";"BR-393/RJ";"Norte";"Saídas de pista";0;0;1;0;0;0;0;0;0;0;0;1;0;0;0
"31/10/2020";"11:07:00";"30";"Acidente c";"138,929";"BR-393/RJ";"Sul";"Saídas de pista";1;0;0;0;0;0;0;0;0;0;2;0;2;0;0
"01/11/2020";"15:08:00";"28";"Acidente s";"252,047";"BR-393/RJ";"Norte";"Colisão c/ obstáculos";1;0;0;0;0;0;0;0;0;0;2;0;0;0;0
"02/11/2020";"05:30:00";"12";"Acidente c";"257,8";"BR-393/RJ";"Norte";"Colisão c/ obstáculos";1;0;0;0;0;0;0;0;0;0;0;1;0;0;0
"03/11/2020";"17:19:00";"47";"Acidente c";"253,9";"BR-393/RJ";"Norte";"Acidentes de outra natureza";0;0;0;1;0;0;0;0;0;0;0;1;0;0;0
"03/11/2020";"21:29:00";"56";"Acidente s";"282";"BR-393/RJ";"Norte";"Colisão com veículos (traseira)";2;0;0;0;0;0;0;0;0;0;2;0;0;0;0
"05/11/2020";"13:13:00";"47";"Acidente c";"125,599";"BR-393/RJ";"Norte";"Colisão lateral no mesmo sentido";1;0;1;0;0;0;0;0;0;0;1;2;0;0;0
"05/11/2020";"16:05:00";"62";"Acidente s";"229,192";"BR-393/RJ";"Norte";"Saídas de pista";1;0;0;0;0;0;0;0;0;0;3;0;0;0;0
"05/11/2020";"20:15:00";"72";"Acidente c";"146,199";"BR-393/RJ";"Norte";"Colisão c/ obstáculos";1;0;0;0;0;0;0;0;0;0;0;1;0;0;0
"06/11/2020";"14:47:00";"42";"Acidente s";"279";"BR-393/RJ";"Sul";"Engavetamento";2;0;1;0;0;0;0;0;0;0;3;0;0;0;0
"07/11/2020";"08:23:00";"16";"Acidente c";"278";"BR-393/RJ";"Sul";"Colisão com veículos (frontal)";1;0;0;1;0;0;0;0;0;0;1;2;0;0;0
"07/11/2020";"17:20:00";"46";"Acidente s";"251";"BR-393/RJ";"Norte";"Capotamento";1;0;0;0;0;0;0;0;0;0;1;0;0;0;0
"07/11/2020";"18:12:00";"49";"Acidente c";"286";"BR-393/RJ";"Sul";"Colisão lateral no mesmo sentido";1;0;0;1;0;0;0;0;0;0;1;2;0;0;0
"07/11/2020";"18:30:00";"50";"Acidente s";"283";"BR-393/RJ";"Sul";"Acidentes de outra natureza";0;0;0;1;0;0;0;0;0;0;1;0;0;0;0
"07/11/2020";"20:09:00";"54";"Acidente c";"104";"BR-393/RJ";"Norte";"Acidentes de outra natureza";0;0;0;1;0;0;0;0;0;0;0;0;1;0;0
"08/11/2020";"00:04:00";"1";"Acidente s";"195";"BR-393/RJ";"Norte";"Colisão c/ obstáculos";0;0;1;0;0;0;0;0;0;0;1;0;0;0;0
"08/11/2020";"19:18:00";"46";"Acidente s";"282";"BR-393/RJ";"Sul";"Colisão com veículos (traseira)";2;0;0;0;0;0;0;0;0;0;2;0;0;0;0
"09/11/2020";"00:14:00";"1";"Acidente s";"156";"BR-393/RJ";"Norte";"Saídas de pista";1;0;0;0;0;0;0;0;0;0;5;0;0;0;0
"09/11/2020";"04:22:00";"7";"Acidente c";"233,95";"BR-393/RJ";"Norte";"Colisão lateral no mesmo sentido";1;0;1;0;0;0;0;0;0;0;2;1;0;0;0
"09/11/2020";"18:58:00";"57";"Acidente s";"285,6";"BR-393/RJ";"Norte";"Engavetamento";4;0;0;0;0;0;0;0;0;0;6;0;0;0;0
"10/11/2020";"09:07:00";"27";"Acidente c";"285";"BR-393/RJ";"Sul";"Engavetamento";3;0;0;0;0;0;0;0;0;0;2;0;2;0;0
"10/11/2020";"09:20:00";"29";"Acidente s";"280";"BR-393/RJ";"Sul";"Colisão com veículos (traseira)";2;0;0;0;0;0;0;0;0;0;2;0;0;0;0
"11/11/2020";"07:30:00";"19";"Acidente c";"177,513";"BR-393/RJ";"Norte";"Colisão com veículos (frontal)";3;0;0;0;0;0;0;0;0;0;1;6;0;1;0
"11/11/2020";"19:26:00";"51";"Acidente s";"236";"BR-393/RJ";"Norte";"Acidentes de outra natureza";0;0;0;1;0;0;0;0;0;0;1;0;0;0;0
"12/11/2020";"04:57:00";"15";"Acidente c";"284,113";"BR-393/RJ";"Norte";"Acidentes de outra natureza";2;0;0;0;0;0;0;0;0;0;1;1;0;0;0
"12/11/2020";"19:19:00";"71";"Atropelame";"281";"BR-393/RJ";"Norte";"Atropelamento de pedestre";1;0;0;0;0;0;0;0;0;0;2;0;0;0;0
"12/11/2020";"20:36:00";"77";"Acidente s";"208";"BR-393/RJ";"Norte";"Saídas de pista";1;0;0;0;0;0;0;0;0;0;1;0;0;0;0
"12/11/2020";"22:29:00";"82";"Acidente c";"169,5";"BR-393/RJ";"Norte";"Colisão c/ obstáculos";2;0;0;0;0;0;0;0;0;0;3;1;0;0;0
"13/11/2020";"16:08:00";"61";"Acidente s";"110,2";"BR-393/RJ";"Sul";"Capotamento";1;0;0;0;0;0;0;0;0;0;1;0;0;0;0
"13/11/2020";"16:23:00";"63";"Acidente c";"104,161";"BR-393/RJ";"Sul";"Colisão c/ obstáculos";1;0;0;0;0;0;0;0;0;0;0;0;1;0;0
"13/11/2020";"20:16:00";"79";"Acidente s";"175,699";"BR-393/RJ";"Norte";"Saídas de pista";1;0;0;0;0;0;0;0;0;0;1;0;0;0;0
"13/11/2020";"20:20:00";"80";"Acidente c";"130,199";"BR-393/RJ";"Norte";"Tombamento";0;0;1;0;0;0;0;0;0;0;0;1;0;0;0
"14/11/2020";"04:32:00";"14";"Acidente s";"177";"BR-393/RJ";"Norte";"Colisão com veículos (traseira)";0;0;2;0;0;0;0;0;0;0;2;0;0;0;0
"14/11/2020";"12:44:00";"32";"Acidente c";"105";"BR-393/RJ";"Norte";"Acidentes de outra natureza";1;0;0;1;0;0;0;0;0;0;1;1;0;0;0
"15/11/2020";"10:48:00";"29";"Acidente c";"246";"BR-393/RJ";"Norte";"Acidentes de outra natureza";0;0;0;1;0;0;0;0;0;0;0;1;1;0;0
"15/11/2020";"11:54:00";"31";"Atropelame";"1,6";"Alça Sul";"Norte";"Atropelamento de pedestre";0;1;0;0;0;0;0;0;0;1;1;1;0;0;0
"17/11/2020";"03:55:00";"12";"Acidente c";"280,899";"BR-393/RJ";"Norte";"Colisão c/ obstáculos";1;0;0;0;0;0;0;0;0;0;0;3;0;0;0
"17/11/2020";"08:37:00";"26";"Acidente s";"280";"BR-393/RJ";"Sul";"Engavetamento";5;0;0;0;0;0;0;0;0;0;5;0;0;0;0
"17/11/2020";"14:01:00";"46";"Acidente s";"3";"Alça Sul";"Sul";"Tombamento";0;0;0;0;0;0;0;0;0;0;0;0;0;0;0
"17/11/2020";"23:24:00";"67";"Acidente c";"251,7";"BR-393/RJ";"Norte";"Colisão com veículos (traseira)";2;0;0;0;0;0;0;0;0;0;1;1;0;0;0
"18/11/2020";"12:24:00";"37";"Acidente c";"112";"BR-393/RJ";"Norte";"Capotamento";1;0;0;0;0;0;0;0;0;0;0;1;0;0;0
"19/11/2020";"13:25:00";"48";"Acidente c";"106,099";"BR-393/RJ";"Norte";"Colisão com veículos (traseira)";1;0;0;1;0;0;0;0;0;0;1;1;0;0;0
"19/11/2020";"13:44:00";"50";"Acidente s";"265";"BR-393/RJ";"Norte";"Colisão com veículos (traseira)";2;0;0;0;0;0;0;0;0;0;2;0;0;0;0
"19/11/2020";"22:02:00";"70";"Acidente s";"218,199";"BR-393/RJ";"Norte";"Acidentes de outra natureza";2;0;0;0;0;0;0;0;0;0;4;0;0;0;0
"20/11/2020";"07:00:00";"12";"Acidente c";"161,9";"BR-393/RJ";"Norte";"Capotamento";0;0;1;0;0;0;0;0;0;0;0;0;1;0;0
"20/11/2020";"18:34:00";"53";"Acidente c";"227";"BR-393/RJ";"Norte";"Colisão com veículos (traseira)";1;0;1;0;0;0;0;0;0;1;3;1;0;0;0
"20/11/2020";"21:10:00";"58";"Acidente c";"285,9";"BR-393/RJ";"Norte";"Acidentes de outra natureza";1;0;0;1;0;0;0;0;0;0;1;1;0;0;0
"21/11/2020";"22:44:00";"66";"Atropelame";"251";"BR-393/RJ";"Norte";"Atropelamento de pedestre";1;0;0;0;0;0;0;0;0;0;0;2;0;0;0
"22/11/2020";"19:23:00";"45";"Acidente s";"155";"BR-393/RJ";"Sul";"Acidentes de outra natureza";1;0;0;1;0;0;0;0;0;0;2;0;0;0;0
"22/11/2020";"19:35:00";"46";"Acidente c";"182,4";"BR-393/RJ";"Sul";"Colisão com veículos (traseira)";0;0;0;1;0;0;0;0;0;1;1;0;1;0;0
"23/11/2020";"06:31:00";"15";"Acidente c";"283";"BR-393/RJ";"Sul";"Colisão lateral no sentido contrário";1;0;2;0;0;0;0;0;0;0;3;1;0;0;0
"24/11/2020";"11:17:00";"27";"Atropelame";"231,9";"BR-393/RJ";"Sul";"Atropelamento de animais";0;0;1;0;0;0;0;0;0;0;1;0;0;0;0
"24/11/2020";"21:14:00";"46";"Acidente s";"229,9";"BR-393/RJ";"Norte";"Saídas de pista";1;0;0;0;0;0;0;0;0;0;2;0;0;0;0
"26/11/2020";"20:36:00";"58";"Atropelame";"277,5";"BR-393/RJ";"Sul";"Atropelamento de pedestre";1;1;0;0;0;0;0;0;0;0;1;0;1;1;0
"27/11/2020";"09:11:00";"26";"Acidente c";"281,3";"BR-393/RJ";"Norte";"Acidentes de outra natureza";0;0;0;1;0;0;0;0;0;0;0;1;0;0;0
"27/11/2020";"14:36:00";"41";"Acidente s";"230,8";"BR-393/RJ";"Norte";"Colisão lateral no mesmo sentido";1;0;1;0;0;0;0;0;0;0;2;0;0;0;0
"28/11/2020";"10:02:00";"33";"Acidente s";"285";"BR-393/RJ";"Sul";"Colisão com veículos (traseira)";1;0;0;0;0;0;0;0;0;0;1;0;0;0;0
"28/11/2020";"17:10:00";"57";"Acidente s";"286";"BR-393/RJ";"Sul";"Colisão lateral no mesmo sentido";1;0;0;0;1;0;0;0;0;0;2;0;0;0;0
"29/11/2020";"04:57:00";"12";"Acidente s";"266";"BR-393/RJ";"Norte";"Colisão c/ obstáculos";1;0;0;0;0;0;0;0;0;0;2;0;0;0;0
"29/11/2020";"12:35:00";"26";"Acidente c";"236,5";"BR-393/RJ";"Norte";"Colisão lateral no mesmo sentido";1;1;0;1;0;0;0;0;0;0;1;0;1;1;0
"29/11/2020";"16:19:00";"34";"Acidente s";"265";"BR-393/RJ";"Sul";"Colisão com veículos (traseira)";1;0;1;0;0;0;0;0;0;0;2;0;0;0;0
"01/12/2020";"17:41:00";"52";"Acidente c";"124,8";"BR-393/RJ";"Norte";"Acidentes de outra natureza";0;0;2;0;0;0;0;0;0;0;2;0;1;0;0
"02/12/2020";"19:47:00";"68";"Acidente s";"174";"BR-393/RJ";"Sul";"Saídas de pista";1;0;0;0;0;0;0;0;0;0;3;0;0;0;0
"03/12/2020";"08:42:00";"19";"Acidente s";"281";"BR-393/RJ";"Norte";"Engavetamento";4;0;0;0;0;0;0;0;0;0;4;0;0;0;0
"04/12/2020";"17:39:00";"47";"Acidente c";"155";"BR-393/RJ";"Norte";"Acidentes de outra natureza";0;0;0;1;0;0;0;0;0;0;1;0;0;0;0
"04/12/2020";"18:41:00";"49";"Acidente c";"273";"BR-393/RJ";"Norte";"Colisão com veículos (frontal)";1;0;0;0;0;0;0;0;0;1;2;0;0;1;0
"05/12/2020";"10:38:00";"39";"Acidente s";"232,699";"BR-393/RJ";"Sul";"Engavetamento";1;0;2;0;0;0;0;0;0;0;4;0;0;0;0
"05/12/2020";"10:42:00";"40";"Acidente c";"255,599";"BR-393/RJ";"Norte";"Acidentes de outra natureza";1;0;0;1;0;0;0;0;0;0;1;1;0;0;0
"05/12/2020";"17:29:00";"50";"Atropelame";"106";"BR-393/RJ";"Sul";"Atropelamento de pedestre";0;0;0;1;0;0;0;0;0;0;1;1;1;0;0
"05/12/2020";"23:00:00";"62";"Acidente s";"262,2";"BR-393/RJ";"Sul";"Colisão lateral no mesmo sentido";1;0;1;0;0;0;0;0;0;0;2;0;0;0;0
"06/12/2020";"05:34:00";"20";"Acidente s";"255,7";"BR-393/RJ";"Sul";"Colisão com veículos (traseira)";0;0;2;0;0;0;0;0;0;0;2;0;0;0;0
"06/12/2020";"19:12:00";"48";"Acidente s";"240";"BR-393/RJ";"Sul";"Saídas de pista";1;0;0;0;0;0;0;0;0;0;2;0;0;0;0
"06/12/2020";"21:24:00";"54";"Acidente s";"253";"BR-393/RJ";"Sul";"Tombamento";0;0;1;0;0;0;0;0;0;0;1;0;0;0;0
"07/12/2020";"07:43:00";"24";"Acidente s";"254";"BR-393/RJ";"Norte";"Colisão lateral no mesmo sentido";2;0;0;0;0;0;0;0;0;0;2;0;0;0;0
"07/12/2020";"10:53:00";"33";"Acidente s";"255,5";"BR-393/RJ";"Norte";"Acidentes de outra natureza";2;0;0;0;0;0;0;0;0;0;4;0;0;0;0
"07/12/2020";"11:08:00";"36";"Acidente s";"255,5";"BR-393/RJ";"Norte";"Acidentes de outra natureza";2;0;0;0;0;0;0;0;0;0;3;0;0;0;0
"07/12/2020";"19:18:00";"55";"Acidente s";"118,9";"BR-393/RJ";"Norte";"Saídas de pista";0;0;1;0;0;0;0;0;0;0;1;0;0;0;0