data;horario;n_da_ocorrencia;tipo_de_ocorrencia;km;trecho;sentido;tipo_de_acidente;automovel;bicicleta;caminhao;moto;onibus;outros;tracao_animal;transporte_de_cargas_especiais;trator_maquinas;utilitarios;ilesos;levemente_feridos;moderadamente_feridos;gravemente_feridos;mortos
"07/12/2020";"22:28:00";"64";"Acidente c";"172,4";"BR-393/RJ";"Sul";"Colisão com veículos (frontal)";1;0;1;0;0;0;0;0;0;0;1;0;0;1;0
"08/12/2020";"08:56:00";"28";"Acidente s";"182";"BR-393/RJ";"Norte";"Colisão com veículos (traseira)";2;0;0;0;0;0;0;0;0;0;2;0;0;0;0
"08/12/2020";"18:37:00";"61";"Acidente s";"123,2";"BR-393/RJ";"Sul";"Colisão c/ obstáculos";0;0;1;0;0;0;0;0;0;0;1;0;0;0;0
"09/12/2020";"11:42:00";"42";"Acidente s";"145";"BR-393/RJ";"Norte";"Saídas de pista";1;0;0;0;0;0;0;0;0;0;2;0;0;0;0
"10/12/2020";"07:00:00";"14";"Acidente s";"282,199";"BR-393/RJ";"Norte";"Acidentes de outra natureza";2;0;0;0;0;0;0;0;0;0;2;0;0;0;0
"10/12/2020";"07:02:00";"15";"Acidente c";"257,8";"BR-393/RJ";"Norte";"Acidentes de outra natureza";1;0;1;0;0;0;0;0;0;0;2;0;2;1;0
"10/12/2020";"16:21:00";"49";"Acidente s";"258,6";"BR-393/RJ";"Norte";"Acidentes de outra natureza";1;0;1;0;0;0;0;0;0;0;2;0;0;0;0
"10/12/2020";"18:45:00";"60";"Acidente s";"243";"BR-393/RJ";"Sul";"Saídas de pista";0;0;1;0;0;0;0;0;0;0;1;0;0;0;0
"11/12/2020";"18:41:00";"71";"Acidente c";"243,3";"BR-393/RJ";"Norte";"Colisão lateral no sentido contrário";0;0;3;0;0;0;0;0;0;0;2;1;0;0;0
"12/12/2020";"04:18:00";"5";"Acidente s";"2";"Alça Sul";"Norte";"Capotamento";1;0;0;0;0;0;0;0;0;0;1;0;0;0;0
"12/12/2020";"09:21:00";"20";"Acidente s";"285";"BR-393/RJ";"Sul";"Colisão com veículos (traseira)";2;0;0;0;0;0;0;0;0;0;2;0;0;0;0
"12/12/2020";"11:34:00";"26";"Acidente s";"258";"BR-393/RJ";"Norte";"Acidentes de outra natureza";1;0;0;1;0;0;0;0;0;0;1;0;1;0;0
"12/12/2020";"21:06:00";"44";"Acidente s";"284,4";"BR-393/RJ";"Sul";"Engavetamento";3;0;0;0;0;0;0;0;0;0;4;0;0;0;0
"13/12/2020";"12:39:00";"36";"Acidente c";"252,199";"BR-393/RJ";"Norte";"Colisão c/ obstáculos";1;0;1;0;0;0;0;0;0;0;1;0;0;1;0
"13/12/2020";"22:20:00";"57";"Acidente s";"284";"BR-393/RJ";"Sul";"Colisão c/ obstáculos";1;0;0;0;0;0;0;0;0;0;2;0;0;0;0
"15/12/2020";"09:02:00";"25";"Acidente s";"280,3";"BR-393/RJ";"Norte";"Acidentes de outra natureza";0;0;0;1;0;0;0;0;0;0;2;0;0;0;0
"15/12/2020";"10:39:00";"33";"Acidente s";"131,9";"BR-393/RJ";"Norte";"Colisão com veículos (traseira)";1;0;1;0;0;0;0;0;0;0;3;0;0;0;0
"15/12/2020";"23:34:00";"72";"Acidente s";"173,8";"BR-393/RJ";"Norte";"Saídas de pista";1;0;0;0;0;0;0;0;0;0;2;0;0;0;0
"16/12/2020";"10:05:00";"33";"Acidente s";"279,6";"BR-393/RJ";"Sul";"Acidentes de outra natureza";2;0;0;0;0;0;0;0;0;0;2;0;0;0;0
"17/12/2020";"12:52:00";"45";"Acidente c";"218";"BR-393/RJ";"Norte";"Acidentes de outra natureza";0;0;0;1;0;0;0;0;0;0;0;1;0;0;0
"18/12/2020";"08:20:00";"27";"Acidente c";"274";"BR-393/RJ";"Norte";"Tombamento";0;0;1;0;0;0;0;0;0;0;0;0;1;0;0
"18/12/2020";"21:10:00";"68";"Acidente s";"274";"BR-393/RJ";"Norte";"Colisão com veículos (traseira)";2;0;0;0;0;0;0;0;0;0;2;0;0;0;0
"19/12/2020";"07:39:00";"22";"Acidente c";"232,099";"BR-393/RJ";"Sul";"Colisão c/ obstáculos";0;0;1;0;0;0;0;0;0;0;0;0;1;0;0
"19/12/2020";"10:31:00";"34";"Acidente s";"177,4";"BR-393/RJ";"Norte";"Engavetamento";3;0;0;0;0;0;0;0;0;0;4;0;0;0;0
"19/12/2020";"13:09:00";"45";"Acidente c";"285";"BR-393/RJ";"Sul";"Colisão c/ obstáculos";1;0;0;0;0;0;0;0;0;0;0;1;0;0;0
"19/12/2020";"17:15:00";"69";"Acidente s";"121,5";"BR-393/RJ";"Norte";"Saídas de pista";1;0;0;0;0;0;0;0;0;0;2;0;0;0;0
"20/12/2020";"04:22:00";"11";"Acidente c";"177,599";"BR-393/RJ";"Norte";"Colisão c/ obstáculos";0;0;0;1;0;0;0;0;0;0;0;0;0;0;1
"20/12/2020";"11:13:00";"35";"Acidente s";"142";"BR-393/RJ";"Norte";"Colisão com veículos (traseira)";1;0;1;0;0;0;0;0;0;0;2;0;0;0;0
"20/12/2020";"13:14:00";"42";"Acidente s";"182";"BR-393/RJ";"Norte";"Colisão lateral no mesmo sentido";1;0;1;0;0;0;0;0;0;0;5;0;0;0;0
"20/12/2020";"18:06:00";"62";"Acidente c";"219,8";"BR-393/RJ";"Norte";"Colisão com veículos (frontal)";1;0;1;0;0;0;0;0;0;0;2;0;0;0;1
"20/12/2020";"21:13:00";"72";"Acidente s";"225";"BR-393/RJ";"Sul";"Colisão com veículos (traseira)";0;0;0;0;0;0;0;0;0;0;0;0;0;0;0
"20/12/2020";"21:17:00";"73";"Acidente s";"258,5";"BR-393/RJ";"Sul";"Acidentes de outra natureza";1;0;0;0;1;0;0;0;0;0;2;0;0;0;0
"21/12/2020";"18:46:00";"60";"Acidente s";"165";"BR-393/RJ";"Sul";"Acidentes de outra natureza";2;0;0;0;0;0;0;0;0;0;2;0;0;0;0
"21/12/2020";"23:14:00";"72";"Acidente s";"192,4";"BR-393/RJ";"Sul";"Colisão lateral no sentido contrário";1;0;0;0;1;0;0;0;0;0;6;0;0;0;0
"22/12/2020";"00:49:00";"4";"Acidente c";"246";"BR-393/RJ";"Sul";"Tombamento";0;0;1;0;0;0;0;0;0;0;0;0;0;1;0
"22/12/2020";"06:16:00";"20";"Acidente c";"114";"BR-393/RJ";"Norte";"Tombamento";0;0;1;0;0;0;0;0;0;0;0;1;0;0;0
"22/12/2020";"16:51:00";"55";"Acidente c";"281";"BR-393/RJ";"Sul";"Colisão com veículos (traseira)";0;0;1;0;0;0;0;0;0;1;1;1;0;0;0
"22/12/2020";"20:57:00";"63";"Acidente c";"285,699";"BR-393/RJ";"Norte";"Acidentes de outra natureza";1;0;0;1;0;0;0;0;0;0;1;1;0;1;0
"23/12/2020";"02:14:00";"1";"Acidente c";"162,099";"BR-393/RJ";"Norte";"Tombamento";0;0;1;0;0;0;0;0;0;0;0;1;0;0;0
"24/12/2020";"07:05:00";"18";"Acidente s";"146";"BR-393/RJ";"Sul";"Colisão lateral no mesmo sentido";0;0;2;0;0;0;0;0;0;0;2;0;0;0;0
"24/12/2020";"09:40:00";"29";"Acidente s";"253,8";"BR-393/RJ";"Sul";"Colisão lateral no mesmo sentido";1;0;1;0;0;0;0;0;0;0;2;0;0;0;0
"24/12/2020";"13:08:00";"39";"Acidente s";"259";"BR-393/RJ";"Sul";"Saídas de pista";1;0;0;0;0;0;0;0;0;0;1;0;0;0;0
"24/12/2020";"15:50:00";"45";"Acidente c";"262,9";"BR-393/RJ";"Sul";"Capotamento";1;0;0;0;0;0;0;0;0;0;0;1;0;0;0
"25/12/2020";"17:54:00";"47";"Acidente s";"169,9";"BR-393/RJ";"Sul";"Saídas de pista";0;0;0;0;0;0;0;0;0;1;2;0;0;0;0
"26/12/2020";"00:00:00";"1";"Acidente c";"235";"BR-393/RJ";"Norte";"Saídas de pista";1;0;0;0;0;0;0;0;0;0;0;1;0;0;0
"27/12/2020";"08:21:00";"22";"Acidente c";"188";"BR-393/RJ";"Sul";"Capotamento";1;0;0;0;0;0;0;0;0;0;0;1;1;0;0
"27/12/2020";"19:08:00";"52";"Acidente s";"258,5";"BR-393/RJ";"Sul";"Colisão c/ obstáculos";0;0;1;0;0;0;0;0;0;0;1;0;0;0;0
"28/12/2020";"03:44:00";"10";"Acidente c";"157";"BR-393/RJ";"Sul";"Colisão com veículos (frontal)";1;0;1;0;0;0;0;0;0;0;1;0;0;0;1
"29/12/2020";"08:13:00";"18";"Acidente s";"169,002";"BR-393/RJ";"Sul";"Saídas de pista";1;0;0;0;0;0;0;0;0;0;1;0;0;0;0
"30/12/2020";"17:30:00";"66";"Acidente s";"281,1";"BR-393/RJ";"Sul";"Acidentes de outra natureza";1;0;0;1;0;0;0;0;0;0;2;0;0;0;0
"30/12/2020";"21:44:00";"80";"Acidente c";"281";"BR-393/RJ";"Norte";"Acidentes de outra natureza";1;0;0;1;0;0;0;0;0;0;1;1;0;0;0
"31/12/2020";"15:16:00";"40";"Acidente c";"184,699";"BR-393/RJ";"Sul";"Colisão c/ obstáculos";1;0;0;0;0;0;0;0;0;0;0;1;0;0;0
"01/01/2021";"00:44:00";"7";"Acidente s";"282,8";"BR-393/RJ";"Norte";"Saídas de pista";1;0;0;0;0;0;0;0;0;0;1;0;0;0;0
"01/01/2021";"14:54:00";"36";"Acidente c";"252";"BR-393/RJ";"Sul";"Colisão lateral no sentido contrário";1;0;1;0;0;0;0;0;0;0;1;1;0;1;0
"02/01/2021";"18:51:00";"43";"Acidente s";"139";"BR-393/RJ";"Norte";"Saídas de pista";1;0;0;0;0;0;0;0;0;0;1;0;0;0;0
"02/01/2021";"19:43:00";"47";"Acidente s";"246";"BR-393/RJ";"Sul";"Saídas de pista";0;0;1;0;0;0;0;0;0;0;1;0;0;0;0
"03/01/2021";"02:08:00";"4";"Acidente c";"172,3";"BR-393/RJ";"Sul";"Capotamento";1;0;0;0;0;0;0;0;0;0;0;1;0;0;0
"04/01/2021";"17:16:00";"73";"Acidente s";"280,8";"BR-393/RJ";"Sul";"Engavetamento";4;0;0;0;0;0;0;0;0;0;5;0;0;0;0
"05/01/2021";"09:21:00";"34";"Acidente s";"145";"BR-393/RJ";"Sul";"Engavetamento";3;0;0;0;0;0;0;0;0;0;7;0;0;0;0
"05/01/2021";"09:21:00";"33";"Acidente s";"282";"BR-393/RJ";"Sul";"Colisão com veículos (traseira)";2;0;0;0;0;0;0;0;0;0;2;0;0;0;0
"05/01/2021";"10:16:00";"40";"Acidente s";"258";"BR-393/RJ";"Sul";"Colisão lateral no mesmo sentido";1;0;0;0;1;0;0;0;0;0;2;0;0;0;0
"05/01/2021";"11:20:00";"44";"Acidente s";"239";"BR-393/RJ";"Sul";"Colisão com veículos (traseira)";1;0;1;0;0;0;0;0;0;0;3;0;0;0;0
"06/01/2021";"07:46:00";"21";"Acidente c";"122";"BR-393/RJ";"Norte";"Tombamento";0;0;1;0;0;0;0;0;0;0;0;0;1;0;0
"06/01/2021";"18:31:00";"56";"Acidente s";"274,3";"BR-393/RJ";"Sul";"Saídas de pista";1;0;0;0;0;0;0;0;0;0;2;0;0;0;0
"07/01/2021";"19:08:00";"57";"Acidente c";"106";"BR-393/RJ";"Norte";"Atropelamento de pedestre";1;0;0;0;0;0;0;0;0;0;1;0;1;0;0
"08/01/2021";"18:58:00";"69";"Acidente c";"229,199";"BR-393/RJ";"Norte";"Capotamento";1;0;0;0;0;0;0;0;0;0;0;0;0;1;0
"09/01/2021";"07:42:00";"16";"Acidente s";"151";"BR-393/RJ";"Sul";"Saídas de pista";1;0;0;0;0;0;0;0;0;0;1;0;0;0;0
"09/01/2021";"19:02:00";"50";"Acidente c";"136,5";"BR-393/RJ";"Sul";"Colisão lateral no sentido contrário";1;0;1;0;0;0;0;0;0;0;1;3;0;0;0
"10/01/2021";"14:30:00";"38";"Acidente s";"274";"BR-393/RJ";"Sul";"Tombamento";0;0;1;0;0;0;0;0;0;0;3;0;0;0;0
"10/01/2021";"18:10:00";"53";"Acidente s";"286";"BR-393/RJ";"Sul";"Engavetamento";3;0;0;0;0;0;0;0;0;0;3;0;0;0;0
"10/01/2021";"18:57:00";"54";"Acidente s";"284";"BR-393/RJ";"Norte";"Engavetamento";3;0;0;0;0;0;0;0;0;0;3;0;0;0;0
"10/01/2021";"23:37:00";"69";"Acidente c";"169,7";"BR-393/RJ";"Sul";"Capotamento";1;0;0;0;0;0;0;0;0;0;3;1;0;0;0
"11/01/2021";"13:50:00";"53";"Acidente s";"246";"BR-393/RJ";"Sul";"Saídas de pista";0;0;0;0;0;0;0;0;0;1;1;0;0;0;0
"11/01/2021";"15:42:00";"61";"Acidente s";"266";"BR-393/RJ";"Norte";"Colisão lateral no mesmo sentido";0;0;1;0;1;0;0;0;0;0;25;0;0;0;0
"11/01/2021";"21:41:00";"89";"Acidente s";"196,4";"BR-393/RJ";"Sul";"Saídas de pista";0;0;1;0;0;0;0;0;0;0;1;0;0;0;0
"11/01/2021";"23:03:00";"92";"Acidente s";"168,599";"BR-393/RJ";"Norte";"Colisão c/ obstáculos";0;0;1;0;0;0;0;0;0;0;1;0;0;0;0
"12/01/2021";"11:23:00";"45";"Acidente c";"170,4";"BR-393/RJ";"Norte";"Colisão com veículos (traseira)";0;0;2;0;0;0;0;0;0;0;1;3;0;0;0
"13/01/2021";"05:20:00";"17";"Acidente s";"208,9";"BR-393/RJ";"Norte";"Tombamento";0;0;1;0;0;0;0;0;0;0;2;0;0;0;0
"13/01/2021";"05:43:00";"18";"Acidente c";"124,001";"BR-393/RJ";"Sul";"Tombamento";0;0;1;0;0;0;0;0;0;0;0;1;0;0;0
"13/01/2021";"19:59:00";"67";"Acidente s";"179,4";"BR-393/RJ";"Norte";"Colisão com veículos (traseira)";2;0;0;0;0;0;0;0;0;0;5;0;0;0;0
"14/01/2021";"06:45:00";"18";"Acidente c";"167";"BR-393/RJ";"Norte";"Colisão lateral no mesmo sentido";1;0;0;1;0;0;0;0;0;0;1;1;0;0;0
"14/01/2021";"09:26:00";"27";"Acidente s";"279";"BR-393/RJ";"Norte";"Colisão lateral no mesmo sentido";1;0;0;1;0;0;0;0;0;0;3;0;0;0;0
"14/01/2021";"12:22:00";"45";"Acidente c";"182,4";"BR-393/RJ";"Sul";"Acidentes de outra natureza";0;0;1;1;0;0;0;0;0;0;0;1;0;0;1
"16/01/2021";"09:53:00";"32";"Acidente s";"277";"BR-393/RJ";"Sul";"Saídas de pista";1;0;0;0;0;0;0;0;0;0;2;0;0;0;0
"16/01/2021";"16:03:00";"46";"Acidente s";"285,199";"BR-393/RJ";"Norte";"Acidentes de outra natureza";2;0;0;0;0;0;0;0;0;0;2;0;0;0;0
"17/01/2021";"07:50:00";"16";"Acidente s";"265";"BR-393/RJ";"Norte";"Colisão com veículos (traseira)";0;0;2;0;0;0;0;0;0;0;2;0;0;0;0
"17/01/2021";"09:44:00";"21";"Atropelame";"279,899";"BR-393/RJ";"Sul";"Atropelamento de pedestre";1;1;0;0;0;0;0;0;0;0;1;1;0;0;0
"17/01/2021";"14:40:00";"32";"Acidente s";"230,8";"BR-393/RJ";"Norte";"Colisão lateral no mesmo sentido";1;0;1;0;0;0;0;0;0;0;4;0;0;0;0
"17/01/2021";"22:41:00";"49";"Acidente c";"179,099";"BR-393/RJ";"Sul";"Saídas de pista";0;0;1;0;0;0;0;0;0;0;0;1;0;0;0
"18/01/2021";"02:19:00";"7";"Acidente s";"181";"BR-393/RJ";"Sul";"Colisão com veículos (traseira)";1;0;1;0;0;0;0;0;0;0;2;0;0;0;0
"18/01/2021";"07:14:00";"17";"Acidente c";"223";"BR-393/RJ";"Sul";"Acidentes de outra natureza";2;0;0;0;0;0;0;0;0;0;1;0;1;1;0
"18/01/2021";"07:45:00";"19";"Acidente c";"124,001";"BR-393/RJ";"Sul";"Acidentes de outra natureza";0;0;0;1;0;0;0;0;0;0;0;2;0;0;0
"18/01/2021";"08:04:00";"22";"Acidente c";"124,001";"BR-393/RJ";"Sul";"Acidentes de outra natureza";0;0;0;1;0;0;0;0;0;0;0;1;0;0;0
"19/01/2021";"15:14:00";"54";"Acidente s";"268";"BR-393/RJ";"Norte";"Colisão com veículos (traseira)";1;0;0;1;0;0;0;0;0;0;2;0;0;0;0
"20/01/2021";"10:09:00";"30";"Acidente c";"208,8";"BR-393/RJ";"Norte";"Colisão c/ obstáculos";1;0;0;0;0;0;0;0;0;0;0;1;0;0;0
"20/01/2021";"11:53:00";"36";"Acidente s";"132,5";"BR-393/RJ";"Sul";"Colisão lateral no mesmo sentido";1;0;1;0;0;0;0;0;0;0;2;0;0;0;0
"21/01/2021";"11:04:00";"39";"Acidente s";"254";"BR-393/RJ";"Norte";"Saídas de pista";1;0;0;0;0;0;0;0;0;0;1;0;0;0;0
"22/01/2021";"09:52:00";"30";"Acidente c";"124";"BR-393/RJ";"Sul";"Colisão lateral no sentido contrário";1;0;1;0;0;0;0;0;0;0;2;0;1;0;0
"22/01/2021";"13:46:00";"39";"Acidente c";"177";"BR-393/RJ";"Sul";"Colisão com veículos (traseira)";0;0;2;0;0;0;0;0;0;0;0;2;0;0;0
"22/01/2021";"15:47:00";"46";"Acidente c";"103,299";"BR-393/RJ";"Sul";"Acidentes de outra natureza";1;0;0;1;0;0;0;0;0;0;1;0;1;0;0
"23/01/2021";"09:43:00";"29";"Acidente c";"151,699";"BR-393/RJ";"Sul";"Colisão com veículos (frontal)";2;0;0;0;1;0;0;0;0;0;2;1;0;0;0
"24/01/2021";"00:31:00";"2";"Acidente c";"259,5";"BR-393/RJ";"Norte";"Colisão com veículos (frontal)";2;0;0;0;0;0;0;0;0;0;0;2;0;0;0
"24/01/2021";"10:28:00";"24";"Acidente s";"255,599";"BR-393/RJ";"Norte";"Acidentes de outra natureza";2;0;0;0;0;0;0;0;0;0;8;0;0;0;0
"25/01/2021";"08:31:00";"17";"Acidente s";"155";"BR-393/RJ";"Norte";"Tombamento";0;0;1;0;0;0;0;0;0;0;1;0;0;0;0
"25/01/2021";"10:03:00";"26";"Acidente c";"102";"BR-393/RJ";"Sul";"Colisão com veículos (frontal)";0;0;0;1;0;0;0;0;0;1;1;0;1;0;0
"26/01/2021";"08:28:00";"17";"Acidente c";"236,501";"BR-393/RJ";"Norte";"Colisão lateral no mesmo sentido";1;0;0;1;0;0;0;0;0;0;0;2;1;1;0
"27/01/2021";"17:35:00";"60";"Acidente c";"170,5";"BR-393/RJ";"Sul";"Acidentes de outra natureza";0;0;0;1;0;0;0;0;0;0;0;1;0;0;0
"27/01/2021";"20:18:00";"67";"Acidente s";"248,9";"BR-393/RJ";"Norte";"Saídas de pista";0;0;1;0;0;0;0;0;0;0;1;0;0;0;0
"28/01/2021";"07:20:00";"14";"Acidente s";"278,699";"BR-393/RJ";"Sul";"Colisão lateral no mesmo sentido";1;0;2;0;0;0;0;0;0;0;3;0;0;0;0
"28/01/2021";"17:26:00";"53";"Acidente c";"158,699";"BR-393/RJ";"Norte";"Colisão lateral no mesmo sentido";1;0;0;1;0;0;0;0;0;0;1;1;0;0;0
"29/01/2021";"08:02:00";"16";"Acidente c";"191,1";"BR-393/RJ";"Sul";"Acidentes de outra natureza";0;0;0;1;0;0;0;0;0;0;0;2;0;0;0
"29/01/2021";"13:08:00";"38";"Acidente s";"272";"BR-393/RJ";"Sul";"Colisão lateral no mesmo sentido";2;0;0;0;0;0;0;0;0;0;2;0;0;0;0
"29/01/2021";"14:47:00";"43";"Acidente c";"230,099";"BR-393/RJ";"Norte";"Colisão lateral no mesmo sentido";1;0;0;1;0;0;0;0;0;0;1;1;0;0;0
"30/01/2021";"01:50:00";"11";"Acidente c";"108,9";"BR-393/RJ";"Norte";"Colisão c/ obstáculos";0;0;1;0;0;0;0;0;0;0;1;1;0;0;0
"01/02/2021";"09:56:00";"25";"ac03 - Aci";"282,3";"BR-393/RJ";"Sul";"Colisão Frontal";2;0;0;0;0;0;0;0;0;0;2;0;0;0;0
"01/02/2021";"15:20:00";"41";"ac02 - Aci";"132,099";"BR-393/RJ";"Sul";"Colisão Lateral Mesmo Sentido";2;0;0;0;0;0;0;0;0;0;3;1;0;0;0
"01/02/2021";"17:25:00";"48";"ac03 - Aci";"273,8";"BR-393/RJ";"Sul";"Tombamento";0;0;1;0;0;0;0;0;0;0;1;0;0;0;0
"02/02/2021";"06:56:00";"17";"ac02 - Aci";"238,4";"BR-393/RJ";"Norte";"Saida de Pista";1;0;0;0;0;0;0;0;0;0;0;1;0;0;0
"02/02/2021";"08:23:00";"23";"ac02 - Aci";"236,699";"BR-393/RJ";"Sul";"Engavetamento";3;0;0;0;0;0;0;0;0;0;3;1;0;0;0
"02/02/2021";"14:12:00";"43";"ac02 - Aci";"268,1";"BR-393/RJ";"Sul";"Colisão Transversal";1;0;0;1;0;0;0;0;0;0;1;1;1;0;0
"04/02/2021";"07:37:00";"19";"ac02 - Aci";"238,5";"BR-393/RJ";"Norte";"Colisão Transversal";2;0;0;0;0;0;0;0;0;0;1;1;0;0;0
"05/02/2021";"20:00:00";"72";"ac03 - Aci";"286,3";"BR-393/RJ";"Sul";"Choque - Defensa, barreira ou "submarino"";1;0;0;0;0;0;0;0;0;0;2;0;0;0;0
"05/02/2021";"23:13:00";"80";"ac03 - Aci";"277";"BR-393/RJ";"Norte";"Choque - Defensa, barreira ou "submarino"";1;0;0;0;0;0;0;0;0;0;1;0;0;0;0
"06/02/2021";"06:57:00";"15";"ac03 - Aci";"244";"BR-393/RJ";"Norte";"Saida de Pista";1;0;0;0;0;0;0;0;0;0;1;0;0;0;0
"06/02/2021";"19:37:00";"51";"ac02 - Aci";"282,1";"BR-393/RJ";"Sul";"Queda de Moto";0;0;0;1;0;0;0;0;0;0;0;0;1;0;0
"07/02/2021";"20:54:00";"68";"ac03 - Aci";"238,3";"BR-393/RJ";"Sul";"Saida de Pista";1;0;0;0;0;0;0;0;0;0;2;0;0;0;0
"08/02/2021";"13:17:00";"37";"ac03 - Aci";"284,199";"BR-393/RJ";"Sul";"Colisão Traseira";2;0;0;0;0;0;0;0;0;0;2;0;0;0;0
"08/02/2021";"17:14:00";"49";"ac03 - Aci";"146,2";"BR-393/RJ";"Sul";"Choque - Talude";1;0;0;0;0;0;0;0;0;0;4;0;0;0;0
"09/02/2021";"07:30:00";"15";"ac02 - Aci";"103,099";"BR-393/RJ";"Sul";"Colisão Lateral Mesmo Sentido";1;0;1;0;0;0;0;0;0;0;3;1;0;0;0
"10/02/2021";"12:13:00";"39";"ac03 - Aci";"181,8";"BR-393/RJ";"Sul";"Saida de Pista";1;0;0;0;0;0;0;0;0;0;1;0;0;0;0
"10/02/2021";"15:35:00";"48";"ac03 - Aci";"255";"BR-393/RJ";"Norte";"Colisão Lateral Mesmo Sentido";1;0;1;0;0;0;0;0;0;0;2;0;0;0;0
"11/02/2021";"18:20:00";"59";"ac02 - Aci";"105,9";"BR-393/RJ";"Norte";"Colisão Lateral Mesmo Sentido";1;0;0;1;0;0;0;0;0;0;1;1;0;0;0
"11/02/2021";"19:53:00";"63";"ac03 - Aci";"281,2";"BR-393/RJ";"Sul";"Colisão Transversal";2;0;0;0;0;0;0;0;0;0;2;0;0;0;0
"12/02/2021";"02:34:00";"1";"ac02 - Aci";"200,5";"BR-393/RJ";"Norte";"Queda de Moto";0;0;0;1;0;0;0;0;0;0;0;1;0;0;0
"12/02/2021";"17:06:00";"59";"ac03 - Aci";"283,8";"BR-393/RJ";"Norte";"Engavetamento";3;0;0;0;0;0;0;0;0;0;3;0;0;0;0
"12/02/2021";"19:18:00";"66";"ac02 - Aci";"281";"BR-393/RJ";"Norte";"Colisão Frontal";1;0;0;1;0;0;0;0;0;0;1;0;1;0;0
"13/02/2021";"08:00:00";"21";"ac03 - Aci";"258,899";"BR-393/RJ";"Sul";"Saida de Pista";1;0;0;0;0;0;0;0;0;0;2;0;0;0;0
"13/02/2021";"11:25:00";"29";"ac03 - Aci";"265";"BR-393/RJ";"Sul";"Colisão Traseira";2;0;0;0;0;0;0;0;0;0;3;0;0;0;0
"13/02/2021";"19:26:00";"56";"ac02 - Aci";"282,9";"BR-393/RJ";"Sul";"Colisão Transversal";2;0;0;0;0;0;0;0;0;0;2;1;0;0;0
"13/02/2021";"23:31:00";"62";"ac03 - Aci";"230,4";"BR-393/RJ";"Sul";"Saida de Pista";0;0;1;0;0;0;0;0;0;0;1;0;0;0;0
"14/02/2021";"03:05:00";"8";"ac03 - Aci";"130";"BR-393/RJ";"Norte";"Saida de Pista";1;0;0;0;0;0;0;0;0;0;2;0;0;0;0
"14/02/2021";"15:46:00";"57";"ac03 - Aci";"113";"BR-393/RJ";"Norte";"Colisão Lateral Mesmo Sentido";0;0;2;0;0;0;0;0;0;0;3;0;0;0;0
"15/02/2021";"04:53:00";"14";"ac03 - Aci";"278,3";"BR-393/RJ";"Sul";"Saida de Pista";1;0;0;0;0;0;0;0;0;0;1;0;0;0;0
"15/02/2021";"13:52:00";"49";"ac02 - Aci";"152";"BR-393/RJ";"Norte";"Tombamento";0;0;1;0;0;0;0;0;0;0;0;1;0;0;0
"16/02/2021";"09:39:00";"19";"ac01 - Aci";"1,9";"Alça Sul";"Sul";"Colisão Frontal";1;0;0;1;0;0;0;0;0;0;0;0;0;1;1
"18/02/2021";"08:46:00";"23";"ac03 - Aci";"220";"BR-393/RJ";"Norte";"Colisão Lateral Sentido Oposto";0;0;2;0;0;0;0;0;0;1;3;0;0;0;0
"19/02/2021";"00:16:00";"2";"ac02 - Aci";"121,7";"BR-393/RJ";"Sul";"Tombamento";0;0;1;0;0;0;0;0;0;0;0;0;1;0;0
"19/02/2021";"15:15:00";"64";"ac03 - Aci";"262";"BR-393/RJ";"Norte";"Atropelamento de Animal";0;0;1;0;0;0;0;0;0;0;1;0;0;0;0
"19/02/2021";"18:32:00";"68";"ac02 - Aci";"162";"BR-393/RJ";"Sul";"Saida de Pista";1;0;0;0;0;0;0;0;0;0;0;1;0;0;0
"20/02/2021";"08:45:00";"27";"ac03 - Aci";"266,8";"BR-393/RJ";"Norte";"Colisão Traseira";0;0;2;0;0;0;0;0;0;0;4;0;0;0;0
"20/02/2021";"19:14:00";"52";"ac02 - Aci";"3";"Alça Sul";"Sul";"Colisão Transversal";1;0;0;1;0;0;0;0;0;0;3;3;0;0;0
"21/02/2021";"21:09:00";"49";"ac03 - Aci";"113";"BR-393/RJ";"Norte";"Saida de Pista";1;0;0;0;0;0;0;0;0;0;1;0;0;0;0
"21/02/2021";"23:32:00";"58";"ac02 - Aci";"172,5";"BR-393/RJ";"Sul";"Capotamento";1;0;0;0;0;0;0;0;0;0;0;3;0;0;0
"23/02/2021";"12:30:00";"50";"Acidente c";"174";"BR-393/RJ";"Sul";"Saida de Pista";0;0;0;0;0;0;0;0;0;1;0;1;0;0;0
"24/02/2021";"15:47:00";"49";"ac02 - Aci";"131,8";"BR-393/RJ";"Norte";"Colisão Traseira";2;0;0;0;0;0;0;0;0;0;2;1;0;0;0
"25/02/2021";"00:04:00";"1";"ac02 - Aci";"138";"BR-393/RJ";"Norte";"Tombamento";0;0;1;0;0;0;0;0;0;0;0;1;1;0;0
"26/02/2021";"13:03:00";"50";"Acidente c";"168";"BR-393/RJ";"Sul";"Colisão Transversal";1;0;1;0;0;0;0;0;0;0;1;1;0;0;0
"26/02/2021";"16:10:00";"57";"Acidente c";"223";"BR-393/RJ";"Norte";"Colisão Traseira";1;0;1;0;0;0;0;0;0;0;0;3;0;0;0
"26/02/2021";"20:13:00";"67";"ac03 - Aci";"171,099";"BR-393/RJ";"Sul";"Saida de Pista";0;0;1;0;0;0;0;0;0;0;1;0;0;0;0
"27/02/2021";"01:53:00";"4";"ac02 - Aci";"171,9";"BR-393/RJ";"Sul";"Capotamento";1;0;0;0;0;0;0;0;0;0;2;0;0;1;0
"27/02/2021";"05:49:00";"20";"ac02 - Aci";"242";"BR-393/RJ";"Norte";"Colisão Lateral Sentido Oposto";1;0;1;0;0;0;0;0;0;0;1;0;1;0;0
"01/03/2021";"01:08:00";"5";"Atropelame";"280,699";"BR-393/RJ";"Pista Norte";"Atropelamento de pedestre";0;0;1;0;0;0;0;0;0;0;1;0;0;0;1