data;horario;n_da_ocorrencia;tipo_de_ocorrencia;km;trecho;sentido;tipo_de_acidente;automovel;bicicleta;caminhao;moto;onibus;outros;tracao_animal;transporte_de_cargas_especiais;trator_maquinas;utilitarios;ilesos;levemente_feridos;moderadamente_feridos;gravemente_feridos;mortos
"01/03/2021";"06:19:00";"14";"Acidente c";"265";"BR-393/RJ";"Pista Norte";"Colisão c/ obstáculos";0;0;1;0;0;0;0;0;0;0;0;1;0;0;0
"01/03/2021";"13:22:00";"39";"Acidente c";"105,099";"BR-393/RJ";"Pista Sul";"Acidentes de outra natureza";0;0;0;1;0;0;0;0;0;0;0;1;0;0;0
"02/03/2021";"08:28:00";"22";"Acidente s";"132";"BR-393/RJ";"Pista Norte";"Colisão com veículos (traseira)";0;0;1;0;0;0;0;0;0;1;2;0;0;0;0
"02/03/2021";"13:41:00";"43";"Acidente s";"177,699";"BR-393/RJ";"Pista Norte";"Colisão com veículos (traseira)";1;0;1;0;0;0;0;0;0;0;4;0;0;0;0
"05/03/2021";"17:32:00";"54";"Acidente s";"243,099";"BR-393/RJ";"Pista Norte";"Colisão lateral no mesmo sentido";0;0;2;0;0;0;0;0;0;0;2;0;0;0;0
"06/03/2021";"17:30:00";"54";"Acidente c";"145,9";"BR-393/RJ";"Pista Norte";"Colisão lateral no sentido contrário";0;0;1;1;0;0;0;0;0;0;0;3;0;0;1
"06/03/2021";"17:44:00";"55";"Acidente c";"179,699";"BR-393/RJ";"Pista Norte";"Saídas de pista";1;0;0;0;0;0;0;0;0;0;0;1;0;0;0
"06/03/2021";"18:48:00";"57";"Acidente s";"226,9";"BR-393/RJ";"Pista Sul";"Colisão com veículos (traseira)";1;0;1;0;0;0;0;0;0;0;2;0;0;0;0
"07/03/2021";"03:34:00";"9";"Acidente s";"285";"BR-393/RJ";"Pista Norte";"Colisão com veículos (traseira)";2;0;0;0;0;0;0;0;0;0;2;0;0;0;0
"07/03/2021";"15:58:00";"36";"Acidente c";"164,75";"BR-393/RJ";"Pista Norte";"Tombamento";0;0;1;0;0;0;0;0;0;0;0;1;0;0;0
"08/03/2021";"10:00:00";"31";"Acidente s";"155,2";"BR-393/RJ";"Pista Norte";"Tombamento";0;0;1;0;0;0;0;0;0;0;1;0;0;0;0
"08/03/2021";"17:28:00";"50";"Acidente s";"284,199";"BR-393/RJ";"Pista Norte";"Colisão com veículos (traseira)";2;0;0;0;0;0;0;0;0;0;2;0;0;0;0
"08/03/2021";"17:48:00";"52";"Acidente c";"283,6";"BR-393/RJ";"Pista Norte";"Acidentes de outra natureza";1;0;0;1;0;0;0;0;0;0;1;0;1;0;0
"09/03/2021";"10:36:00";"31";"Acidente c";"131,3";"BR-393/RJ";"Pista Norte";"Tombamento";0;0;2;0;0;0;0;0;0;0;1;0;1;0;0
"10/03/2021";"09:42:00";"21";"Acidente s";"125,7";"BR-393/RJ";"Pista Sul";"Colisão com veículos (traseira)";0;0;2;0;0;0;0;0;0;0;2;0;0;0;0
"10/03/2021";"18:15:00";"39";"Acidente s";"242,8";"BR-393/RJ";"Pista Sul";"Saídas de pista";0;0;0;0;0;0;0;0;0;1;2;0;0;0;0
"11/03/2021";"18:25:00";"62";"Acidente c";"108";"BR-393/RJ";"Pista Norte";"Acidentes de outra natureza";1;0;0;1;0;0;0;0;0;0;1;1;0;0;0
"11/03/2021";"19:18:00";"64";"Acidente s";"268,3";"BR-393/RJ";"Pista Sul";"Acidentes de outra natureza";1;0;1;0;0;0;0;0;0;0;2;0;0;0;0
"11/03/2021";"19:57:00";"67";"Acidente s";"255,7";"BR-393/RJ";"Pista Sul";"Colisão com veículos (traseira)";1;0;0;0;1;0;0;0;0;0;2;0;0;0;0
"12/03/2021";"13:41:00";"38";"Acidente s";"282";"BR-393/RJ";"Pista Norte";"Colisão c/ obstáculos";1;0;0;0;0;0;0;0;0;0;1;0;0;0;0
"12/03/2021";"19:52:00";"51";"Acidente s";"156,4";"BR-393/RJ";"Pista Norte";"Saídas de pista";0;0;1;0;0;0;0;0;0;0;1;0;0;0;0
"13/03/2021";"01:24:00";"5";"Acidente c";"103,9";"BR-393/RJ";"Pista Norte";"Acidentes de outra natureza";0;0;0;1;0;0;0;0;0;0;0;1;0;0;0
"13/03/2021";"11:40:00";"31";"Acidente s";"286,399";"BR-393/RJ";"Pista Sul";"Colisão com veículos (traseira)";3;0;0;0;0;0;0;0;0;0;4;0;0;0;0
"15/03/2021";"09:02:00";"19";"Acidente s";"280";"BR-393/RJ";"Pista Norte";"Engavetamento";4;0;0;0;0;0;0;0;0;0;5;0;0;0;0
"15/03/2021";"10:19:00";"25";"Acidente c";"117,2";"BR-393/RJ";"Pista Sul";"Colisão lateral no mesmo sentido";1;0;1;0;0;0;0;0;0;0;1;2;0;0;0
"15/03/2021";"17:34:00";"53";"Acidente c";"260,6";"BR-393/RJ";"Pista Norte";"Colisão c/ obstáculos";0;0;1;0;0;0;0;0;0;0;0;1;0;0;0
"16/03/2021";"18:37:00";"62";"Acidente s";"227,199";"BR-393/RJ";"Pista Sul";"Saídas de pista";1;0;0;0;0;0;0;0;0;0;2;0;0;0;0
"19/03/2021";"07:47:00";"22";"Acidente s";"164";"BR-393/RJ";"Pista Sul";"Tombamento";0;0;1;0;0;0;0;0;0;0;2;0;0;0;0
"20/03/2021";"04:43:00";"14";"Acidente s";"227";"BR-393/RJ";"Pista Sul";"Saídas de pista";1;0;0;0;0;0;0;0;0;0;1;0;0;0;0
"20/03/2021";"06:06:00";"17";"Acidente c";"239";"BR-393/RJ";"Pista Norte";"Colisão lateral no mesmo sentido";2;0;0;0;0;0;0;0;0;0;0;3;0;0;0
"20/03/2021";"12:48:00";"39";"Acidente c";"280";"BR-393/RJ";"Pista Norte";"Colisão lateral no mesmo sentido";1;0;0;1;0;0;0;0;0;0;0;2;0;0;0
"21/03/2021";"21:37:00";"42";"Acidente s";"282";"BR-393/RJ";"Pista Norte";"Colisão com veículos (traseira)";2;0;0;0;0;0;0;0;0;0;6;0;0;0;0
"22/03/2021";"08:33:00";"27";"Acidente c";"252";"BR-393/RJ";"Pista Norte";"Acidentes de outra natureza";1;0;0;1;0;0;0;0;0;0;1;1;0;0;0
"23/03/2021";"10:19:00";"36";"Acidente s";"282";"BR-393/RJ";"Pista Sul";"Engavetamento";3;0;0;0;0;0;0;0;0;0;5;0;0;0;0
"25/03/2021";"07:53:00";"21";"Acidente s";"274,8";"BR-393/RJ";"Pista Sul";"Tombamento";0;0;1;0;0;0;0;0;0;0;1;0;0;0;0
"26/03/2021";"10:47:00";"27";"Acidente c";"105";"BR-393/RJ";"Pista Norte";"Colisão lateral no sentido contrário";1;0;1;0;0;0;0;0;0;0;1;2;0;0;0
"27/03/2021";"19:59:00";"46";"Acidente s";"285,199";"BR-393/RJ";"Pista Norte";"Colisão c/ obstáculos";1;0;0;0;0;0;0;0;0;0;1;0;0;0;0
"27/03/2021";"22:49:00";"53";"Acidente c";"283,699";"BR-393/RJ";"Pista Sul";"Colisão com veículos (frontal)";1;0;0;1;0;0;0;0;0;0;1;1;0;0;0
"28/03/2021";"10:26:00";"25";"Acidente s";"227,4";"BR-393/RJ";"Pista Sul";"Colisão lateral no mesmo sentido";0;0;1;0;1;0;0;0;0;0;2;0;0;0;0
"28/03/2021";"20:04:00";"43";"Acidente c";"217,699";"BR-393/RJ";"Pista Norte";"Colisão c/ obstáculos";0;0;1;0;0;0;0;0;0;0;0;1;0;0;0
"29/03/2021";"09:01:00";"18";"Acidente c";"285,5";"BR-393/RJ";"Pista Sul";"Colisão lateral no mesmo sentido";1;0;0;1;0;0;0;0;0;0;1;1;0;0;0
"30/03/2021";"09:29:00";"20";"Acidente c";"137";"BR-393/RJ";"Pista Sul";"Acidentes de outra natureza";0;0;1;0;0;0;0;0;0;0;0;1;0;0;0
"30/03/2021";"11:45:00";"27";"Acidente c";"237";"BR-393/RJ";"Pista Norte";"Acidentes de outra natureza";0;0;0;1;0;0;0;0;0;0;0;0;1;0;0
"30/03/2021";"15:17:00";"34";"Acidente c";"168,7";"BR-393/RJ";"Pista Norte";"Colisão com veículos (traseira)";2;0;0;0;0;0;0;0;0;0;1;1;2;0;0
"31/03/2021";"03:10:00";"4";"Atropelame";"285,7";"BR-393/RJ";"Pista Norte";"Atropelamento de pedestre";1;0;0;0;0;0;0;0;0;0;0;1;0;1;0
"01/04/2021";"06:51:00";"19";"Acidente s";"179,099";"BR-393/RJ";"Crescente";"Colisão c/ obstáculos";0;0;1;0;0;0;0;0;0;0;1;0;0;0;0
"03/04/2021";"20:18:00";"38";"Acidente c";"285,699";"BR-393/RJ";"Decrescente";"Acidentes de outra natureza";0;0;0;1;0;0;0;0;0;1;1;0;1;1;0
"04/04/2021";"06:28:00";"15";"Acidente c";"180";"BR-393/RJ";"Decrescente";"Acidentes de outra natureza";0;0;0;1;0;0;0;0;0;0;0;2;0;0;0
"04/04/2021";"14:47:00";"28";"Acidente s";"255";"BR-393/RJ";"Decrescente";"Colisão com veículos (traseira)";2;0;0;0;0;0;0;0;0;0;2;0;0;0;0
"05/04/2021";"06:54:00";"16";"Atropelame";"172,3";"BR-393/RJ";"Crescente";"Colisão com veículos (frontal)";0;0;2;0;0;0;0;0;0;0;0;0;1;0;2
"05/04/2021";"18:33:00";"54";"Acidente c";"284";"BR-393/RJ";"Crescente";"Atropelamento de pedestre";1;0;0;0;0;0;0;0;0;0;1;1;0;0;0
"05/04/2021";"21:40:00";"60";"Acidente c";"225,099";"BR-393/RJ";"Decrescente";"Colisão com veículos (traseira)";0;0;0;2;0;0;0;0;0;0;0;2;0;0;0
"07/04/2021";"15:21:00";"45";"Acidente s";"135,5";"BR-393/RJ";"Decrescente";"Colisão c/ obstáculos";0;0;1;0;0;0;0;0;0;0;1;0;0;0;0
"07/04/2021";"17:11:00";"54";"Acidente c";"123,099";"BR-393/RJ";"Decrescente";"Tombamento";0;0;1;0;0;0;0;0;0;0;0;0;1;0;0
"08/04/2021";"18:08:00";"54";"Acidente c";"151,9";"BR-393/RJ";"Crescente";"Saídas de pista";1;0;0;0;0;0;0;0;0;0;0;2;1;0;0
"08/04/2021";"20:59:00";"64";"Acidente c";"102,7";"BR-393/RJ";"Crescente";"Colisão com veículos (frontal)";1;0;1;0;0;0;0;0;0;0;0;1;0;0;2
"10/04/2021";"22:25:00";"53";"Acidente c";"130,3";"BR-393/RJ";"Crescente";"Atropelamento de pedestre";1;1;0;0;0;0;0;0;0;0;1;0;1;0;0
"11/04/2021";"18:57:00";"38";"Acidente c";"252,5";"BR-393/RJ";"Crescente";"Acidentes de outra natureza";0;0;0;1;0;0;0;0;0;0;0;0;1;0;0
"14/04/2021";"11:17:00";"35";"Acidente s";"232,599";"BR-393/RJ";"Decrescente";"Colisão lateral no mesmo sentido";0;0;2;0;0;0;0;0;0;0;2;0;0;0;0
"14/04/2021";"11:43:00";"38";"Acidente c";"283,9";"BR-393/RJ";"Decrescente";"Atropelamento de pedestre";1;1;0;0;0;0;0;0;0;0;1;1;0;0;0
"15/04/2021";"19:53:00";"64";"Acidente s";"285,199";"BR-393/RJ";"Decrescente";"Colisão com veículos (traseira)";1;0;0;0;1;0;0;0;0;0;4;0;0;0;0
"17/04/2021";"01:22:00";"1";"Acidente c";"283,6";"BR-393/RJ";"Crescente";"Colisão c/ obstáculos";0;0;1;1;0;0;0;0;0;0;1;0;0;0;1
"17/04/2021";"06:15:00";"14";"Acidente c";"181,3";"BR-393/RJ";"Decrescente";"Saídas de pista";1;0;0;0;0;0;0;0;0;0;0;1;0;0;0
"17/04/2021";"07:00:00";"15";"Acidente s";"185,1";"BR-393/RJ";"Decrescente";"Saídas de pista";0;0;1;0;0;0;0;0;0;0;1;0;0;0;0
"17/04/2021";"18:14:00";"48";"Acidente c";"236";"BR-393/RJ";"Crescente";"Acidentes de outra natureza";1;0;0;1;0;0;0;0;0;0;1;1;1;0;0
"17/04/2021";"19:54:00";"52";"Acidente s";"285";"BR-393/RJ";"Decrescente";"Engavetamento";3;0;0;0;0;0;0;0;0;0;5;0;0;0;0
"18/04/2021";"04:13:00";"10";"Acidente s";"233,2";"BR-393/RJ";"Decrescente";"Capotamento";1;0;0;0;0;0;0;0;0;0;1;0;0;0;0
"18/04/2021";"06:46:00";"12";"Acidente c";"273,8";"BR-393/RJ";"Crescente";"Tombamento";0;0;1;0;0;0;0;0;0;0;0;0;1;0;0
"18/04/2021";"14:52:00";"21";"Acidente c";"238,5";"BR-393/RJ";"Crescente";"Acidentes de outra natureza";1;0;1;0;0;0;0;0;0;0;1;2;0;0;0
"18/04/2021";"15:54:00";"22";"Acidente c";"172,3";"BR-393/RJ";"Crescente";"Saídas de pista";1;0;0;0;0;0;0;0;0;0;1;2;0;0;0
"23/04/2021";"19:20:00";"41";"Acidente c";"238";"BR-393/RJ";"Crescente";"Colisão lateral no sentido contrário";1;0;1;1;0;0;0;0;0;0;3;2;0;0;1
"24/04/2021";"18:41:00";"33";"Acidente c";"103,619";"BR-393/RJ";"Decrescente";"Colisão com veículos (traseira)";2;0;0;0;0;0;0;0;0;0;1;4;0;0;0
"24/04/2021";"19:37:00";"36";"Acidente c";"236,7";"BR-393/RJ";"Decrescente";"Colisão lateral no sentido contrário";1;0;1;0;0;0;0;0;0;0;1;0;1;0;0
"24/04/2021";"23:32:00";"42";"Atropelame";"152,199";"BR-393/RJ";"Decrescente";"Atropelamento de pedestre";0;0;0;0;0;1;0;0;0;0;1;0;0;0;1
"26/04/2021";"02:58:00";"13";"Acidente c";"181";"BR-393/RJ";"Crescente";"Colisão lateral no mesmo sentido";2;0;0;0;0;0;0;0;0;0;0;8;0;0;0
"27/04/2021";"15:16:00";"51";"Acidente c";"146,9";"BR-393/RJ";"Crescente";"Colisão lateral no sentido contrário";0;0;2;0;0;0;0;0;0;0;1;2;0;1;0
"27/04/2021";"17:58:00";"58";"Acidente c";"284,399";"BR-393/RJ";"Crescente";"Engavetamento";2;0;0;0;1;0;0;0;0;0;2;1;0;0;0
"28/04/2021";"15:38:00";"46";"Acidente c";"252";"BR-393/RJ";"Decrescente";"Colisão c/ obstáculos";1;0;0;0;0;0;0;0;0;0;0;1;0;0;0
"29/04/2021";"06:46:00";"15";"Acidente c";"285,699";"BR-393/RJ";"Crescente";"Colisão com veículos (traseira)";1;0;0;1;0;0;0;0;0;0;2;1;0;0;0
"29/04/2021";"07:29:00";"17";"Acidente s";"284,699";"BR-393/RJ";"Crescente";"Colisão com veículos (traseira)";2;0;0;0;0;0;0;0;0;0;2;0;0;0;0
"29/04/2021";"18:38:00";"56";"Acidente c";"229,699";"BR-393/RJ";"Decrescente";"Colisão lateral no mesmo sentido";1;0;1;0;0;0;0;0;0;0;1;1;0;0;0
"29/04/2021";"18:59:00";"57";"Acidente s";"284,699";"BR-393/RJ";"Decrescente";"Colisão com veículos (traseira)";2;0;0;0;0;0;0;0;0;0;5;0;0;0;0
"30/04/2021";"02:49:00";"9";"Acidente s";"238";"BR-393/RJ";"Decrescente";"Atropelamento de animais";1;0;0;0;0;0;0;0;0;0;3;0;0;0;0
"01/05/2021";"23:22:00";"49";"Acidente s";"265";"BR-393/RJ";"Decrescente";"Colisão c/ obstáculos";0;0;2;0;0;0;0;0;0;0;2;0;0;0;0
"02/05/2021";"00:33:00";"1";"Acidente c";"179";"BR-393/RJ";"Decrescente";"Colisão lateral no sentido contrário";2;0;0;0;0;0;0;0;0;0;2;1;0;0;0
"02/05/2021";"07:15:00";"16";"Acidente c";"113";"BR-393/RJ";"Decrescente";"Colisão c/ obstáculos";1;0;0;0;0;0;0;0;0;0;0;2;0;0;0
"02/05/2021";"21:41:00";"53";"Acidente c";"282,1";"BR-393/RJ";"Decrescente";"Acidentes de outra natureza";1;0;0;1;0;0;0;0;0;0;1;1;0;0;0
"03/05/2021";"00:04:00";"1";"Acidente s";"217,5";"BR-393/RJ";"Decrescente";"Saídas de pista";1;0;0;0;0;0;0;0;0;0;1;0;0;0;0
"05/05/2021";"01:29:00";"5";"Acidente c";"123";"BR-393/RJ";"Decrescente";"Tombamento";0;0;1;0;0;0;0;0;0;0;0;1;0;0;0
"05/05/2021";"09:29:00";"26";"Acidente s";"285,299";"BR-393/RJ";"Crescente";"Engavetamento";3;0;0;0;0;0;0;0;0;0;3;0;0;0;0
"05/05/2021";"19:19:00";"58";"Acidente c";"234,9";"BR-393/RJ";"Crescente";"Acidentes de outra natureza";2;0;0;0;0;0;0;0;0;0;2;2;2;1;0
"05/05/2021";"19:44:00";"59";"Acidente c";"279,5";"BR-393/RJ";"Crescente";"Atropelamento de pedestre";0;1;0;1;0;0;0;0;0;0;1;1;0;0;0
"07/05/2021";"05:12:00";"16";"Acidente c";"261,9";"BR-393/RJ";"Crescente";"Colisão lateral no sentido contrário";2;0;0;0;0;0;0;0;0;0;2;1;0;0;0
"07/05/2021";"19:17:00";"50";"Acidente s";"187,199";"BR-393/RJ";"Crescente";"Atropelamento de animais";0;0;1;0;0;0;0;0;0;0;1;0;0;0;0
"08/05/2021";"03:34:00";"17";"Acidente s";"239,199";"BR-393/RJ";"Decrescente";"Saídas de pista";1;0;0;0;0;0;0;0;0;0;3;0;0;0;0
"08/05/2021";"06:31:00";"19";"Acidente c";"235,4";"BR-393/RJ";"Decrescente";"Atropelamento de pedestre";1;0;0;0;0;0;0;0;0;0;1;1;0;0;0
"08/05/2021";"16:42:00";"46";"Acidente s";"167,599";"BR-393/RJ";"Crescente";"Colisão lateral no mesmo sentido";1;0;1;0;0;0;0;0;0;0;3;0;0;0;0
"08/05/2021";"23:29:00";"54";"Acidente s";"281";"BR-393/RJ";"Crescente";"Colisão com veículos (traseira)";2;0;0;0;0;0;0;0;0;0;3;0;0;0;0
"09/05/2021";"21:26:00";"48";"Atropelame";"184,3";"BR-393/RJ";"Crescente";"Atropelamento de pedestre";0;1;1;0;0;0;0;0;0;0;1;0;1;0;0
"10/05/2021";"14:22:00";"44";"Acidente c";"111,5";"BR-393/RJ";"Decrescente";"Saídas de pista";1;0;0;0;0;0;0;0;0;0;0;5;0;0;0
"10/05/2021";"18:02:00";"60";"Acidente s";"270";"BR-393/RJ";"Decrescente";"Acidentes de outra natureza";1;0;1;0;0;0;0;0;0;1;7;0;0;0;0
"11/05/2021";"07:16:00";"21";"Acidente s";"180";"BR-393/RJ";"Crescente";"Colisão lateral no sentido contrário";0;0;2;0;0;0;0;0;0;0;2;0;0;0;0
"11/05/2021";"08:05:00";"27";"Acidente s";"159,199";"BR-393/RJ";"Decrescente";"Colisão c/ obstáculos";1;0;0;0;0;0;0;0;0;0;1;0;0;0;0
"11/05/2021";"12:03:00";"48";"Acidente s";"284,699";"BR-393/RJ";"Decrescente";"Colisão com veículos (traseira)";2;0;0;0;0;0;0;0;0;0;2;0;0;0;0
"11/05/2021";"15:36:00";"57";"Acidente s";"231,9";"BR-393/RJ";"Decrescente";"Acidentes de outra natureza";2;0;0;0;0;0;0;0;0;0;4;0;0;0;0
"12/05/2021";"07:05:00";"16";"Acidente c";"103,299";"BR-393/RJ";"Decrescente";"Acidentes de outra natureza";1;0;0;1;0;0;0;0;0;0;0;1;0;1;0
"12/05/2021";"15:05:00";"44";"Acidente c";"168,4";"BR-393/RJ";"Crescente";"Colisão c/ obstáculos";0;0;0;1;0;0;0;0;0;0;1;1;0;0;0
"13/05/2021";"04:51:00";"13";"Acidente c";"179,3";"BR-393/RJ";"Crescente";"Acidentes de outra natureza";0;0;0;1;0;0;0;0;0;0;0;0;1;0;0
"13/05/2021";"07:14:00";"15";"Acidente s";"284";"BR-393/RJ";"Crescente";"Colisão com veículos (traseira)";2;0;0;0;0;0;0;0;0;0;3;0;0;0;0
"13/05/2021";"08:13:00";"19";"Acidente c";"161";"BR-393/RJ";"Crescente";"Colisão com veículos (frontal)";1;0;1;0;0;0;0;0;0;0;0;1;0;0;1
"13/05/2021";"14:13:00";"41";"Acidente s";"250";"BR-393/RJ";"Decrescente";"Colisão c/ obstáculos";1;0;0;0;0;0;0;0;0;0;1;0;0;0;0
"14/05/2021";"15:29:00";"50";"Acidente c";"275";"BR-393/RJ";"Decrescente";"Colisão lateral no mesmo sentido";0;0;2;0;0;0;0;0;0;0;1;4;0;0;0
"16/05/2021";"17:17:00";"40";"Acidente c";"218,8";"BR-393/RJ";"Crescente";"Acidentes de outra natureza";0;0;0;1;0;0;0;0;0;0;0;2;0;0;0
"16/05/2021";"17:50:00";"43";"Acidente c";"253";"BR-393/RJ";"Crescente";"Colisão lateral no mesmo sentido";0;0;2;0;0;0;0;0;0;0;1;1;0;0;0
"17/05/2021";"22:48:00";"66";"Acidente s";"236,4";"BR-393/RJ";"Crescente";"Colisão com veículos (traseira)";2;0;0;0;0;0;0;0;0;0;7;0;0;0;0
"18/05/2021";"16:13:00";"42";"Acidente c";"178,4";"BR-393/RJ";"Decrescente";"Colisão c/ obstáculos";0;0;1;0;0;0;0;0;0;0;0;1;0;0;0
"18/05/2021";"17:48:00";"50";"Atropelame";"179,499";"BR-393/RJ";"Decrescente";"Atropelamento de pedestre";0;0;0;1;0;0;0;0;0;0;1;0;1;0;0
"18/05/2021";"18:38:00";"55";"Acidente c";"282,199";"BR-393/RJ";"Decrescente";"Acidentes de outra natureza";2;0;0;0;0;0;0;0;0;0;1;1;1;0;0
"19/05/2021";"16:17:00";"47";"Acidente c";"167,9";"BR-393/RJ";"Decrescente";"Engavetamento";2;0;2;0;0;0;0;0;0;0;10;2;0;0;0
"19/05/2021";"16:36:00";"50";"Acidente s";"236,699";"BR-393/RJ";"Crescente";"Acidentes de outra natureza";1;0;0;1;0;0;0;0;0;0;2;0;0;0;0
"20/05/2021";"01:49:00";"7";"Acidente s";"223,599";"BR-393/RJ";"Decrescente";"Colisão com veículos (traseira)";0;0;1;0;1;0;0;0;0;0;29;0;0;0;0
"21/05/2021";"18:38:00";"46";"Acidente s";"280";"BR-393/RJ";"Crescente";"Colisão com veículos (traseira)";2;0;0;0;0;0;0;0;0;0;4;0;0;0;0
"22/05/2021";"13:36:00";"31";"Atropelame";"169";"BR-393/RJ";"Decrescente";"Atropelamento de pedestre";0;1;1;0;0;0;0;0;0;0;0;1;0;0;1
"22/05/2021";"14:32:00";"35";"Acidente c";"285,8";"BR-393/RJ";"Decrescente";"Colisão lateral no mesmo sentido";1;0;0;0;1;0;0;0;0;0;1;1;0;0;0
"22/05/2021";"14:41:00";"36";"Acidente c";"285,699";"BR-393/RJ";"Decrescente";"Acidentes de outra natureza";1;0;0;1;0;0;0;0;0;0;3;0;0;0;1
"23/05/2021";"01:11:00";"1";"Acidente c";"171";"BR-393/RJ";"Crescente";"Colisão com veículos (traseira)";2;0;0;0;0;0;0;0;0;0;2;1;0;0;0
"23/05/2021";"18:01:00";"40";"Acidente c";"285,199";"BR-393/RJ";"Crescente";"Colisão com veículos (traseira)";2;0;0;0;0;0;0;0;0;0;2;2;0;0;0
"25/05/2021";"06:57:00";"19";"Acidente c";"258,004";"BR-393/RJ";"Crescente";"Tombamento";0;0;1;0;0;0;0;0;0;0;0;0;1;0;0
"25/05/2021";"14:23:00";"48";"Acidente c";"134,5";"BR-393/RJ";"Decrescente";"Colisão com veículos (traseira)";1;0;0;1;0;0;0;0;0;0;0;3;0;0;0
"27/05/2021";"07:15:00";"16";"Acidente c";"265";"BR-393/RJ";"Decrescente";"Colisão com veículos (traseira)";1;0;1;0;0;0;0;0;0;0;6;1;0;0;0
"27/05/2021";"09:04:00";"29";"Acidente s";"282";"BR-393/RJ";"Crescente";"Colisão com veículos (traseira)";2;0;0;0;0;0;0;0;0;0;5;0;0;0;0
"27/05/2021";"09:26:00";"33";"Acidente c";"224,5";"BR-393/RJ";"Crescente";"Colisão com veículos (frontal)";0;0;3;0;0;0;0;0;0;0;0;1;1;1;0
"27/05/2021";"18:49:00";"63";"Acidente s";"158,6";"BR-393/RJ";"Crescente";"Colisão com veículos (traseira)";1;0;0;0;0;0;0;0;0;1;10;0;0;0;0
"28/05/2021";"19:25:00";"65";"Acidente s";"282,199";"BR-393/RJ";"Decrescente";"Acidentes de outra natureza";1;0;0;1;0;0;0;0;0;0;3;0;0;0;0
"28/05/2021";"20:24:00";"69";"Acidente c";"180,9";"BR-393/RJ";"Decrescente";"Acidentes de outra natureza";0;0;0;1;0;0;0;0;0;0;0;1;1;0;0
"28/05/2021";"22:27:00";"74";"Acidente c";"280";"BR-393/RJ";"Crescente";"Atropelamento de pedestre";0;0;0;1;0;0;0;0;0;0;0;0;1;2;0
"29/05/2021";"00:57:00";"6";"Acidente s";"282,8";"BR-393/RJ";"Decrescente";"Capotamento";1;0;0;0;0;0;0;0;0;0;1;0;0;0;0
"30/05/2021";"02:38:00";"1";"Acidente c";"105,099";"BR-393/RJ";"Crescente";"Colisão com veículos (traseira)";1;0;0;1;0;0;0;0;0;0;1;0;1;0;1
"30/05/2021";"04:10:00";"11";"Acidente s";"236,699";"BR-393/RJ";"Decrescente";"Saídas de pista";1;0;0;0;0;0;0;0;0;0;1;0;0;0;0
"30/05/2021";"17:17:00";"30";"Acidente s";"133";"BR-393/RJ";"Crescente";"Colisão lateral no sentido contrário";1;0;1;0;0;0;0;0;0;0;2;0;0;0;0
"30/05/2021";"19:12:00";"38";"Acidente s";"285,7";"BR-393/RJ";"Crescente";"Colisão com veículos (traseira)";2;0;0;0;0;0;0;0;0;0;3;0;0;0;0
"30/05/2021";"19:45:00";"39";"Acidente c";"281,8";"BR-393/RJ";"Crescente";"Colisão com veículos (frontal)";1;0;0;0;0;0;0;0;0;1;0;2;0;0;0
"30/05/2021";"21:03:00";"41";"Acidente s";"136,3";"BR-393/RJ";"Decrescente";"Colisão c/ obstáculos";1;0;0;0;0;0;0;0;0;0;2;0;0;0;0
"31/05/2021";"09:10:00";"22";"Acidente c";"263,8";"BR-393/RJ";"Decrescente";"Capotamento";1;0;0;0;0;0;0;0;0;0;1;2;0;0;0
"31/05/2021";"09:57:00";"27";"Acidente s";"257,8";"BR-393/RJ";"Decrescente";"Colisão c/ obstáculos";1;0;0;0;0;0;0;0;0;0;1;0;0;0;0
"31/05/2021";"09:57:00";"29";"Acidente c";"257,899";"BR-393/RJ";"Crescente";"Saídas de pista";1;0;0;0;0;0;0;0;0;0;0;2;0;0;0
"31/05/2021";"11:05:00";"30";"Acidente s";"114,2";"BR-393/RJ";"Decrescente";"Colisão c/ obstáculos";1;0;0;0;0;0;0;0;0;0;1;0;0;0;0
"31/05/2021";"11:23:00";"32";"Acidente s";"129,9";"BR-393/RJ";"Decrescente";"Saídas de pista";1;0;0;0;0;0;0;0;0;0;2;0;0;0;0
"31/05/2021";"13:08:00";"39";"Acidente s";"157,4";"BR-393/RJ";"Decrescente";"Saídas de pista";1;0;0;0;0;0;0;0;0;0;1;0;0;0;0
"31/05/2021";"15:45:00";"47";"Acidente c";"283,699";"BR-393/RJ";"Crescente";"Acidentes de outra natureza";2;0;0;0;0;0;0;0;0;0;1;1;0;0;0
"31/05/2021";"19:20:00";"55";"Acidente c";"105,5";"BR-393/RJ";"Decrescente";"Colisão lateral no sentido contrário";1;0;1;0;0;0;0;0;0;0;1;2;0;0;0