data;horario;n_da_ocorrencia;tipo_de_ocorrencia;km;trecho;sentido;tipo_de_acidente;automovel;bicicleta;caminhao;moto;onibus;outros;tracao_animal;transporte_de_cargas_especiais;trator_maquinas;utilitarios;ilesos;levemente_feridos;moderadamente_feridos;gravemente_feridos;mortos
"17/08/2021";"11:54:00";"35";"Acidente s";"191,099";"BR-393/RJ";"Crescente";"Colisão lateral no mesmo sentido";2;0;0;0;0;0;0;0;0;0;3;0;0;0;0
"18/08/2021";"11:19:00";"32";"Acidente c";"106";"BR-393/RJ";"Crescente";"Colisão com veículos (traseira)";2;0;0;0;0;0;0;0;0;0;1;1;0;0;0
"19/08/2021";"07:08:00";"17";"Acidente c";"266";"BR-393/RJ";"Decrescente";"Tombamento";0;0;1;0;0;0;0;0;0;0;0;1;0;0;0
"20/08/2021";"14:48:00";"39";"Acidente c";"102,799";"BR-393/RJ";"Decrescente";"Acidentes de outra natureza";1;0;0;1;0;0;0;0;0;0;1;0;1;0;0
"21/08/2021";"02:42:00";"2";"Acidente c";"172,3";"BR-393/RJ";"Decrescente";"Capotamento";1;0;0;0;0;0;0;0;0;0;0;2;0;0;0
"21/08/2021";"16:38:00";"39";"Acidente c";"249";"BR-393/RJ";"Crescente";"Acidentes de outra natureza";2;0;0;0;0;0;0;0;0;0;1;1;0;0;0
"23/08/2021";"12:46:00";"34";"Acidente s";"162";"BR-393/RJ";"Crescente";"Tombamento";0;0;1;0;0;0;0;0;0;0;1;0;0;0;0
"23/08/2021";"15:55:00";"42";"Acidente s";"218";"BR-393/RJ";"Crescente";"Saídas de pista";1;0;0;0;0;0;0;0;0;0;1;0;0;0;0
"24/08/2021";"07:08:00";"21";"Acidente s";"155,599";"BR-393/RJ";"Crescente";"Engavetamento";3;0;0;0;0;0;0;0;0;0;6;0;0;0;0
"24/08/2021";"07:42:00";"23";"Acidente s";"169,3";"BR-393/RJ";"Decrescente";"Colisão com veículos (traseira)";2;0;0;0;0;0;0;0;0;0;2;0;0;0;0
"25/08/2021";"04:39:00";"13";"Acidente c";"231,199";"BR-393/RJ";"Crescente";"Tombamento";0;0;1;0;0;0;0;0;0;0;0;1;0;0;0
"25/08/2021";"14:01:00";"43";"Acidente s";"266";"BR-393/RJ";"Decrescente";"Colisão lateral no mesmo sentido";2;0;0;0;0;0;0;0;0;0;4;0;0;0;0
"27/08/2021";"00:28:00";"1";"Acidente c";"213";"BR-393/RJ";"Crescente";"Saídas de pista";0;0;1;0;0;0;0;0;0;0;0;0;1;0;0
"27/08/2021";"04:50:00";"15";"Acidente s";"212,1";"BR-393/RJ";"Crescente";"Colisão com veículos (traseira)";0;0;2;0;0;0;0;0;0;0;2;0;0;0;0
"27/08/2021";"16:35:00";"53";"Acidente c";"267,1";"BR-393/RJ";"Crescente";"Saídas de pista";1;0;0;0;0;0;0;0;0;0;0;1;0;0;0
"27/08/2021";"16:40:00";"54";"Acidente s";"222";"BR-393/RJ";"Crescente";"Colisão lateral no mesmo sentido";1;0;1;0;0;0;0;0;0;0;3;0;0;0;0
"28/08/2021";"11:02:00";"25";"Acidente c";"280,5";"BR-393/RJ";"Decrescente";"Atropelamento de pedestre";0;1;0;1;0;0;0;0;0;0;0;0;2;0;0
"30/08/2021";"00:31:00";"2";"Acidente c";"175,699";"BR-393/RJ";"Crescente";"Saídas de pista";1;0;0;0;0;0;0;0;0;0;0;2;0;0;0
"30/08/2021";"17:04:00";"46";"Acidente c";"257,8";"BR-393/RJ";"Crescente";"Colisão c/ obstáculos";1;0;0;0;0;0;0;0;0;0;0;1;0;0;0
"31/08/2021";"14:12:00";"32";"Acidente s";"151,6";"BR-393/RJ";"Crescente";"Colisão lateral no sentido contrário";0;0;2;0;0;0;0;0;0;0;2;0;0;0;0
"01/09/2021";"05:24:00";"14";"Acidente c";"201,5";"BR-393/RJ";"Crescente";"Tombamento";0;0;1;0;0;0;0;0;0;0;0;0;0;0;1
"01/09/2021";"09:51:00";"27";"Acidente c";"236,5";"BR-393/RJ";"Decrescente";"Acidentes de outra natureza";2;0;0;0;0;0;0;0;0;0;0;3;1;0;0
"01/09/2021";"17:01:00";"48";"Acidente c";"280,8";"BR-393/RJ";"Decrescente";"Acidentes de outra natureza";1;0;0;1;0;0;0;0;0;0;1;1;0;0;0
"02/09/2021";"00:23:00";"1";"Acidente s";"130,199";"BR-393/RJ";"Crescente";"Acidentes de outra natureza";1;0;1;0;0;0;0;0;0;1;5;0;0;0;0
"02/09/2021";"07:33:00";"19";"Acidente s";"267,5";"BR-393/RJ";"Decrescente";"Colisão c/ obstáculos";1;0;0;0;0;0;0;0;0;0;4;0;0;0;0
"03/09/2021";"13:12:00";"41";"Acidente s";"172";"BR-393/RJ";"Crescente";"Capotamento";1;0;0;0;0;0;0;0;0;0;1;0;0;0;0
"03/09/2021";"20:29:00";"67";"Acidente c";"266";"BR-393/RJ";"Crescente";"Colisão lateral no mesmo sentido";1;0;1;0;0;0;0;0;0;0;1;1;0;0;0
"05/09/2021";"00:55:00";"1";"Acidente c";"285,6";"BR-393/RJ";"Decrescente";"Colisão lateral no mesmo sentido";2;0;0;0;0;0;0;0;0;0;2;0;1;0;0
"05/09/2021";"14:02:00";"30";"Acidente c";"286";"BR-393/RJ";"Decrescente";"Acidentes de outra natureza";1;0;0;1;0;0;0;0;0;0;0;2;0;0;0
"05/09/2021";"17:13:00";"38";"Acidente c";"285,899";"BR-393/RJ";"Decrescente";"Colisão com veículos (traseira)";2;0;0;0;0;0;0;0;0;0;3;1;0;0;0
"06/09/2021";"09:51:00";"21";"Acidente c";"236";"BR-393/RJ";"Decrescente";"Colisão lateral no mesmo sentido";1;0;1;0;0;0;0;0;0;0;0;4;0;0;0
"06/09/2021";"16:03:00";"36";"Acidente s";"125";"BR-393/RJ";"Decrescente";"Colisão com veículos (traseira)";2;0;0;0;0;0;0;0;0;0;3;0;0;0;0
"06/09/2021";"22:03:00";"51";"Acidente c";"273,899";"BR-393/RJ";"Crescente";"Colisão com veículos (frontal)";2;0;0;0;0;0;0;0;0;0;1;2;0;1;0
"06/09/2021";"22:38:00";"53";"Acidente s";"255,7";"BR-393/RJ";"Crescente";"Acidentes de outra natureza";2;0;0;0;0;0;0;0;0;0;1;1;0;0;0
"06/09/2021";"22:55:00";"54";"Acidente s";"284";"BR-393/RJ";"Decrescente";"Tombamento";1;0;0;0;0;0;0;0;0;0;2;0;0;0;0
"07/09/2021";"21:55:00";"65";"Acidente c";"169,599";"BR-393/RJ";"Crescente";"Capotamento";1;0;0;0;0;0;0;0;0;0;0;2;0;0;0
"08/09/2021";"10:42:00";"36";"Acidente c";"286,1";"BR-393/RJ";"Crescente";"Colisão c/ obstáculos";1;0;0;0;0;0;0;0;0;0;0;1;0;0;0
"09/09/2021";"14:33:00";"43";"Acidente s";"282";"BR-393/RJ";"Crescente";"Engavetamento";3;0;0;0;0;0;0;0;0;0;3;0;0;0;0
"10/09/2021";"06:47:00";"16";"Acidente c";"258";"BR-393/RJ";"Crescente";"Colisão c/ obstáculos";1;0;0;0;0;0;0;0;0;0;0;0;1;0;0
"11/09/2021";"16:00:00";"31";"Acidente c";"257,8";"BR-393/RJ";"Decrescente";"Colisão lateral no sentido contrário";2;0;0;0;0;0;0;0;0;0;0;3;4;0;0
"11/09/2021";"20:15:00";"36";"Acidente c";"283,8";"BR-393/RJ";"Crescente";"Acidentes de outra natureza";1;0;0;1;0;0;0;0;0;0;2;1;0;0;0
"12/09/2021";"06:15:00";"13";"Acidente c";"242,2";"BR-393/RJ";"Decrescente";"Capotamento";1;0;0;0;0;0;0;0;0;0;0;1;0;0;0
"13/09/2021";"01:20:00";"3";"Acidente c";"283,399";"BR-393/RJ";"Crescente";"Capotamento";1;0;0;0;0;0;0;0;0;0;4;1;0;0;0
"14/09/2021";"17:42:00";"62";"Acidente s";"285,699";"BR-393/RJ";"Decrescente";"Engavetamento";3;0;0;0;0;0;0;0;0;0;3;0;0;0;0
"14/09/2021";"21:30:00";"69";"Acidente c";"103,799";"BR-393/RJ";"Decrescente";"Colisão lateral no mesmo sentido";0;0;1;1;0;0;0;0;0;0;1;0;1;0;0
"15/09/2021";"07:52:00";"27";"Acidente s";"134,9";"BR-393/RJ";"Decrescente";"Colisão com veículos (frontal)";1;0;1;0;0;0;0;0;0;0;1;0;1;0;0
"15/09/2021";"11:58:00";"52";"Acidente s";"187,001";"BR-393/RJ";"Crescente";"Colisão lateral no mesmo sentido";1;0;1;0;0;0;0;0;0;0;2;0;0;0;0
"15/09/2021";"17:53:00";"74";"Acidente s";"283,399";"BR-393/RJ";"Crescente";"Acidentes de outra natureza";2;0;0;0;0;0;0;0;0;0;2;0;0;0;0
"16/09/2021";"02:30:00";"7";"Acidente c";"235,4";"BR-393/RJ";"Crescente";"Acidentes de outra natureza";1;0;1;0;0;0;0;0;0;0;1;2;1;0;0
"16/09/2021";"09:07:00";"33";"Acidente c";"167,599";"BR-393/RJ";"Decrescente";"Acidentes de outra natureza";1;0;0;1;0;0;0;0;0;0;0;2;0;0;0
"16/09/2021";"14:58:00";"51";"Acidente c";"274";"BR-393/RJ";"Crescente";"Tombamento";0;0;3;0;0;0;0;0;0;0;1;0;2;0;0
"17/09/2021";"05:45:00";"14";"Acidente c";"184,4";"BR-393/RJ";"Crescente";"Saídas de pista";1;0;0;0;0;0;0;0;0;0;0;1;0;0;0
"17/09/2021";"14:05:00";"38";"Acidente s";"236,699";"BR-393/RJ";"Decrescente";"Colisão c/ obstáculos";0;0;1;0;0;0;0;0;0;0;1;0;0;0;0
"17/09/2021";"15:56:00";"45";"Atropelame";"274,6";"BR-393/RJ";"Crescente";"Atropelamento de pedestre";1;1;0;0;0;0;0;0;0;0;1;1;0;0;0
"17/09/2021";"17:46:00";"49";"Acidente c";"282";"BR-393/RJ";"Crescente";"Acidentes de outra natureza";0;0;0;1;0;0;0;0;0;0;0;0;1;0;0
"18/09/2021";"23:50:00";"49";"Acidente c";"104,4";"BR-393/RJ";"Crescente";"Acidentes de outra natureza";2;0;0;0;0;0;0;0;0;0;1;0;1;0;0
"19/09/2021";"01:39:00";"4";"Acidente c";"240";"BR-393/RJ";"Decrescente";"Saídas de pista";1;0;0;0;0;0;0;0;0;0;0;1;0;0;0
"19/09/2021";"12:03:00";"29";"Acidente c";"203";"BR-393/RJ";"Decrescente";"Acidentes de outra natureza";0;0;0;1;0;0;0;0;0;0;0;0;1;0;0
"19/09/2021";"21:15:00";"56";"Acidente c";"285,199";"BR-393/RJ";"Crescente";"Saídas de pista";0;0;0;1;0;0;0;0;0;1;0;1;1;0;0
"20/09/2021";"07:37:00";"16";"Acidente c";"266,3";"BR-393/RJ";"Decrescente";"Capotamento";1;0;0;0;0;0;0;0;0;0;0;1;0;0;0
"20/09/2021";"10:13:00";"29";"Acidente c";"254,5";"BR-393/RJ";"Decrescente";"Colisão com veículos (traseira)";1;0;0;1;0;0;0;0;0;0;1;0;1;0;0
"20/09/2021";"19:26:00";"52";"Acidente c";"283";"BR-393/RJ";"Crescente";"Engavetamento";3;0;0;0;0;0;0;0;0;0;2;1;1;0;0
"21/09/2021";"08:48:00";"21";"Acidente c";"167,599";"BR-393/RJ";"Crescente";"Acidentes de outra natureza";1;0;0;1;0;0;0;0;0;0;0;1;1;0;0
"22/09/2021";"12:23:00";"31";"Acidente c";"255,599";"BR-393/RJ";"Decrescente";"Colisão lateral no mesmo sentido";1;0;0;1;0;0;0;0;0;0;1;1;1;0;0
"24/09/2021";"18:24:00";"62";"Acidente c";"282,8";"BR-393/RJ";"Crescente";"Atropelamento de pedestre";1;0;0;0;0;0;0;0;0;0;1;0;1;0;0
"24/09/2021";"19:29:00";"65";"Acidente c";"145,8";"BR-393/RJ";"Decrescente";"Tombamento";0;0;2;0;0;0;0;0;0;0;1;1;0;0;0
"24/09/2021";"22:43:00";"69";"Acidente c";"229,8";"BR-393/RJ";"Decrescente";"Saídas de pista";1;0;0;0;0;0;0;0;0;0;0;1;0;0;0
"24/09/2021";"23:00:00";"70";"Acidente c";"182";"BR-393/RJ";"Decrescente";"Acidentes de outra natureza";0;0;0;1;0;0;0;0;0;0;0;1;0;0;0
"25/09/2021";"00:18:00";"2";"Acidente c";"237,1";"BR-393/RJ";"Crescente";"Colisão lateral no mesmo sentido";2;0;0;0;0;0;0;0;0;0;5;1;0;0;0
"25/09/2021";"06:05:00";"22";"Acidente c";"176,7";"BR-393/RJ";"Crescente";"Saídas de pista";1;0;0;0;0;0;0;0;0;0;0;1;0;0;0
"25/09/2021";"16:32:00";"52";"Acidente c";"177,6";"BR-393/RJ";"Decrescente";"Colisão com veículos (traseira)";2;0;0;0;0;0;0;0;0;0;5;5;0;0;0
"25/09/2021";"22:52:00";"62";"Acidente c";"131";"BR-393/RJ";"Crescente";"Saídas de pista";1;0;0;0;0;0;0;0;0;0;0;1;0;0;0
"26/09/2021";"10:00:00";"23";"Acidente c";"122";"BR-393/RJ";"Crescente";"Acidentes de outra natureza";0;0;0;1;0;0;0;0;0;0;0;1;1;0;0
"26/09/2021";"14:17:00";"41";"Acidente c";"266";"BR-393/RJ";"Crescente";"Colisão lateral no mesmo sentido";2;0;0;1;0;0;0;0;0;0;8;0;1;0;0
"26/09/2021";"16:41:00";"46";"Acidente c";"255";"BR-393/RJ";"Crescente";"Acidentes de outra natureza";2;0;0;0;0;0;0;0;0;0;4;1;0;0;0
"27/09/2021";"08:23:00";"30";"Acidente c";"176";"BR-393/RJ";"Decrescente";"Colisão com veículos (traseira)";1;0;0;1;0;0;0;0;0;0;2;0;1;0;0
"27/09/2021";"12:14:00";"53";"Acidente c";"169,9";"BR-393/RJ";"Crescente";"Tombamento";0;0;0;0;0;0;0;0;0;1;0;1;0;0;0
"28/09/2021";"18:31:00";"57";"Acidente c";"111";"BR-393/RJ";"Decrescente";"Colisão lateral no mesmo sentido";1;0;1;0;0;0;0;0;0;0;4;0;1;0;0
"29/09/2021";"07:19:00";"11";"Atropelame";"281,7";"BR-393/RJ";"Decrescente";"Atropelamento de pedestre";1;0;0;0;0;0;0;0;0;0;1;0;1;0;0
"29/09/2021";"15:45:00";"40";"Acidente c";"171,9";"BR-393/RJ";"Decrescente";"Colisão c/ obstáculos";1;0;0;0;0;0;0;0;0;0;0;2;0;0;0
"29/09/2021";"16:51:00";"46";"Acidente s";"107,2";"BR-393/RJ";"Crescente";"Colisão com veículos (traseira)";0;0;2;0;0;0;0;0;0;0;2;0;0;0;0
"30/09/2021";"01:41:00";"7";"Acidente s";"168,5";"BR-393/RJ";"Crescente";"Colisão c/ obstáculos";0;0;1;0;0;0;0;0;0;0;1;0;0;0;0
"01/10/2021";"14:53:00";"53";"Acidente c";"175,699";"BR-393/RJ";"Decrescente";"Colisão com veículos (traseira)";1;0;1;0;0;0;0;0;0;0;2;1;0;0;0
"01/10/2021";"18:54:00";"67";"Acidente c";"242,3";"BR-393/RJ";"Crescente";"Colisão com veículos (frontal)";2;0;1;0;0;0;0;0;0;0;0;4;1;2;0
"01/10/2021";"19:15:00";"68";"Acidente c";"238";"BR-393/RJ";"Crescente";"Acidentes de outra natureza";2;0;0;0;0;0;0;0;0;0;0;7;0;0;0
"01/10/2021";"23:15:00";"76";"Acidente c";"273,1";"BR-393/RJ";"Crescente";"Colisão com veículos (frontal)";1;0;1;0;0;0;0;0;0;0;0;1;0;0;1
"02/10/2021";"01:02:00";"4";"Acidente s";"246";"BR-393/RJ";"Crescente";"Saídas de pista";0;0;1;0;0;0;0;0;0;0;3;0;0;0;0
"02/10/2021";"21:23:00";"64";"Acidente c";"172,8";"BR-393/RJ";"Crescente";"Colisão com veículos (traseira)";2;0;0;0;0;0;0;0;0;0;6;2;0;0;0
"02/10/2021";"21:42:00";"65";"Acidente c";"105,2";"BR-393/RJ";"Crescente";"Colisão com veículos (traseira)";3;0;0;1;0;0;0;0;0;0;0;4;0;1;0
"03/10/2021";"21:42:00";"63";"Acidente s";"265";"BR-393/RJ";"Decrescente";"Colisão lateral no mesmo sentido";1;0;1;0;0;0;0;0;0;0;3;0;0;0;0
"04/10/2021";"16:08:00";"52";"Acidente c";"103";"BR-393/RJ";"Crescente";"Engavetamento";1;0;2;0;0;0;0;0;0;0;0;3;1;0;0
"05/10/2021";"16:42:00";"59";"Acidente s";"125,7";"BR-393/RJ";"Decrescente";"Colisão com veículos (traseira)";1;0;1;0;0;0;0;0;0;0;2;0;0;0;0
"07/10/2021";"07:29:00";"18";"Acidente s";"175,646";"BR-393/RJ";"Crescente";"Saídas de pista";1;0;0;0;0;0;0;0;0;0;1;0;0;0;0
"07/10/2021";"15:30:00";"50";"Acidente c";"123,099";"BR-393/RJ";"Crescente";"Acidentes de outra natureza";0;0;0;1;0;0;0;0;0;0;0;1;0;0;0
"08/10/2021";"05:53:00";"16";"Acidente s";"190";"BR-393/RJ";"Crescente";"Atropelamento de animais";0;0;0;1;0;0;0;0;0;0;1;0;0;0;0
"08/10/2021";"06:08:00";"18";"Acidente c";"259,199";"BR-393/RJ";"Crescente";"Colisão com veículos (frontal)";1;0;0;0;0;0;0;0;0;1;0;0;2;0;0
"08/10/2021";"21:41:00";"64";"Acidente s";"247,5";"BR-393/RJ";"Crescente";"Atropelamento de animais";1;0;0;0;0;0;0;0;0;0;0;1;0;0;0
"09/10/2021";"09:23:00";"22";"Acidente s";"230,799";"BR-393/RJ";"Decrescente";"Colisão lateral no mesmo sentido";2;0;0;0;0;0;0;0;0;0;2;0;0;0;0
"09/10/2021";"09:36:00";"24";"Acidente s";"131";"BR-393/RJ";"Crescente";"Acidentes de outra natureza";1;0;0;1;0;0;0;0;0;0;4;0;0;0;0
"09/10/2021";"09:41:00";"28";"Acidente c";"131";"BR-393/RJ";"Crescente";"Acidentes de outra natureza";0;0;0;1;0;0;0;0;0;0;0;1;0;0;0
"09/10/2021";"09:41:00";"27";"Acidente s";"131";"BR-393/RJ";"Crescente";"Acidentes de outra natureza";0;0;0;1;0;0;0;0;0;0;1;0;0;0;0
"09/10/2021";"14:04:00";"41";"Acidente s";"274,5";"BR-393/RJ";"Crescente";"Saídas de pista";1;0;0;0;0;0;0;0;0;0;3;0;0;0;0
"10/10/2021";"02:58:00";"4";"Acidente s";"239,5";"BR-393/RJ";"Decrescente";"Saídas de pista";1;0;0;0;0;0;0;0;0;0;2;0;0;0;0
"10/10/2021";"04:08:00";"7";"Acidente s";"253,9";"BR-393/RJ";"Decrescente";"Saídas de pista";1;0;0;0;0;0;0;0;0;0;6;0;0;0;0
"10/10/2021";"06:23:00";"20";"Acidente c";"257,8";"BR-393/RJ";"Decrescente";"Colisão c/ obstáculos";1;0;0;0;0;0;0;0;0;0;0;2;0;0;0
"10/10/2021";"17:43:00";"39";"Acidente c";"283,199";"BR-393/RJ";"Crescente";"Acidentes de outra natureza";0;0;0;1;0;0;0;0;0;0;1;0;1;0;0
"10/10/2021";"18:29:00";"41";"Acidente s";"177";"BR-393/RJ";"Crescente";"Colisão com veículos (traseira)";2;0;0;0;0;0;0;0;0;0;2;0;0;0;0
"11/10/2021";"09:23:00";"24";"Acidente c";"251";"BR-393/RJ";"Crescente";"Colisão com veículos (traseira)";2;0;0;0;0;0;0;0;0;0;1;1;0;0;0
"11/10/2021";"10:48:00";"32";"Acidente c";"257,8";"BR-393/RJ";"Crescente";"Colisão c/ obstáculos";1;0;0;0;0;0;0;0;0;0;0;1;0;0;0
"11/10/2021";"11:20:00";"34";"Acidente c";"218,6";"BR-393/RJ";"Crescente";"Saídas de pista";1;0;0;0;0;0;0;0;0;0;0;1;0;0;0
"11/10/2021";"14:32:00";"43";"Acidente c";"257,899";"BR-393/RJ";"Crescente";"Colisão c/ obstáculos";1;0;0;0;0;0;0;0;0;0;0;1;0;0;0
"13/10/2021";"14:55:00";"43";"Acidente s";"232,199";"BR-393/RJ";"Crescente";"Colisão com veículos (traseira)";1;0;0;0;0;0;0;0;0;1;7;0;0;0;0
"16/10/2021";"22:29:00";"55";"Acidente c";"213";"BR-393/RJ";"Crescente";"Saídas de pista";0;0;1;0;0;0;0;0;0;0;0;1;0;0;0
"17/10/2021";"11:29:00";"29";"Acidente c";"212,301";"BR-393/RJ";"Crescente";"Acidentes de outra natureza";0;0;0;1;0;0;0;0;0;0;0;1;0;0;0
"17/10/2021";"18:57:00";"54";"Acidente s";"266";"BR-393/RJ";"Decrescente";"Colisão lateral no mesmo sentido";1;0;0;0;0;0;0;0;0;1;4;0;0;0;0
"18/10/2021";"14:43:00";"53";"Acidente c";"226";"BR-393/RJ";"Crescente";"Tombamento";0;0;1;0;0;0;0;0;0;0;0;1;0;0;0
"18/10/2021";"17:09:00";"56";"Acidente s";"181";"BR-393/RJ";"Crescente";"Saídas de pista";1;0;0;0;0;0;0;0;0;0;1;0;0;0;0
"18/10/2021";"17:22:00";"57";"Acidente c";"284,3";"BR-393/RJ";"Crescente";"Colisão com veículos (traseira)";2;0;0;0;0;0;0;0;0;0;0;2;0;0;0
"18/10/2021";"17:44:00";"58";"Acidente c";"198";"BR-393/RJ";"Crescente";"Capotamento";1;0;0;0;0;0;0;0;0;0;0;0;2;0;0
"19/10/2021";"02:48:00";"13";"Acidente s";"263,4";"BR-393/RJ";"Crescente";"Atropelamento de animais";0;0;1;0;0;0;0;0;0;0;1;0;0;0;0
"19/10/2021";"18:22:00";"63";"Acidente s";"285,3";"BR-393/RJ";"Decrescente";"Colisão com veículos (traseira)";2;0;0;0;0;0;0;0;0;0;3;0;0;0;0
"20/10/2021";"03:34:00";"11";"Acidente c";"197,5";"BR-393/RJ";"Crescente";"Colisão c/ obstáculos";0;0;1;0;0;0;0;0;0;0;0;1;0;0;0
"20/10/2021";"12:04:00";"32";"Acidente c";"281";"BR-393/RJ";"Decrescente";"Acidentes de outra natureza";1;0;0;1;0;0;0;0;0;0;1;0;1;0;0
"21/10/2021";"05:27:00";"16";"Acidente s";"249,1";"BR-393/RJ";"Crescente";"Colisão lateral no sentido contrário";1;0;1;0;0;0;0;0;0;0;3;0;0;0;0
"24/10/2021";"11:46:00";"35";"Acidente s";"274";"BR-393/RJ";"Crescente";"Saídas de pista";1;0;0;0;0;0;0;0;0;0;5;0;0;0;0
"24/10/2021";"12:18:00";"36";"Acidente c";"136,5";"BR-393/RJ";"Crescente";"Colisão com veículos (frontal)";1;0;1;0;0;0;0;0;0;0;0;1;1;1;0
"26/10/2021";"07:54:00";"24";"Acidente c";"282";"BR-393/RJ";"Crescente";"Engavetamento";1;0;1;0;0;0;0;0;0;1;1;4;0;0;0
"26/10/2021";"17:15:00";"70";"Acidente s";"162,099";"BR-393/RJ";"Decrescente";"Saídas de pista";1;0;0;0;0;0;0;0;0;0;1;0;0;0;0
"27/10/2021";"14:54:00";"50";"Atropelame";"218,6";"BR-393/RJ";"Crescente";"Atropelamento de pedestre";0;0;1;0;0;0;0;0;0;0;0;1;0;1;0
"29/10/2021";"06:14:00";"15";"Acidente s";"239,3";"BR-393/RJ";"Decrescente";"Saídas de pista";1;0;0;0;0;0;0;0;0;0;2;0;0;0;0
"29/10/2021";"13:46:00";"41";"Acidente s";"124";"BR-393/RJ";"Crescente";"Colisão com veículos (traseira)";1;0;1;0;0;0;0;0;0;0;5;0;0;0;0
"29/10/2021";"21:00:00";"62";"Acidente c";"283,8";"BR-393/RJ";"Crescente";"Colisão com veículos (traseira)";2;0;0;1;0;0;0;0;0;0;3;0;0;1;0
"29/10/2021";"21:56:00";"63";"Acidente c";"283,5";"BR-393/RJ";"Crescente";"Colisão com veículos (traseira)";1;0;0;1;0;0;0;0;0;0;1;1;0;0;0
"30/10/2021";"13:02:00";"38";"Acidente s";"250,9";"BR-393/RJ";"Decrescente";"Colisão com veículos (traseira)";1;0;1;0;0;0;0;0;0;0;3;0;0;0;0
"31/10/2021";"02:16:00";"8";"Acidente c";"172,2";"BR-393/RJ";"Crescente";"Colisão c/ obstáculos";0;0;1;0;0;0;0;0;0;0;0;1;0;0;1
"31/10/2021";"19:01:00";"41";"Acidente s";"284";"BR-393/RJ";"Crescente";"Saídas de pista";1;0;0;0;0;0;0;0;0;0;2;0;0;0;0
"01/11/2021";"08:16:00";"18";"Acidente c";"151,8";"BR-393/RJ";"Crescente";"Tombamento";0;0;1;0;0;0;0;0;0;0;0;1;0;0;0
"01/11/2021";"12:06:00";"25";"Acidente c";"161,9";"BR-393/RJ";"Decrescente";"Colisão c/ obstáculos";1;0;0;0;0;0;0;0;0;0;0;2;0;0;0
"01/11/2021";"19:33:00";"67";"Acidente s";"179,8";"BR-393/RJ";"Crescente";"Saídas de pista";1;0;0;0;0;0;0;0;0;0;1;0;0;0;0
"02/11/2021";"06:38:00";"37";"Acidente c";"168,2";"BR-393/RJ";"Decrescente";"Colisão lateral no mesmo sentido";0;0;0;1;0;0;0;0;0;1;1;1;0;0;0
"02/11/2021";"16:25:00";"69";"Acidente c";"200,199";"BR-393/RJ";"Decrescente";"Acidentes de outra natureza";1;0;1;0;0;0;0;0;0;0;2;1;0;0;0
"02/11/2021";"18:31:00";"80";"Acidente c";"279";"BR-393/RJ";"Crescente";"Acidentes de outra natureza";0;0;0;1;0;0;0;0;0;0;0;0;1;0;0
"03/11/2021";"20:45:00";"62";"Acidente s";"281,3";"BR-393/RJ";"Crescente";"Colisão lateral no mesmo sentido";3;0;0;0;0;0;0;0;0;0;6;0;0;0;0
"05/11/2021";"12:15:00";"38";"Acidente c";"261,901";"BR-393/RJ";"Crescente";"Capotamento";1;0;0;0;0;0;0;0;0;0;0;2;0;0;0
"05/11/2021";"21:51:00";"63";"Acidente c";"239,6";"BR-393/RJ";"Crescente";"Colisão lateral no sentido contrário";1;0;1;0;0;0;0;0;0;0;1;2;0;0;0
"06/11/2021";"00:04:00";"1";"Atropelame";"141,5";"BR-393/RJ";"Decrescente";"Atropelamento de pedestre";0;1;1;0;0;0;0;0;0;0;1;0;0;0;1
"06/11/2021";"10:08:00";"26";"Acidente c";"147,599";"BR-393/RJ";"Decrescente";"Colisão c/ obstáculos";0;0;1;0;0;0;0;0;0;0;0;1;0;0;0
"06/11/2021";"12:30:00";"31";"Atropelame";"265,899";"BR-393/RJ";"Decrescente";"Atropelamento de pedestre";1;1;0;0;0;0;0;0;0;0;1;0;1;0;0
"07/11/2021";"11:59:00";"30";"Acidente c";"223,5";"BR-393/RJ";"Decrescente";"Colisão com veículos (frontal)";1;0;1;0;0;0;0;0;0;0;0;0;2;1;0
"07/11/2021";"11:59:00";"33";"Acidente s";"222,5";"BR-393/RJ";"Decrescente";"Colisão com veículos (traseira)";1;0;1;0;0;0;0;0;0;0;2;0;0;0;0
"07/11/2021";"19:47:00";"42";"Acidente c";"134,4";"BR-393/RJ";"Crescente";"Colisão lateral no sentido contrário";1;0;1;0;0;0;0;0;0;0;1;0;2;0;0
"08/11/2021";"02:48:00";"7";"Acidente s";"217";"BR-393/RJ";"Decrescente";"Colisão c/ obstáculos";1;0;0;0;0;0;0;0;0;0;3;0;0;0;0