data;horario;n_da_ocorrencia;tipo_de_ocorrencia;km;trecho;sentido;tipo_de_acidente;automovel;bicicleta;caminhao;moto;onibus;outros;tracao_animal;transporte_de_cargas_especiais;trator_maquinas;utilitarios;ilesos;levemente_feridos;moderadamente_feridos;gravemente_feridos;mortos
"01/02/2023";"10:14:00";"48";"Acidente s";"284,3";"BR-393/RJ";"Crescente";"Colisão com veículos (traseira)";1;0;1;0;0;0;0;0;0;0;5;0;0;0;0
"01/02/2023";"10:57:00";"54";"Acidente c";"106";"BR-393/RJ";"Crescente";"Colisão com veículos (traseira)";1;0;0;1;0;0;0;0;0;0;1;0;1;0;0
"01/02/2023";"12:20:00";"63";"Acidente s";"247,9";"BR-393/RJ";"Crescente";"Colisão com veículos (traseira)";1;0;0;0;0;0;0;0;0;1;3;0;0;0;0
"01/02/2023";"17:37:00";"79";"Acidente c";"279,899";"BR-393/RJ";"Decrescente";"Acidentes de outra natureza";1;0;0;1;0;0;0;0;0;0;2;0;0;1;0
"02/02/2023";"08:44:00";"30";"Acidente c";"238";"BR-393/RJ";"Crescente";"Acidentes de outra natureza";2;0;0;0;0;0;0;0;0;0;1;0;1;0;0
"03/02/2023";"16:27:00";"47";"Acidente c";"162,5";"BR-393/RJ";"Crescente";"Colisão lateral no sentido contrário";2;0;0;0;0;0;0;0;0;0;0;2;0;0;0
"04/02/2023";"00:23:00";"1";"Acidente c";"285,199";"BR-393/RJ";"Crescente";"Colisão c/ obstáculos";1;0;0;0;0;0;0;0;0;0;0;1;0;0;0
"04/02/2023";"02:01:00";"3";"Acidente s";"172,3";"BR-393/RJ";"Decrescente";"Saídas de pista";1;0;0;0;0;0;0;0;0;0;1;0;0;0;0
"04/02/2023";"14:28:00";"39";"Acidente c";"169";"BR-393/RJ";"Crescente";"Colisão lateral no mesmo sentido";1;0;0;1;0;0;0;0;0;0;1;0;0;1;0
"04/02/2023";"14:55:00";"40";"Acidente s";"265";"BR-393/RJ";"Decrescente";"Colisão com veículos (traseira)";1;0;1;0;0;0;0;0;0;0;6;0;0;0;0
"04/02/2023";"21:00:00";"59";"Acidente s";"280,1";"BR-393/RJ";"Decrescente";"Colisão com veículos (traseira)";3;0;0;0;0;0;0;0;0;0;5;0;0;0;0
"06/02/2023";"06:43:00";"23";"Acidente c";"274,8";"BR-393/RJ";"Decrescente";"Saídas de pista";0;0;1;0;0;0;0;0;0;0;1;0;1;0;0
"06/02/2023";"15:51:00";"52";"Acidente c";"171,5";"BR-393/RJ";"Decrescente";"Acidentes de outra natureza";2;0;0;0;0;0;0;0;0;0;3;1;0;0;0
"06/02/2023";"16:07:00";"54";"Acidente c";"134,099";"BR-393/RJ";"Crescente";"Colisão lateral no mesmo sentido";1;0;0;1;0;0;0;0;0;0;2;0;0;1;0
"06/02/2023";"17:30:00";"59";"Acidente c";"184";"BR-393/RJ";"Decrescente";"Colisão lateral no mesmo sentido";0;0;1;1;0;0;0;0;0;0;2;1;0;0;0
"08/02/2023";"17:41:00";"61";"Atropelame";"153,699";"BR-393/RJ";"Crescente";"Atropelamento de pedestre";0;0;1;0;0;0;0;0;0;0;0;1;0;0;1
"10/02/2023";"14:04:00";"49";"Acidente s";"159,199";"BR-393/RJ";"Decrescente";"Acidentes de outra natureza";2;0;0;0;0;0;0;0;0;0;3;0;0;0;0
"10/02/2023";"21:17:00";"73";"Acidente c";"236,8";"BR-393/RJ";"Crescente";"Acidentes de outra natureza";2;0;0;0;0;0;0;0;0;0;1;0;1;0;0
"10/02/2023";"21:36:00";"75";"Acidente c";"141,8";"BR-393/RJ";"Crescente";"Colisão com veículos (traseira)";1;0;1;0;0;0;0;0;0;0;1;1;0;0;0
"10/02/2023";"22:20:00";"76";"Acidente c";"200,199";"BR-393/RJ";"Crescente";"Acidentes de outra natureza";1;0;1;0;0;0;0;0;0;0;0;1;0;2;0
"11/02/2023";"13:49:00";"44";"Acidente s";"285,3";"BR-393/RJ";"Crescente";"Colisão lateral no mesmo sentido";2;0;0;0;0;0;0;0;0;0;3;0;0;0;0
"12/02/2023";"05:38:00";"15";"Acidente s";"208,8";"BR-393/RJ";"Crescente";"Saídas de pista";1;0;0;0;0;0;0;0;0;0;1;0;0;0;0
"13/02/2023";"19:46:00";"54";"Acidente c";"252,099";"BR-393/RJ";"Crescente";"Colisão com veículos (traseira)";2;0;0;0;0;0;0;0;0;0;2;0;1;0;0
"14/02/2023";"11:01:00";"34";"Acidente c";"254,599";"BR-393/RJ";"Decrescente";"Colisão c/ obstáculos";1;0;0;0;0;0;0;0;0;0;0;0;1;0;0
"15/02/2023";"11:21:00";"41";"Acidente s";"168,9";"BR-393/RJ";"Crescente";"Acidentes de outra natureza";1;0;1;0;0;0;0;0;0;0;4;0;0;0;0
"17/02/2023";"05:22:00";"18";"Acidente c";"176";"BR-393/RJ";"Decrescente";"Engavetamento";0;0;2;1;0;0;0;0;0;0;0;3;1;0;0
"17/02/2023";"07:54:00";"28";"Acidente s";"176,001";"BR-393/RJ";"Decrescente";"Colisão com veículos (traseira)";2;0;0;0;0;0;0;0;0;0;2;0;0;0;0
"17/02/2023";"11:45:00";"51";"Acidente s";"282,399";"BR-393/RJ";"Decrescente";"Colisão com veículos (traseira)";0;0;1;0;0;0;0;0;0;1;3;0;0;0;0
"17/02/2023";"12:09:00";"53";"Acidente c";"136";"BR-393/RJ";"Crescente";"Acidentes de outra natureza";1;0;0;1;0;0;0;0;0;0;1;1;0;0;0
"17/02/2023";"17:06:00";"77";"Acidente c";"135,9";"BR-393/RJ";"Decrescente";"Colisão com veículos (traseira)";1;0;1;0;0;0;0;0;0;0;2;2;0;0;0
"18/02/2023";"11:24:00";"45";"Acidente c";"224,099";"BR-393/RJ";"Decrescente";"Acidentes de outra natureza";2;0;0;0;0;0;0;0;0;0;0;3;2;0;0
"19/02/2023";"04:16:00";"13";"Acidente c";"168,5";"BR-393/RJ";"Decrescente";"Colisão c/ obstáculos";1;0;0;0;0;0;0;0;0;0;0;1;0;0;0
"19/02/2023";"04:56:00";"14";"Acidente c";"183";"BR-393/RJ";"Crescente";"Colisão c/ obstáculos";1;0;0;0;0;0;0;0;0;0;0;1;0;0;0
"19/02/2023";"14:23:00";"35";"Acidente c";"220,1";"BR-393/RJ";"Crescente";"Colisão c/ obstáculos";0;0;0;1;0;0;0;0;0;0;0;0;0;0;1
"19/02/2023";"22:14:00";"54";"Acidente s";"239,3";"BR-393/RJ";"Decrescente";"Capotamento";1;0;0;0;0;0;0;0;0;0;2;0;0;0;0
"20/02/2023";"02:37:00";"7";"Acidente s";"136,199";"BR-393/RJ";"Crescente";"Saídas de pista";1;0;0;0;0;0;0;0;0;0;1;0;0;0;0
"21/02/2023";"10:07:00";"20";"Acidente c";"143,8";"BR-393/RJ";"Decrescente";"Acidentes de outra natureza";0;0;0;1;0;0;0;0;0;0;0;0;1;0;0
"21/02/2023";"15:37:00";"40";"Acidente c";"164";"BR-393/RJ";"Crescente";"Saídas de pista";1;0;0;0;0;0;0;0;0;0;3;0;1;0;0
"22/02/2023";"01:47:00";"13";"Acidente c";"114";"BR-393/RJ";"Crescente";"Colisão c/ obstáculos";1;0;0;0;0;0;0;0;0;0;0;1;0;0;0
"22/02/2023";"16:35:00";"63";"Acidente c";"235,099";"BR-393/RJ";"Crescente";"Acidentes de outra natureza";1;0;1;0;0;0;0;0;0;0;4;0;1;0;0
"23/02/2023";"08:14:00";"20";"Acidente c";"239,8";"BR-393/RJ";"Crescente";"Capotamento";1;0;0;0;0;0;0;0;0;0;0;0;0;1;0
"23/02/2023";"19:15:00";"68";"Acidente c";"2";"Alça Sul";"Crescente";"Colisão lateral no mesmo sentido";0;0;1;1;0;0;0;0;0;0;1;0;1;0;0
"25/02/2023";"16:36:00";"45";"Acidente s";"241";"BR-393/RJ";"Decrescente";"Colisão c/ obstáculos";0;0;1;0;0;0;0;0;0;0;1;0;0;0;0
"26/02/2023";"20:53:00";"55";"Acidente c";"259";"BR-393/RJ";"Decrescente";"Colisão c/ obstáculos";1;0;0;0;0;0;0;0;0;0;2;0;1;0;0
"27/02/2023";"06:31:00";"13";"Acidente s";"258,5";"BR-393/RJ";"Decrescente";"Saídas de pista";1;0;0;0;0;0;0;0;0;0;2;0;0;0;0
"27/02/2023";"11:52:00";"34";"Acidente c";"182,4";"BR-393/RJ";"Decrescente";"Acidentes de outra natureza";1;0;1;0;0;0;0;0;0;0;0;1;1;0;0
"27/02/2023";"14:59:00";"40";"Acidente s";"265";"BR-393/RJ";"Decrescente";"Colisão com veículos (traseira)";1;0;1;0;0;0;0;0;0;0;2;0;0;0;0
"28/02/2023";"10:18:00";"17";"Acidente c";"279,899";"BR-393/RJ";"Decrescente";"Acidentes de outra natureza";1;0;0;1;0;0;0;0;0;0;2;0;1;0;0
"28/02/2023";"17:18:00";"38";"Acidente s";"284";"BR-393/RJ";"Decrescente";"Colisão lateral no mesmo sentido";0;1;0;1;0;0;0;0;0;0;2;0;0;0;0
"28/02/2023";"21:04:00";"46";"Acidente c";"285";"BR-393/RJ";"Decrescente";"Acidentes de outra natureza";2;0;0;0;0;0;0;0;0;0;2;1;0;0;0
"28/02/2023";"23:33:00";"52";"Acidente c";"137";"BR-393/RJ";"Decrescente";"Colisão com veículos (traseira)";0;0;1;1;0;0;0;0;0;0;1;0;1;0;0
"01/03/2023";"07:55:00";"18";"Acidente s";"195";"BR-393/RJ";"Decrescente";"Colisão com veículos (traseira)";0;0;2;0;0;0;0;0;0;0;2;0;0;0;0
"02/03/2023";"09:35:00";"35";"Acidente c";"133,099";"BR-393/RJ";"Crescente";"Colisão com veículos (traseira)";1;0;0;1;0;0;0;0;0;0;1;1;0;0;0
"02/03/2023";"12:37:00";"48";"Acidente s";"282,9";"BR-393/RJ";"Decrescente";"Colisão lateral no mesmo sentido";3;0;0;0;0;0;0;0;0;0;5;2;0;0;0
"02/03/2023";"21:22:00";"73";"Acidente c";"137,7";"BR-393/RJ";"Decrescente";"Colisão com veículos (traseira)";0;0;0;2;0;0;0;0;0;0;0;1;0;0;1
"03/03/2023";"08:43:00";"20";"Acidente c";"0,1";"Alça Sul";"Crescente";"Acidentes de outra natureza";1;0;0;1;0;0;0;0;0;0;1;0;1;0;0
"03/03/2023";"15:39:00";"52";"Acidente c";"286,4";"BR-393/RJ";"Decrescente";"Acidentes de outra natureza";1;0;0;1;0;0;0;0;0;0;1;1;0;0;0
"03/03/2023";"23:41:00";"75";"Acidente c";"281,1";"BR-393/RJ";"Crescente";"Acidentes de outra natureza";0;0;0;1;0;0;0;0;0;0;0;0;1;0;0
"04/03/2023";"18:34:00";"63";"Acidente c";"171,599";"BR-393/RJ";"Crescente";"Acidentes de outra natureza";0;0;0;1;0;0;0;0;0;0;0;0;1;0;0
"05/03/2023";"15:58:00";"41";"Acidente c";"161,9";"BR-393/RJ";"Decrescente";"Colisão c/ obstáculos";1;0;0;0;0;0;0;0;0;0;0;5;0;0;0
"05/03/2023";"18:35:00";"52";"Acidente c";"282";"BR-393/RJ";"Decrescente";"Colisão com veículos (traseira)";1;0;0;1;0;0;0;0;0;0;5;1;0;0;0
"05/03/2023";"19:02:00";"55";"Acidente s";"108";"BR-393/RJ";"Decrescente";"Colisão lateral no mesmo sentido";0;0;1;0;1;0;0;0;0;0;2;0;0;0;0
"05/03/2023";"23:56:00";"64";"Acidente c";"283,399";"BR-393/RJ";"Crescente";"Acidentes de outra natureza";1;0;0;1;0;0;0;0;0;0;1;2;0;0;0
"07/03/2023";"08:55:00";"27";"Acidente c";"177,699";"BR-393/RJ";"Decrescente";"Colisão com veículos (frontal)";1;0;0;1;0;0;0;0;0;0;0;1;0;1;0
"07/03/2023";"16:30:00";"55";"Acidente c";"137,9";"BR-393/RJ";"Decrescente";"Colisão c/ obstáculos";1;0;0;0;0;0;0;0;0;0;0;1;0;0;0
"07/03/2023";"18:43:00";"61";"Acidente c";"236,5";"BR-393/RJ";"Decrescente";"Acidentes de outra natureza";1;0;0;1;0;0;0;0;0;0;2;0;1;0;0
"08/03/2023";"13:18:00";"47";"Acidente c";"191,599";"BR-393/RJ";"Decrescente";"Saídas de pista";1;0;0;0;0;0;0;0;0;0;2;1;0;0;0
"08/03/2023";"14:58:00";"49";"Acidente s";"244,599";"BR-393/RJ";"Decrescente";"Colisão lateral no mesmo sentido";0;0;1;0;0;0;0;0;0;1;2;0;0;0;0
"09/03/2023";"12:27:00";"58";"Acidente s";"155,699";"BR-393/RJ";"Crescente";"Saídas de pista";0;0;1;0;0;0;0;0;0;0;1;0;0;0;0
"09/03/2023";"14:05:00";"61";"Acidente s";"258,3";"BR-393/RJ";"Crescente";"Colisão com veículos (traseira)";1;0;0;0;1;0;0;0;0;0;3;0;0;0;0
"09/03/2023";"15:52:00";"71";"Acidente s";"280";"BR-393/RJ";"Crescente";"Colisão com veículos (traseira)";1;0;1;0;0;0;0;0;0;0;5;0;0;0;0
"09/03/2023";"17:30:00";"77";"Acidente s";"105,9";"BR-393/RJ";"Crescente";"Colisão lateral no sentido contrário";2;0;0;0;0;0;0;0;0;0;4;0;0;0;0
"10/03/2023";"08:37:00";"31";"Acidente c";"169,699";"BR-393/RJ";"Crescente";"Tombamento";0;0;1;0;0;0;0;0;0;0;0;1;0;0;0
"10/03/2023";"21:03:00";"78";"Acidente c";"106,7";"BR-393/RJ";"Crescente";"Colisão lateral no mesmo sentido";1;0;0;1;0;0;0;0;0;0;1;0;1;0;0
"11/03/2023";"06:49:00";"18";"Acidente c";"264";"BR-393/RJ";"Decrescente";"Colisão lateral no sentido contrário";1;0;1;0;0;0;0;0;0;0;1;2;0;0;0
"11/03/2023";"07:14:00";"20";"Acidente c";"274,7";"BR-393/RJ";"Crescente";"Saídas de pista";1;0;0;0;0;0;0;0;0;0;6;0;1;0;0
"11/03/2023";"14:51:00";"54";"Acidente s";"281,199";"BR-393/RJ";"Decrescente";"Colisão com veículos (traseira)";1;0;1;0;0;0;0;0;0;0;2;0;0;0;0
"12/03/2023";"17:55:00";"52";"Acidente c";"239,199";"BR-393/RJ";"Decrescente";"Capotamento";1;0;0;0;0;0;0;0;0;0;0;1;0;0;0
"14/03/2023";"14:22:00";"50";"Acidente c";"239,9";"BR-393/RJ";"Crescente";"Saídas de pista";1;0;0;0;0;0;0;0;0;0;0;0;1;0;0
"14/03/2023";"17:57:00";"64";"Acidente c";"240";"BR-393/RJ";"Decrescente";"Acidentes de outra natureza";1;0;0;1;0;0;0;0;0;0;0;1;0;1;0
"15/03/2023";"20:25:00";"66";"Acidente c";"258";"BR-393/RJ";"Decrescente";"Colisão com veículos (frontal)";1;0;0;1;0;0;0;0;0;0;1;0;0;2;0
"16/03/2023";"08:17:00";"19";"Acidente s";"180,4";"BR-393/RJ";"Crescente";"Colisão lateral no mesmo sentido";1;0;1;0;0;0;0;0;0;0;5;0;0;0;0
"17/03/2023";"10:05:00";"30";"Acidente c";"285,5";"BR-393/RJ";"Crescente";"Engavetamento";3;0;0;0;0;0;0;0;0;0;1;2;0;0;0
"18/03/2023";"09:49:00";"21";"Acidente s";"282,3";"BR-393/RJ";"Decrescente";"Engavetamento";1;0;2;0;0;0;0;0;0;0;5;0;0;0;0
"18/03/2023";"20:52:00";"59";"Acidente s";"282";"BR-393/RJ";"Decrescente";"Colisão c/ obstáculos";1;0;0;0;0;1;0;0;0;0;3;0;0;0;0
"19/03/2023";"16:38:00";"48";"Acidente c";"154";"BR-393/RJ";"Decrescente";"Acidentes de outra natureza";0;0;0;1;0;0;0;0;0;0;0;1;0;0;0
"21/03/2023";"10:26:00";"25";"Acidente s";"167,9";"BR-393/RJ";"Decrescente";"Colisão com veículos (traseira)";2;0;0;0;0;0;0;0;0;0;2;0;0;0;0
"22/03/2023";"14:37:00";"50";"Acidente c";"2,3";"Alça Sul";"Crescente";"Acidentes de outra natureza";0;0;1;1;0;0;0;0;0;0;3;2;0;0;0
"24/03/2023";"09:52:00";"29";"Acidente c";"238,5";"BR-393/RJ";"Decrescente";"Acidentes de outra natureza";2;0;0;0;0;0;0;0;0;0;3;0;1;0;0
"24/03/2023";"18:50:00";"69";"Acidente s";"171,5";"BR-393/RJ";"Crescente";"Colisão lateral no mesmo sentido";1;0;1;0;0;0;0;0;0;0;3;0;0;0;0
"25/03/2023";"08:11:00";"22";"Acidente c";"138,199";"BR-393/RJ";"Decrescente";"Tombamento";0;0;1;0;0;0;0;0;0;0;0;0;1;0;0
"25/03/2023";"09:00:00";"24";"Acidente s";"236,699";"BR-393/RJ";"Crescente";"Colisão com veículos (traseira)";2;0;0;0;0;0;0;0;0;0;2;0;0;0;0
"25/03/2023";"18:59:00";"53";"Acidente s";"282,4";"BR-393/RJ";"Decrescente";"Colisão com veículos (traseira)";2;0;0;0;0;0;0;0;0;0;3;0;0;0;0
"25/03/2023";"19:49:00";"57";"Acidente s";"280,199";"BR-393/RJ";"Decrescente";"Colisão lateral no mesmo sentido";1;0;0;1;0;0;0;0;0;0;2;0;0;0;0
"26/03/2023";"14:20:00";"37";"Acidente c";"263";"BR-393/RJ";"Crescente";"Saídas de pista";1;0;0;0;0;0;0;0;0;0;0;0;1;0;0
"27/03/2023";"06:45:00";"18";"Acidente c";"239,3";"BR-393/RJ";"Crescente";"Colisão lateral no sentido contrário";2;0;1;0;0;0;0;0;0;0;0;3;1;1;0
"27/03/2023";"12:10:00";"42";"Acidente s";"148,5";"BR-393/RJ";"Decrescente";"Colisão c/ obstáculos";1;0;1;0;0;0;0;0;0;0;2;0;0;0;0
"30/03/2023";"05:16:00";"15";"Acidente s";"184,4";"BR-393/RJ";"Crescente";"Atropelamento de animais";0;0;1;0;0;0;0;0;0;0;0;1;0;0;0
"30/03/2023";"09:07:00";"27";"Acidente c";"217,599";"BR-393/RJ";"Crescente";"Colisão com veículos (traseira)";0;0;1;0;1;0;0;0;0;0;0;2;0;0;0
"30/03/2023";"14:51:00";"49";"Acidente c";"243,9";"BR-393/RJ";"Crescente";"Tombamento";0;0;1;0;0;0;0;0;0;0;0;0;2;0;0
"30/03/2023";"19:14:00";"64";"Acidente c";"281";"BR-393/RJ";"Crescente";"Atropelamento de pedestre";0;0;0;1;0;0;0;0;0;0;1;0;0;1;0
"30/03/2023";"20:30:00";"67";"Acidente c";"285";"BR-393/RJ";"Decrescente";"Colisão com veículos (traseira)";2;0;0;0;0;0;0;0;0;0;1;1;0;0;0
"01/04/2023";"11:53:00";"25";"Acidente c";"279,699";"BR-393/RJ";"Decrescente";"Colisão lateral no mesmo sentido";1;0;0;1;0;0;0;0;0;0;2;0;1;0;0
"02/04/2023";"02:37:00";"3";"Acidente c";"252";"BR-393/RJ";"Decrescente";"Colisão lateral no sentido contrário";1;0;1;0;0;0;0;0;0;0;0;1;1;0;0
"03/04/2023";"13:10:00";"48";"Acidente c";"247,3";"BR-393/RJ";"Crescente";"Capotamento";1;0;0;0;0;0;0;0;0;0;0;0;1;0;0
"03/04/2023";"23:29:00";"63";"Acidente s";"172,699";"BR-393/RJ";"Decrescente";"Atropelamento de animais";0;0;0;0;1;0;0;0;0;0;1;0;0;0;0
"04/04/2023";"20:51:00";"65";"Acidente c";"252";"BR-393/RJ";"Crescente";"Acidentes de outra natureza";1;1;0;0;0;0;0;0;0;0;1;0;1;0;0
"05/04/2023";"10:52:00";"44";"Acidente s";"279,5";"BR-393/RJ";"Decrescente";"Colisão com veículos (frontal)";1;0;1;0;0;0;0;0;0;0;2;0;0;0;0
"05/04/2023";"16:17:00";"58";"Acidente c";"169";"BR-393/RJ";"Decrescente";"Colisão com veículos (traseira)";2;0;0;0;0;0;0;0;0;0;1;2;0;0;0
"05/04/2023";"16:38:00";"63";"Acidente s";"252";"BR-393/RJ";"Crescente";"Acidentes de outra natureza";1;0;1;0;0;0;0;0;0;0;4;0;0;0;0
"05/04/2023";"18:35:00";"69";"Acidente c";"282,899";"BR-393/RJ";"Crescente";"Atropelamento de pedestre";0;0;0;0;1;0;0;0;0;0;1;0;0;1;0
"06/04/2023";"10:08:00";"28";"Acidente c";"164,8";"BR-393/RJ";"Crescente";"Tombamento";0;0;1;0;0;0;0;0;0;0;0;1;0;0;0
"08/04/2023";"08:02:00";"14";"Acidente c";"274,6";"BR-393/RJ";"Crescente";"Capotamento";1;0;0;0;0;0;0;0;0;0;0;0;0;1;0
"08/04/2023";"17:33:00";"41";"Acidente c";"249";"BR-393/RJ";"Decrescente";"Acidentes de outra natureza";1;0;0;1;0;0;0;0;0;0;1;1;1;0;0
"09/04/2023";"07:33:00";"21";"Acidente c";"139,5";"BR-393/RJ";"Crescente";"Saídas de pista";1;0;0;0;0;0;0;0;0;0;0;1;0;0;0
"09/04/2023";"10:22:00";"31";"Acidente c";"285";"BR-393/RJ";"Crescente";"Acidentes de outra natureza";0;0;0;1;0;0;0;0;0;0;1;0;1;0;0
"09/04/2023";"15:12:00";"45";"Acidente c";"274,6";"BR-393/RJ";"Crescente";"Saídas de pista";1;0;0;0;0;0;0;0;0;0;0;1;0;0;0
"09/04/2023";"16:43:00";"49";"Acidente c";"171";"BR-393/RJ";"Crescente";"Capotamento";1;0;0;0;0;0;0;0;0;0;0;1;0;0;0
"09/04/2023";"17:36:00";"55";"Acidente s";"281";"BR-393/RJ";"Crescente";"Colisão lateral no sentido contrário";2;0;1;0;0;0;0;0;0;0;3;0;0;0;0
"10/04/2023";"20:10:00";"86";"Acidente c";"285,699";"BR-393/RJ";"Crescente";"Acidentes de outra natureza";0;0;0;2;0;0;0;0;0;0;0;1;2;0;0
"11/04/2023";"09:23:00";"29";"Acidente s";"265";"BR-393/RJ";"Crescente";"Colisão com veículos (traseira)";2;0;0;0;0;0;0;0;0;0;3;0;0;0;0
"12/04/2023";"14:45:00";"47";"Acidente s";"189,1";"BR-393/RJ";"Decrescente";"Colisão com veículos (traseira)";2;0;0;0;0;0;0;0;0;0;3;0;0;0;0
"12/04/2023";"14:50:00";"50";"Acidente c";"284,2";"BR-393/RJ";"Crescente";"Colisão lateral no mesmo sentido";1;0;0;1;0;0;0;0;0;0;1;0;1;0;0
"12/04/2023";"18:07:00";"58";"Acidente c";"235";"BR-393/RJ";"Decrescente";"Colisão lateral no sentido contrário";0;1;0;1;0;0;0;0;0;0;1;0;1;0;0
"14/04/2023";"11:30:00";"37";"Acidente c";"181,9";"BR-393/RJ";"Crescente";"Colisão lateral no sentido contrário";1;0;1;0;0;0;0;0;0;0;0;3;1;0;0
"14/04/2023";"16:07:00";"51";"Acidente s";"167";"BR-393/RJ";"Decrescente";"Colisão lateral no sentido contrário";1;0;1;0;0;0;0;0;0;0;2;0;0;0;0
"15/04/2023";"11:03:00";"27";"Acidente c";"284";"BR-393/RJ";"Crescente";"Colisão com veículos (traseira)";2;0;0;0;0;0;0;0;0;0;1;1;0;0;0
"15/04/2023";"11:17:00";"30";"Acidente c";"236";"BR-393/RJ";"Decrescente";"Atropelamento de pedestre";0;0;1;0;0;0;0;0;0;0;1;0;1;0;0
"16/04/2023";"02:15:00";"6";"Acidente c";"236,8";"BR-393/RJ";"Crescente";"Acidentes de outra natureza";1;0;0;1;0;0;0;0;0;0;1;1;2;0;0
"16/04/2023";"21:45:00";"65";"Acidente c";"237";"BR-393/RJ";"Decrescente";"Acidentes de outra natureza";1;0;0;1;0;0;0;0;0;0;1;3;2;0;0
"18/04/2023";"08:35:00";"22";"Acidente c";"283,3";"BR-393/RJ";"Crescente";"Colisão com veículos (traseira)";1;0;1;0;0;0;0;0;0;0;2;1;0;0;0
"18/04/2023";"16:19:00";"52";"Acidente s";"161,9";"BR-393/RJ";"Decrescente";"Saídas de pista";1;0;0;0;0;0;0;0;0;0;2;0;0;0;0
"18/04/2023";"18:56:00";"63";"Acidente c";"283";"BR-393/RJ";"Crescente";"Acidentes de outra natureza";2;0;0;0;0;0;0;0;0;0;2;1;0;0;0
"19/04/2023";"07:41:00";"20";"Acidente c";"262,399";"BR-393/RJ";"Decrescente";"Acidentes de outra natureza";1;0;1;0;1;0;0;0;0;0;15;1;0;0;0
"21/04/2023";"08:18:00";"24";"Acidente s";"210";"BR-393/RJ";"Decrescente";"Saídas de pista";1;0;0;0;0;0;0;0;0;0;1;0;0;0;0
"21/04/2023";"08:25:00";"25";"Acidente c";"284";"BR-393/RJ";"Decrescente";"Colisão com veículos (traseira)";2;0;0;0;0;0;0;0;0;0;3;0;2;0;0
"21/04/2023";"18:48:00";"59";"Acidente c";"248";"BR-393/RJ";"Decrescente";"Colisão lateral no mesmo sentido";1;0;0;1;0;0;0;0;0;0;2;0;1;0;0
"22/04/2023";"20:47:00";"38";"Acidente s";"113";"BR-393/RJ";"Decrescente";"Acidentes de outra natureza";0;0;0;1;0;0;0;0;0;0;1;0;0;0;0
"23/04/2023";"17:13:00";"45";"Acidente c";"237";"BR-393/RJ";"Decrescente";"Colisão lateral no sentido contrário";2;0;0;0;0;0;0;0;0;0;2;1;0;0;0
"23/04/2023";"21:23:00";"54";"Acidente c";"255,5";"BR-393/RJ";"Crescente";"Colisão com veículos (traseira)";1;0;0;1;0;0;0;0;0;0;2;0;1;0;0
"24/04/2023";"11:36:00";"44";"Acidente c";"167,6";"BR-393/RJ";"Crescente";"Colisão c/ obstáculos";0;0;3;0;0;0;0;0;0;0;2;0;1;0;0
"26/04/2023";"07:11:00";"17";"Acidente c";"246,199";"BR-393/RJ";"Crescente";"Colisão c/ obstáculos";1;0;0;0;0;0;0;0;0;0;0;3;0;0;0
"26/04/2023";"10:26:00";"32";"Acidente s";"196";"BR-393/RJ";"Crescente";"Colisão lateral no mesmo sentido";1;0;1;0;0;0;0;0;0;0;4;0;0;0;0
"26/04/2023";"13:29:00";"47";"Acidente s";"175,8";"BR-393/RJ";"Decrescente";"Colisão com veículos (traseira)";0;0;2;0;0;0;0;0;0;0;2;0;0;0;0
"26/04/2023";"18:27:00";"64";"Acidente c";"285,699";"BR-393/RJ";"Crescente";"Colisão lateral no mesmo sentido";1;0;0;1;0;0;0;0;0;0;1;1;0;0;0
"26/04/2023";"19:00:00";"65";"Acidente c";"280,1";"BR-393/RJ";"Decrescente";"Acidentes de outra natureza";1;1;0;0;0;0;0;0;0;0;1;0;1;0;0
"27/04/2023";"08:55:00";"20";"Acidente s";"279,5";"BR-393/RJ";"Decrescente";"Colisão com veículos (traseira)";1;0;1;0;0;0;0;0;0;0;2;0;0;0;0
"27/04/2023";"10:11:00";"25";"Acidente c";"285,699";"BR-393/RJ";"Decrescente";"Colisão com veículos (frontal)";2;0;0;0;0;0;0;0;0;0;0;2;0;0;0
"27/04/2023";"15:20:00";"47";"Acidente c";"281,2";"BR-393/RJ";"Crescente";"Colisão lateral no sentido contrário";1;0;0;1;0;0;0;0;0;0;2;0;1;0;0
"28/04/2023";"12:15:00";"39";"Acidente s";"280,1";"BR-393/RJ";"Crescente";"Colisão com veículos (traseira)";1;0;0;0;0;0;0;0;0;1;4;0;0;0;0