data;horario;n_da_ocorrencia;tipo_de_ocorrencia;km;trecho;sentido;tipo_de_acidente;automovel;bicicleta;caminhao;moto;onibus;outros;tracao_animal;transporte_de_cargas_especiais;trator_maquinas;utilitarios;ilesos;levemente_feridos;moderadamente_feridos;gravemente_feridos;mortos
"21/12/2023";"11:03:00";"39";"Acidente s";"122,7";"BR-393/RJ";"Crescente";"Colisão com veículos (traseira)";2;0;0;0;0;0;0;0;0;0;4;0;0;0;0
"21/12/2023";"15:51:00";"58";"Acidente s";"265";"BR-393/RJ";"Decrescente";"Colisão c/ obstáculos";2;0;0;0;0;0;0;0;0;0;3;0;0;0;0
"21/12/2023";"18:23:00";"74";"Acidente c";"271";"BR-393/RJ";"Crescente";"Colisão com veículos (frontal)";2;0;0;0;0;0;0;0;0;0;3;0;4;0;0
"22/12/2023";"00:00:00";"85";"Acidente s";"127";"BR-393/RJ";"Decrescente";"Colisão c/ obstáculos";1;0;0;0;0;0;0;0;0;0;5;0;0;0;0
"22/12/2023";"18:35:00";"65";"Acidente s";"175";"BR-393/RJ";"Decrescente";"Saídas de pista";1;0;0;0;0;0;0;0;0;0;1;0;0;0;0
"22/12/2023";"19:25:00";"69";"Acidente s";"285";"BR-393/RJ";"Crescente";"Colisão lateral no mesmo sentido";1;0;1;0;0;0;0;0;0;0;3;0;0;0;0
"22/12/2023";"21:43:00";"81";"Acidente s";"283";"BR-393/RJ";"Decrescente";"Colisão com veículos (traseira)";1;0;0;1;0;0;0;0;0;0;2;0;0;0;0
"23/12/2023";"03:30:00";"6";"Acidente s";"260";"BR-393/RJ";"Decrescente";"Saídas de pista";1;0;0;0;0;0;0;0;0;0;1;0;0;0;0
"23/12/2023";"05:37:00";"20";"Acidente c";"222";"BR-393/RJ";"Crescente";"Colisão Lateral Sentido Oposto";1;0;1;0;0;0;0;0;0;0;0;2;1;3;0
"23/12/2023";"07:29:00";"22";"Acidente s";"221,599";"BR-393/RJ";"Decrescente";"Colisão com veículos (traseira)";1;0;1;0;0;0;0;0;0;0;1;1;0;0;0
"23/12/2023";"16:37:00";"56";"Acidente s";"114,5";"BR-393/RJ";"Decrescente";"Colisão c/ obstáculos";1;0;0;0;0;0;0;0;0;0;3;0;0;0;0
"23/12/2023";"16:48:00";"59";"Acidente c";"169,3";"BR-393/RJ";"Crescente";"Acidentes de outra natureza";1;0;0;0;0;0;0;0;0;0;0;0;1;0;0
"23/12/2023";"17:02:00";"61";"Acidente c";"146";"BR-393/RJ";"Decrescente";"Colisão c/ obstáculos";1;0;0;0;0;0;0;0;0;0;0;1;3;0;0
"25/12/2023";"15:26:00";"40";"Acidente s";"130,9";"BR-393/RJ";"Crescente";"Saídas de pista";1;0;0;0;0;0;0;0;0;0;5;0;0;0;0
"25/12/2023";"15:43:00";"42";"Acidente s";"139,5";"BR-393/RJ";"Crescente";"Saídas de pista";1;0;0;0;0;0;0;0;0;0;3;0;0;0;0
"25/12/2023";"18:00:00";"52";"Acidente s";"177";"BR-393/RJ";"Decrescente";"Acidentes de outra natureza";0;0;0;1;0;0;0;0;0;0;1;0;0;0;0
"26/12/2023";"23:42:00";"59";"Acidente s";"246";"BR-393/RJ";"Decrescente";"Colisão com veículos (traseira)";0;0;2;0;0;0;0;0;0;0;2;0;0;0;0
"28/12/2023";"12:59:00";"35";"Acidente s";"262";"BR-393/RJ";"Crescente";"Colisão Lateral Sentido Oposto";1;0;0;0;0;0;0;0;0;1;4;0;0;0;0
"29/12/2023";"01:44:00";"11";"Acidente c";"195,4";"BR-393/RJ";"Crescente";"Tombamento";0;0;1;0;0;0;0;0;0;0;0;0;1;0;0
"29/12/2023";"11:18:00";"37";"Acidente s";"279,699";"BR-393/RJ";"Decrescente";"Engavetamento";3;0;0;0;0;0;0;0;0;0;7;0;0;0;0
"29/12/2023";"16:58:00";"60";"Acidente c";"127,9";"BR-393/RJ";"Decrescente";"Acidentes de outra natureza";1;0;0;0;0;1;0;0;0;0;4;0;0;1;0
"30/12/2023";"11:00:00";"25";"Acidente s";"157";"BR-393/RJ";"Decrescente";"Saídas de pista";1;0;0;0;0;0;0;0;0;0;1;0;0;0;0
"02/01/2024";"13:20:58";"26";"Com vítima";"155,400";"BR-393/RJ";"Decrescente";"Choque";1;0;0;0;0;0;0;0;0;0;0;2;0;0;0
"03/01/2024";"03:40:05";"5";"Com vítima";"205,699";"BR-393/RJ";"Decrescente";"Saída de pista";0;0;1;0;0;0;0;0;0;0;0;0;0;1;0
"03/01/2024";"11:36:24";"35";"Com vítima";"143,699";"BR-393/RJ";"Crescente";"Colisão lateral no mesmo sentido";0;0;0;1;0;0;0;0;0;0;0;0;0;2;0
"03/01/2024";"19:14:29";"63";"Sem vítima";"252,000";"BR-393/RJ";"Crescente";"Colisão transversal";1;0;0;0;0;0;0;0;0;0;4;0;0;0;0
"04/01/2024";"01:39:22";"3";"Sem vítima";"269,000";"BR-393/RJ";"Decrescente";"Saída de pista";1;0;0;0;0;0;0;0;0;0;1;0;0;0;0
"04/01/2024";"08:16:05";"18";"Com vítima";"197,599";"BR-393/RJ";"Crescente";"Capotamento";1;0;0;0;0;0;0;0;0;0;0;3;0;0;0
"04/01/2024";"11:26:00";"41";"Sem vítima";"281,800";"BR-393/RJ";"Crescente";"Colisão lateral em sentido contrário";1;0;0;0;0;0;0;0;0;0;2;0;0;0;0
"06/01/2024";"01:48:02";"1";"Com vítima";"188,000";"BR-393/RJ";"Crescente";"Queda de moto";0;0;0;1;0;0;0;0;0;0;0;0;0;1;0
"06/01/2024";"17:33:00";"56";"Sem vítima";"171,699";"BR-393/RJ";"Crescente";"Colisão lateral no mesmo sentido";1;0;0;0;0;0;0;0;0;0;0;0;0;0;0
"06/01/2024";"20:14:00";"65";"Com vítima";"280,000";"BR-393/RJ";"Crescente";"Colisão transversal";0;0;0;1;0;0;0;0;0;0;0;0;2;0;0
"07/01/2024";"16:26:20";"33";"Com vítima";"151,000";"BR-393/RJ";"Crescente";"Tombamento";0;0;1;0;0;0;0;0;0;0;0;0;0;1;0
"08/01/2024";"09:07:09";"30";"Sem vítima";"282,399";"BR-393/RJ";"Crescente";"Engavetamento";1;0;0;0;0;0;0;0;0;0;5;0;0;0;0
"08/01/2024";"21:55:56";"64";"Com vítima";"277,000";"BR-393/RJ";"Crescente";"Colisão traseira";1;0;0;0;0;0;0;0;0;0;0;0;0;6;0
"09/01/2024";"14:34:00";"45";"Com vítima";"255,699";"BR-393/RJ";"Crescente";"Colisão lateral em sentido contrário";1;0;0;0;0;0;0;0;0;0;0;0;3;0;0
"09/01/2024";"18:45:11";"56";"Com vítima";"158,599";"BR-393/RJ";"Decrescente";"Colisão lateral em sentido contrário";1;0;0;0;0;0;0;0;0;0;0;2;0;0;0
"09/01/2024";"22:28:00";"67";"Sem vítima";"126,000";"BR-393/RJ";"Decrescente";"Choque";1;0;0;0;0;0;0;0;0;0;1;0;0;0;0
"10/01/2024";"12:56:00";"43";"Sem vítima";"244,900";"BR-393/RJ";"Crescente";"Colisão lateral no mesmo sentido";0;0;1;0;0;0;0;0;0;0;3;0;0;0;0
"11/01/2024";"05:55:00";"19";"Sem vítima";"204,800";"BR-393/RJ";"Decrescente";"Saída de pista";0;0;0;0;0;0;0;0;0;1;1;0;0;0;0
"11/01/2024";"18:15:00";"59";"Sem vítima";"263,000";"BR-393/RJ";"Crescente";"Saída de pista";1;0;0;0;0;0;0;0;0;0;2;0;0;0;0
"12/01/2024";"10:41:00";"34";"Sem vítima";"275,000";"BR-393/RJ";"Decrescente";"Colisão traseira";1;0;0;0;0;0;0;0;0;0;2;0;0;0;0
"13/01/2024";"13:23:58";"48";"Com vítima";"151,800";"BR-393/RJ";"Decrescente";"Colisão lateral em sentido contrário";2;0;0;0;0;0;0;0;0;0;0;4;0;0;0
"13/01/2024";"22:34:00";"74";"Com vítima";"134,000";"BR-393/RJ";"Crescente";"Queda de moto";0;0;0;1;0;0;0;0;0;0;0;1;0;0;0
"14/01/2024";"01:42:00";"2";"Sem vítima";"286,400";"BR-393/RJ";"Decrescente";"Choque";1;0;0;0;0;0;0;0;0;0;0;0;0;0;0
"14/01/2024";"16:30:00";"40";"Sem vítima";"2,000";"Alça Sul ";"Decrescente";"Colisão lateral em sentido contrário";1;0;0;0;0;0;0;0;0;0;4;0;0;0;0
"15/01/2024";"06:23:00";"21";"Sem vítima";"183,000";"BR-393/RJ";"Decrescente";"Colisão traseira";1;0;0;0;0;0;0;0;0;0;5;0;0;0;0
"15/01/2024";"09:45:00";"36";"Sem vítima";"120,000";"BR-393/RJ";"Decrescente";"Saída de pista";1;0;0;0;0;0;0;0;0;0;1;0;0;0;0
"17/01/2024";"08:24:15";"20";"Com vítima";"169,500";"BR-393/RJ";"Crescente";"Capotamento";1;0;0;0;0;0;0;0;0;0;0;0;0;2;0
"17/01/2024";"09:39:59";"30";"Com vítima";"268,100";"BR-393/RJ";"Decrescente";"Colisão transversal";2;0;0;0;0;0;0;0;0;0;2;0;0;2;0
"18/01/2024";"01:44:00";"5";"Sem vítima";"281,199";"BR-393/RJ";"Decrescente";"Saída de pista";1;0;0;0;0;0;0;0;0;0;1;0;0;0;0
"18/01/2024";"20:33:21";"72";"Sem vítima";"162,000";"BR-393/RJ";"Crescente";"Saída de pista";1;0;0;0;0;0;0;0;0;0;1;0;0;0;0
"19/01/2024";"05:16:08";"14";"Sem vítima";"171,000";"BR-393/RJ";"Decrescente";"Atropelamento de animal";1;0;1;0;0;0;0;0;0;0;3;0;0;0;0
"19/01/2024";"07:14:00";"19";"Sem vítima";"278,699";"BR-393/RJ";"Crescente";"Colisão traseira";0;0;1;0;0;0;0;0;0;0;4;0;0;0;0
"19/01/2024";"09:03:17";"31";"Com vítima";"175,990";"BR-393/RJ";"Decrescente";"Colisão traseira";1;0;1;0;0;0;0;0;0;0;1;1;0;2;0
"19/01/2024";"10:19:48";"34";"Com vítima";"138,300";"BR-393/RJ";"Crescente";"Tombamento";0;0;1;0;0;0;0;0;0;0;0;0;0;1;0
"19/01/2024";"15:02:00";"57";"Sem vítima";"215,000";"BR-393/RJ";"Crescente";"Saída de pista";1;0;0;0;0;0;0;0;0;0;5;0;0;0;0
"21/01/2024";"03:54:53";"12";"Com vítima";"236,500";"BR-393/RJ";"Decrescente";"Colisão frontal";2;0;0;0;0;0;0;0;0;0;0;0;0;2;0
"21/01/2024";"16:18:44";"39";"Com vítima";"168,199";"BR-393/RJ";"Crescente";"Colisão transversal";0;0;0;1;0;0;0;0;0;0;0;0;0;1;0
"21/01/2024";"18:19:00";"49";"Sem vítima";"252,000";"BR-393/RJ";"Decrescente";"Choque";1;0;0;0;0;0;0;0;0;0;1;0;0;0;0
"23/01/2024";"16:22:36";"48";"Com vítima";"267,100";"BR-393/RJ";"Crescente";"Colisão lateral em sentido contrário";3;0;0;0;0;0;0;0;0;0;4;1;0;0;0
"24/01/2024";"22:10:00";"71";"Sem vítima";"252,900";"BR-393/RJ";"Crescente";"Tombamento";0;0;1;0;0;0;0;0;0;0;1;0;0;0;0
"25/01/2024";"19:28:10";"84";"Com vítima";"224,300";"BR-393/RJ";"Crescente";"Colisão lateral no mesmo sentido";1;0;0;1;0;0;0;0;0;0;0;1;0;2;0
"26/01/2024";"12:02:54";"44";"Sem vítima";"139,599";"BR-393/RJ";"Decrescente";"Colisão traseira";1;0;1;0;0;0;0;0;0;0;5;0;0;0;0
"26/01/2024";"19:42:28";"60";"Com vítima";"255,599";"BR-393/RJ";"Crescente";"Acidentes de outra natureza";0;0;0;0;0;0;0;0;0;0;0;0;0;0;0
"28/01/2024";"12:33:14";"26";"Com vítima";"285,899";"BR-393/RJ";"Decrescente";"Colisão traseira";2;0;0;0;0;0;0;0;0;0;4;1;0;1;0
"28/01/2024";"21:03:36";"53";"Com vítima";"259,700";"BR-393/RJ";"Crescente";"Colisão traseira";2;0;0;0;0;0;0;0;0;0;0;1;0;1;0
"29/01/2024";"02:28:05";"3";"Com vítima";"189,599";"BR-393/RJ";"Crescente";"Atropelamento de animal";0;0;1;0;0;0;0;0;0;0;0;1;0;0;0
"30/01/2024";"14:00:00";"42";"Com vítima";"142,000";"BR-393/RJ";"Crescente";"Colisão traseira";1;0;0;0;0;0;0;0;0;0;0;4;0;0;0
"30/01/2024";"22:15:43";"68";"Sem vítima";"151,000";"BR-393/RJ";"Decrescente";"Choque";1;0;0;0;0;0;0;0;0;0;0;2;0;0;0
"01/02/2024";"08:22:00";"25";"Sem vítima";"279,600";"BR-393/RJ";"Crescente";"Colisão lateral no mesmo sentido";0;0;1;0;0;0;0;0;0;0;4;0;0;0;0
"03/02/2024";"20:16:00";"48";"Sem vítima";"284,000";"BR-393/RJ";"Decrescente";"Queda de moto";0;0;0;1;0;0;0;0;0;0;1;0;0;0;0
"04/02/2024";"15:06:52";"34";"Com vítima";"285,699";"BR-393/RJ";"Crescente";"Colisão traseira";2;0;0;0;0;0;0;0;0;0;1;3;0;0;0
"04/02/2024";"15:42:00";"38";"Sem vítima";"195,000";"BR-393/RJ";"Crescente";"Colisão traseira";1;0;0;0;0;0;0;0;0;0;2;0;0;0;0
"04/02/2024";"17:33:00";"44";"Sem vítima";"134,000";"BR-393/RJ";"Decrescente";"Choque";1;0;0;0;0;0;0;0;0;0;1;0;0;0;0
"04/02/2024";"20:04:11";"50";"Sem vítima";"127,000";"BR-393/RJ";"Decrescente";"Choque";1;0;0;0;0;0;0;0;1;0;2;0;0;0;0
"05/02/2024";"07:15:00";"16";"Sem vítima";"132,599";"BR-393/RJ";"Crescente";"Colisão traseira";1;0;0;0;0;0;0;0;0;0;2;0;0;0;0
"05/02/2024";"20:44:00";"60";"Sem vítima";"274,500";"BR-393/RJ";"Crescente";"Desatrelamento";0;0;1;0;0;0;0;0;0;0;1;0;0;0;0
"07/02/2024";"06:47:49";"19";"Com vítima";"281,199";"BR-393/RJ";"Crescente";"Colisão transversal";1;0;0;1;0;0;0;0;0;0;1;1;0;0;0
"07/02/2024";"08:46:10";"31";"Com vítima";"214,599";"BR-393/RJ";"Crescente";"Queda de moto";0;0;0;1;0;0;0;0;0;0;0;0;0;1;0
"07/02/2024";"11:45:25";"48";"Com vítima";"236,700";"BR-393/RJ";"Decrescente";"Colisão transversal";1;0;0;1;0;0;0;0;0;0;1;0;0;1;0
"07/02/2024";"15:39:00";"69";"Com vítima";"182,200";"BR-393/RJ";"Decrescente";"Colisão transversal";1;0;0;0;0;0;0;0;0;0;0;0;2;0;0
"09/02/2024";"02:27:11";"1";"Com vítima";"142,000";"BR-393/RJ";"Decrescente";"Colisão traseira";1;0;0;0;0;0;0;0;0;0;0;3;0;0;0
"09/02/2024";"15:41:05";"53";"Com vítima";"132,300";"BR-393/RJ";"Decrescente";"Queda de moto";0;0;0;1;0;0;0;0;0;0;0;1;0;0;0
"09/02/2024";"16:58:24";"60";"Com vítima";"105,200";"BR-393/RJ";"Decrescente";"Colisão traseira";1;0;0;0;1;0;0;0;0;0;0;1;0;1;0
"10/02/2024";"08:04:00";"19";"Com vítima";"284,500";"BR-393/RJ";"Crescente";"Colisão lateral no mesmo sentido";1;0;0;0;0;0;0;0;0;0;0;0;3;0;0
"10/02/2024";"10:24:00";"28";"Com vítima";"102,900";"BR-393/RJ";"Decrescente";"Engavetamento";1;0;0;0;0;0;0;0;0;0;0;5;0;0;0
"10/02/2024";"14:52:00";"38";"Sem vítima";"215,000";"BR-393/RJ";"Decrescente";"Choque";1;0;0;0;0;0;0;0;0;0;1;0;0;0;0
"10/02/2024";"19:32:48";"54";"Sem vítima";"247,000";"BR-393/RJ";"Crescente";"Colisão lateral em sentido contrário";2;0;0;0;0;0;0;0;0;0;12;2;0;0;0
"10/02/2024";"21:04:00";"58";"Sem vítima";"283,000";"BR-393/RJ";"Decrescente";"Colisão transversal";1;0;0;0;0;0;0;0;0;0;0;0;0;0;0
"11/02/2024";"08:42:00";"20";"Com vítima";"237,400";"BR-393/RJ";"Decrescente";"Colisão lateral em sentido contrário";0;0;0;1;0;0;0;0;0;0;0;0;0;2;0
"11/02/2024";"16:55:09";"38";"Sem vítima";"284,500";"BR-393/RJ";"Decrescente";"Choque";1;0;0;0;0;0;0;0;0;0;1;0;0;0;0
"12/02/2024";"23:12:27";"56";"Com vítima";"268,000";"BR-393/RJ";"Crescente";"Colisão lateral em sentido contrário";1;0;0;1;0;0;0;0;0;0;0;4;0;0;0
"13/02/2024";"01:41:47";"4";"Sem vítima";"141,000";"BR-393/RJ";"Decrescente";"Choque";1;0;0;0;0;0;0;0;0;0;2;0;0;0;0
"13/02/2024";"11:08:28";"25";"Com vítima";"219,000";"BR-393/RJ";"Crescente";"Choque";1;0;0;0;0;0;0;0;0;0;0;1;0;1;0
"13/02/2024";"18:21:00";"55";"Sem vítima";"122,000";"BR-393/RJ";"Crescente";"Colisão lateral no mesmo sentido";0;0;0;1;0;0;0;0;0;0;2;0;0;0;0
"14/02/2024";"14:05:43";"40";"Com vítima";"274,600";"BR-393/RJ";"Decrescente";"Saída de pista";1;0;0;0;0;0;0;0;0;0;0;1;0;0;0
"14/02/2024";"15:36:00";"45";"Sem vítima";"129,900";"BR-393/RJ";"Crescente";"Choque";0;0;1;0;0;0;0;0;0;0;1;0;0;0;0
"14/02/2024";"16:52:00";"50";"Sem vítima";"274,000";"BR-393/RJ";"Crescente";"Choque";1;0;0;0;0;0;0;0;0;0;1;0;0;0;0
"15/02/2024";"14:55:34";"42";"Com vítima";"188,900";"BR-393/RJ";"Crescente";"Saída de pista";1;0;0;0;0;0;0;0;0;0;0;0;0;1;0
"17/02/2024";"04:37:42";"17";"Sem vítima";"285,000";"BR-393/RJ";"Crescente";"Queda de moto";0;0;0;1;0;0;0;0;0;0;1;0;0;0;0
"17/02/2024";"15:13:26";"58";"Com vítima";"279,600";"BR-393/RJ";"Crescente";"Queda de moto";0;0;0;1;0;0;0;0;0;0;0;1;0;0;0
"17/02/2024";"20:14:19";"82";"Com vítima";"244,400";"BR-393/RJ";"Crescente";"Colisão frontal";1;0;1;0;0;0;0;0;0;0;0;1;0;0;0
"19/02/2024";"09:46:42";"27";"Sem vítima";"282,199";"BR-393/RJ";"Crescente";"Colisão traseira";2;0;0;0;0;0;0;0;0;0;3;0;0;0;0
"19/02/2024";"13:30:30";"42";"Com vítima";"264,200";"BR-393/RJ";"Decrescente";"Colisão lateral em sentido contrário";2;0;0;0;0;0;0;0;0;0;2;0;0;1;0
"19/02/2024";"19:32:55";"51";"Com vítima";"241,000";"BR-393/RJ";"Decrescente";"Colisão frontal";1;0;0;1;0;0;0;0;0;0;0;0;0;2;0
"24/02/2024";"11:52:05";"36";"Com vítima";"284,199";"BR-393/RJ";"Decrescente";"Colisão traseira";1;0;0;1;0;0;0;0;0;0;1;2;0;0;0
"24/02/2024";"17:12:00";"53";"Sem vítima";"262,000";"BR-393/RJ";"Crescente";"Saída de pista";1;0;0;0;0;0;0;0;0;0;1;0;0;0;0
"26/02/2024";"01:19:40";"3";"Com vítima";"180,000";"BR-393/RJ";"Crescente";"Atropelamento de animal";1;0;0;0;0;0;0;0;0;0;0;0;0;1;0
"26/02/2024";"20:45:58";"75";"Com vítima";"168,990";"BR-393/RJ";"Decrescente";"Colisão lateral no mesmo sentido";0;0;0;1;0;0;0;0;0;0;0;0;0;1;0
"27/02/2024";"07:05:00";"19";"Sem vítima";"280,100";"BR-393/RJ";"Decrescente";"Colisão transversal";1;0;0;0;0;0;0;0;0;0;2;0;0;0;0
"27/02/2024";"23:12:20";"70";"Com vítima";"134,000";"BR-393/RJ";"Decrescente";"Colisão lateral no mesmo sentido";0;0;0;1;0;0;0;0;0;0;0;0;0;0;0
"28/02/2024";"02:04:29";"1";"Sem vítima";"123,799";"BR-393/RJ";"Decrescente";"Tombamento";0;0;1;0;0;0;0;0;0;0;1;0;0;0;0
"28/02/2024";"04:25:18";"4";"Sem vítima";"201,000";"BR-393/RJ";"Decrescente";"Atropelamento de animal";0;0;1;0;0;0;0;0;0;0;1;0;0;0;0
"29/02/2024";"18:26:00";"50";"Com vítima";"147,600";"BR-393/RJ";"Decrescente";"Colisão frontal";1;0;0;0;0;0;0;0;0;0;0;0;0;2;0
"29/02/2024";"23:15:49";"59";"Com vítima";"240,199";"BR-393/RJ";"Crescente";"Capotamento";1;0;0;0;0;0;0;0;0;0;0;0;0;1;0
"01/03/2024";"17:00:00";"46";"Sem vítima";"215,300";"BR-393/RJ";"Crescente";"Choque";1;0;0;0;0;0;0;0;0;0;3;0;0;0;0
"01/03/2024";"20:10:00";"50";"Com vítima";"104,000";"BR-393/RJ";"Decrescente";"Colisão frontal";0;0;0;1;0;0;0;0;0;0;0;0;2;0;0
"01/03/2024";"20:41:00";"51";"Sem vítima";"246,990";"BR-393/RJ";"Crescente";"Capotamento";1;0;0;0;0;0;0;0;0;0;0;0;0;0;0
"02/03/2024";"03:18:00";"11";"Sem vítima";"265,000";"BR-393/RJ";"Crescente";"Choque";1;0;0;0;0;0;0;0;0;0;1;0;0;0;0
"03/03/2024";"15:42:00";"38";"Sem vítima";"255,599";"BR-393/RJ";"Crescente";"Colisão lateral no mesmo sentido";1;0;0;0;0;0;0;0;0;0;3;0;0;0;0
"03/03/2024";"16:26:14";"41";"Com vítima";"168,990";"BR-393/RJ";"Decrescente";"Colisão lateral em sentido contrário";1;0;0;0;0;0;0;0;0;0;0;0;0;2;0
"03/03/2024";"17:52:38";"46";"Sem vítima";"235,000";"BR-393/RJ";"Decrescente";"Colisão lateral no mesmo sentido";2;0;0;0;0;0;0;0;0;0;0;8;0;0;0
"04/03/2024";"11:19:48";"33";"Com vítima";"175,200";"BR-393/RJ";"Decrescente";"Queda de moto";0;0;0;1;0;0;0;0;0;0;0;0;0;1;0
"05/03/2024";"05:26:00";"16";"Com vítima";"238,599";"BR-393/RJ";"Crescente";"Queda de moto";0;0;0;1;0;0;0;0;0;0;0;1;0;0;0
"05/03/2024";"13:28:59";"41";"Com vítima";"139,000";"BR-393/RJ";"Decrescente";"Colisão traseira";1;0;0;0;0;0;0;0;0;0;0;1;0;0;0
"05/03/2024";"17:42:03";"54";"Sem vítima";"257,100";"BR-393/RJ";"Crescente";"Colisão traseira";0;0;1;0;0;0;0;0;0;0;4;0;0;0;0
"06/03/2024";"13:57:00";"40";"Com vítima";"106,990";"BR-393/RJ";"Decrescente";"Colisão traseira";1;0;0;0;0;0;0;0;0;0;0;4;0;0;0
"07/03/2024";"19:05:00";"58";"Sem vítima";"259,000";"BR-393/RJ";"Decrescente";"Saída de pista";1;0;0;0;0;0;0;0;0;0;1;0;0;0;0
"08/03/2024";"09:09:00";"24";"Sem vítima";"251,000";"BR-393/RJ";"Decrescente";"Choque";0;0;1;0;0;0;0;0;0;0;1;0;0;0;0
"08/03/2024";"17:09:19";"58";"Com vítima";"267,300";"BR-393/RJ";"Decrescente";"Queda de moto";0;0;0;1;0;0;0;0;0;0;0;0;0;2;0
"09/03/2024";"00:10:00";"1";"Sem vítima";"258,000";"BR-393/RJ";"Crescente";"Colisão traseira";0;0;1;0;0;0;0;0;0;0;1;0;0;0;0
"09/03/2024";"06:10:00";"17";"Sem vítima";"145,000";"BR-393/RJ";"Decrescente";"Choque";1;0;0;0;0;0;0;0;0;0;2;0;0;0;0
"09/03/2024";"06:55:00";"19";"Com vítima";"187,300";"BR-393/RJ";"Decrescente";"Saída de pista";0;0;1;0;0;0;0;0;0;0;0;0;1;0;0
"09/03/2024";"09:16:18";"21";"Sem vítima";"242,199";"BR-393/RJ";"Decrescente";"Choque";0;0;1;0;0;0;0;0;0;0;1;0;0;0;0
"09/03/2024";"12:35:00";"37";"Sem vítima";"176,699";"BR-393/RJ";"Crescente";"Colisão traseira";1;0;0;0;0;0;0;0;0;0;4;0;0;0;0
"09/03/2024";"13:37:27";"40";"Com vítima";"282,400";"BR-393/RJ";"Crescente";"Colisão lateral no mesmo sentido";1;0;0;0;0;0;0;0;0;0;2;0;0;0;0
"09/03/2024";"15:32:04";"41";"Com vítima";"140,199";"BR-393/RJ";"Decrescente";"Saída de pista";0;0;1;0;0;0;0;0;0;0;0;0;0;1;0
"10/03/2024";"19:19:00";"32";"Sem vítima";"283,800";"BR-393/RJ";"Crescente";"Colisão traseira";1;0;0;0;0;0;0;0;0;0;2;0;0;0;0
"11/03/2024";"16:34:11";"51";"Com vítima";"283,899";"BR-393/RJ";"Decrescente";"Colisão lateral no mesmo sentido";0;0;0;0;0;0;0;0;0;1;3;0;0;0;0
"13/03/2024";"15:06:00";"48";"Sem vítima";"171,500";"BR-393/RJ";"Crescente";"Engavetamento";0;0;1;0;0;0;0;0;0;0;5;0;0;0;0
"13/03/2024";"17:11:34";"53";"Com vítima";"167,599";"BR-393/RJ";"Crescente";"Colisão transversal";0;0;0;0;0;0;0;0;0;0;0;0;0;0;0
"13/03/2024";"17:41:00";"56";"Com vítima";"282,000";"BR-393/RJ";"Crescente";"Colisão transversal";0;0;0;1;0;0;0;0;0;0;0;2;0;0;0
"14/03/2024";"15:11:09";"45";"Com vítima";"127,200";"BR-393/RJ";"Decrescente";"Colisão transversal";0;0;1;0;0;0;0;0;0;0;0;0;0;1;0
"14/03/2024";"15:46:00";"49";"Sem vítima";"195,000";"BR-393/RJ";"Crescente";"Choque";0;0;1;0;0;0;0;0;0;0;1;0;0;0;0
"15/03/2024";"00:00:00";"48";"Com vítima";"281,500";"BR-393/RJ";"Decrescente";"Atropelamento de ciclista";0;1;0;0;0;0;0;0;0;0;0;0;0;0;0
"15/03/2024";"15:56:14";"59";"Com vítima";"175,300";"BR-393/RJ";"Crescente";"Queda de moto";0;0;0;1;0;0;0;0;0;0;0;0;0;1;0
"15/03/2024";"20:12:41";"73";"Sem vítima";"284,000";"BR-393/RJ";"Decrescente";"Colisão traseira";1;0;0;0;0;0;0;0;0;0;3;0;0;0;0
"16/03/2024";"17:57:00";"54";"Sem vítima";"154,000";"BR-393/RJ";"Crescente";"Colisão traseira";1;0;0;0;0;0;0;0;0;0;3;0;0;0;0
"17/03/2024";"07:18:00";"13";"Com vítima";"162,500";"BR-393/RJ";"Crescente";"Colisão lateral em sentido contrário";1;0;0;0;0;0;0;0;0;0;0;0;2;0;0
"17/03/2024";"14:08:00";"36";"Sem vítima";"278,800";"BR-393/RJ";"Crescente";"Colisão traseira";1;0;0;0;0;0;0;0;0;0;2;0;0;0;0
"17/03/2024";"19:47:00";"54";"Sem vítima";"285,399";"BR-393/RJ";"Crescente";"Engavetamento";1;0;0;0;0;0;0;0;0;0;5;0;0;0;0
"17/03/2024";"23:54:21";"57";"Com vítima";"106,000";"BR-393/RJ";"Decrescente";"Queda de moto";0;0;0;1;0;0;0;0;0;0;0;0;0;1;0
"18/03/2024";"00:54:00";"1";"Sem vítima";"285,000";"BR-393/RJ";"Decrescente";"Colisão lateral no mesmo sentido";1;0;0;0;0;0;0;0;0;0;2;0;0;0;0
"18/03/2024";"16:14:00";"48";"Sem vítima";"284,899";"BR-393/RJ";"Decrescente";"Choque";0;0;0;0;1;0;0;0;0;0;2;0;0;0;0
"18/03/2024";"17:15:00";"50";"Sem vítima";"279,199";"BR-393/RJ";"Crescente";"Engavetamento";1;0;0;0;0;0;0;0;0;0;3;0;0;0;0
"19/03/2024";"10:23:00";"35";"Com vítima";"121,500";"BR-393/RJ";"Crescente";"Colisão frontal";0;0;1;0;0;0;0;0;0;0;0;0;3;0;0