data;horario;n_da_ocorrencia;tipo_de_ocorrencia;km;trecho;sentido;tipo_de_acidente;automovel;bicicleta;caminhao;moto;onibus;outros;tracao_animal;transporte_de_cargas_especiais;trator_maquinas;utilitarios;ilesos;levemente_feridos;moderadamente_feridos;gravemente_feridos;mortos
"19/03/2024";"17:42:26";"65";"Sem vítima";"282,600";"BR-393/RJ";"Decrescente";"Engavetamento";1;0;0;0;0;0;0;0;0;0;3;0;0;0;0
"23/03/2024";"15:32:01";"49";"Com vítima";"283,699";"BR-393/RJ";"Decrescente";"Colisão traseira";0;0;0;1;0;0;0;0;0;0;0;2;0;0;0
"24/03/2024";"15:12:35";"36";"Com vítima";"175,300";"BR-393/RJ";"Crescente";"Queda de moto";0;0;0;1;0;0;0;0;0;0;0;0;0;2;0
"24/03/2024";"19:55:00";"50";"Com vítima";"106,990";"BR-393/RJ";"Crescente";"Colisão lateral no mesmo sentido";0;0;0;1;0;0;0;0;0;0;0;0;2;0;0
"25/03/2024";"12:01:00";"50";"Sem vítima";"282,500";"BR-393/RJ";"Decrescente";"Engavetamento";1;0;0;0;0;0;0;0;0;0;6;0;0;0;0
"25/03/2024";"15:17:37";"56";"Com vítima";"137,900";"BR-393/RJ";"Decrescente";"Choque";1;0;0;0;0;0;0;0;0;0;0;1;0;0;0
"26/03/2024";"03:52:00";"8";"Sem vítima";"273,500";"BR-393/RJ";"Decrescente";"Saída de pista";0;0;1;0;0;0;0;0;0;0;1;0;0;0;0
"26/03/2024";"22:18:34";"63";"Com vítima";"235,699";"BR-393/RJ";"Crescente";"Colisão transversal";1;0;0;0;0;0;0;0;0;0;0;0;0;2;0
"28/03/2024";"20:32:15";"69";"Com vítima";"216,500";"BR-393/RJ";"Crescente";"Saída de pista";0;0;1;0;0;0;0;0;0;0;0;1;0;0;0
"30/03/2024";"14:17:58";"30";"Com vítima";"248,500";"BR-393/RJ";"Crescente";"Queda de moto";0;0;0;1;0;0;0;0;0;0;0;0;0;2;0
"30/03/2024";"16:52:10";"38";"Com vítima";"285,000";"BR-393/RJ";"Crescente";"Queda de moto";0;0;0;1;0;0;0;0;0;0;0;1;0;0;0
"31/03/2024";"12:42:32";"18";"Com vítima";"282,600";"BR-393/RJ";"Crescente";"Colisão traseira";1;0;0;0;0;0;0;0;0;0;5;0;0;0;0
"31/03/2024";"16:16:24";"29";"Com vítima";"170,900";"BR-393/RJ";"Decrescente";"Colisão lateral em sentido contrário";1;0;0;0;0;0;0;0;0;0;4;0;0;0;0
"01/04/2024";"11:51:00";"68";"Sem vítima";"281,000";"BR-393/RJ";"Crescente";"Engavetamento";1;0;0;0;0;0;0;0;0;0;3;0;0;0;0
"02/04/2024";"19:18:34";"55";"Com vítima";"167,000";"BR-393/RJ";"Decrescente";"Colisão lateral no mesmo sentido";0;0;0;1;0;0;0;0;0;0;0;0;0;2;0
"04/04/2024";"08:54:00";"20";"Sem vítima";"259,100";"BR-393/RJ";"Decrescente";"Colisão traseira";1;0;0;0;0;0;0;0;0;0;1;0;0;0;0
"05/04/2024";"17:36:00";"57";"Sem vítima";"281,000";"BR-393/RJ";"Decrescente";"Colisão lateral em sentido contrário";0;0;0;1;0;0;0;0;0;0;2;0;0;0;0
"06/04/2024";"23:12:08";"52";"Sem vítima";"285,800";"BR-393/RJ";"Decrescente";"Capotamento";1;0;0;0;0;0;0;0;0;0;0;0;0;0;0
"09/04/2024";"12:54:36";"42";"Com vítima";"201,800";"BR-393/RJ";"Decrescente";"Colisão lateral no mesmo sentido";0;0;0;1;0;0;0;0;0;0;0;0;0;1;0
"10/04/2024";"08:31:11";"17";"Com vítima";"282,600";"BR-393/RJ";"Crescente";"Colisão lateral em sentido contrário";0;0;1;0;0;0;0;0;0;0;0;0;0;1;0
"11/04/2024";"03:33:00";"8";"Sem vítima";"120,700";"BR-393/RJ";"Crescente";"Tombamento";0;0;1;0;0;0;0;0;0;0;1;0;0;0;0
"12/04/2024";"10:40:32";"33";"Com vítima";"124,000";"BR-393/RJ";"Decrescente";"Tombamento";0;0;1;0;0;0;0;0;0;0;0;0;0;1;0
"12/04/2024";"18:09:00";"58";"Sem vítima";"3,250";"Alça Sul ";"Decrescente";"Colisão lateral no mesmo sentido";1;0;0;0;0;0;0;0;0;0;2;0;0;0;0
"13/04/2024";"07:06:00";"14";"Com vítima";"168,800";"BR-393/RJ";"Decrescente";"Saída de pista";1;0;0;0;0;0;0;0;0;0;0;1;0;0;0
"13/04/2024";"08:05:37";"16";"Com vítima";"143,199";"BR-393/RJ";"Crescente";"Acidentes de outra natureza";0;0;0;0;0;0;0;0;0;0;0;0;0;0;0
"14/04/2024";"03:55:39";"6";"Com vítima";"252,199";"BR-393/RJ";"Decrescente";"Capotamento";1;0;0;0;0;0;0;0;0;0;0;0;0;1;0
"16/04/2024";"05:05:45";"14";"Com vítima";"215,900";"BR-393/RJ";"Decrescente";"Saída de pista";0;0;1;0;0;0;0;0;0;0;0;0;0;1;0
"16/04/2024";"16:32:00";"59";"Sem vítima";"133,990";"BR-393/RJ";"Decrescente";"Choque";0;0;1;0;0;0;0;0;0;0;1;0;0;0;0
"17/04/2024";"10:20:09";"24";"Sem vítima";"281,700";"BR-393/RJ";"Crescente";"Colisão frontal";0;0;1;0;0;0;0;0;0;0;1;0;0;0;0
"18/04/2024";"08:10:51";"16";"Com vítima";"133,199";"BR-393/RJ";"Crescente";"Acidentes de outra natureza";0;0;0;0;0;0;0;0;0;0;0;0;0;0;0
"18/04/2024";"10:35:00";"27";"Sem vítima";"220,700";"BR-393/RJ";"Decrescente";"Colisão lateral no mesmo sentido";0;0;1;0;0;0;0;0;0;0;2;0;0;0;0
"19/04/2024";"09:29:23";"20";"Com vítima";"133,990";"BR-393/RJ";"Decrescente";"Queda de moto";0;0;0;1;0;0;0;0;0;0;0;1;0;0;0
"20/04/2024";"13:07:43";"25";"Com vítima";"284,600";"BR-393/RJ";"Crescente";"Colisão lateral no mesmo sentido";1;0;0;0;0;0;0;0;0;0;1;0;0;0;0
"20/04/2024";"20:50:12";"43";"Com vítima";"280,899";"BR-393/RJ";"Decrescente";"Colisão lateral em sentido contrário";1;0;0;0;0;0;0;0;0;0;0;0;0;1;0
"21/04/2024";"22:39:00";"49";"Com vítima";"265,900";"BR-393/RJ";"Decrescente";"Tombamento";0;0;1;0;0;0;0;0;0;0;0;0;1;0;0
"22/04/2024";"07:53:42";"15";"Com vítima";"106,700";"BR-393/RJ";"Crescente";"Saída de pista";1;0;0;0;0;0;0;0;0;0;0;0;0;0;0
"24/04/2024";"09:56:49";"25";"Com vítima";"106,900";"BR-393/RJ";"Decrescente";"Colisão lateral no mesmo sentido";1;0;0;0;0;0;0;0;0;0;1;0;0;0;0
"24/04/2024";"14:08:59";"43";"Com vítima";"207,900";"BR-393/RJ";"Crescente";"Colisão lateral no mesmo sentido";1;0;0;0;0;0;0;0;0;0;0;0;0;1;0
"25/04/2024";"01:56:00";"2";"Com vítima";"110,200";"BR-393/RJ";"Decrescente";"Colisão frontal";0;0;0;1;0;0;0;0;0;0;0;0;0;0;2
"25/04/2024";"08:53:52";"32";"Com vítima";"218,599";"BR-393/RJ";"Crescente";"Colisão transversal";1;0;0;0;0;0;0;0;0;0;0;0;0;1;0
"25/04/2024";"17:06:25";"56";"Com vítima";"185,900";"BR-393/RJ";"Crescente";"Saída de pista";1;0;0;0;0;0;0;0;0;0;0;1;0;0;0
"25/04/2024";"17:59:26";"60";"Com vítima";"105,900";"BR-393/RJ";"Decrescente";"Colisão transversal";0;0;0;1;0;0;0;0;0;0;0;0;0;1;0
"26/04/2024";"12:56:46";"50";"Com vítima";"282,100";"BR-393/RJ";"Crescente";"Queda de moto";0;0;0;1;0;0;0;0;0;0;0;0;0;1;0
"26/04/2024";"21:12:00";"79";"Sem vítima";"235,700";"BR-393/RJ";"Crescente";"Colisão traseira";0;0;1;0;0;0;0;0;0;0;1;0;0;0;0
"28/04/2024";"03:08:00";"6";"Sem vítima";"195,000";"BR-393/RJ";"Crescente";"Colisão lateral no mesmo sentido";1;0;0;0;0;0;0;0;0;0;3;0;0;0;0
"29/04/2024";"17:08:00";"61";"Com vítima";"255,900";"BR-393/RJ";"Decrescente";"Choque";0;0;1;0;0;0;0;0;0;0;0;1;0;0;0
"29/04/2024";"18:17:00";"64";"Com vítima";"177,000";"BR-393/RJ";"Decrescente";"Colisão transversal";0;0;0;1;0;0;0;0;0;0;0;0;3;0;0
"02/05/2024";"16:23:00";"51";"Sem vítima";"177,400";"BR-393/RJ";"Decrescente";"Colisão traseira";1;0;0;0;0;0;0;0;0;0;2;0;0;0;0
"02/05/2024";"18:12:00";"58";"Sem vítima";"138,300";"BR-393/RJ";"Decrescente";"Atropelamento de animal";1;0;0;0;0;0;0;0;0;0;3;0;0;0;0
"03/05/2024";"06:24:00";"20";"Sem vítima";"230,699";"BR-393/RJ";"Crescente";"Colisão lateral no mesmo sentido";0;0;1;0;0;0;0;0;0;0;2;0;0;0;0
"03/05/2024";"14:48:41";"50";"Com vítima";"104,299";"BR-393/RJ";"Crescente";"Acidentes de outra natureza";0;0;0;0;0;0;0;0;0;0;0;0;0;0;0
"03/05/2024";"22:15:00";"74";"Com vítima";"176,800";"BR-393/RJ";"Decrescente";"Choque";1;0;0;0;0;0;0;0;0;0;0;2;0;0;0
"04/05/2024";"06:42:14";"17";"Com vítima";"254,300";"BR-393/RJ";"Decrescente";"Queda de moto";0;0;0;1;0;0;0;0;0;0;0;0;0;1;0
"05/05/2024";"10:30:00";"18";"Sem vítima";"227,599";"BR-393/RJ";"Crescente";"Saída de pista";1;0;0;0;0;0;0;0;0;0;0;0;0;0;0
"05/05/2024";"12:13:00";"21";"Com vítima";"267,600";"BR-393/RJ";"Crescente";"Choque";0;0;0;1;0;0;0;0;0;0;0;0;2;0;0
"05/05/2024";"16:10:00";"32";"Sem vítima";"135,800";"BR-393/RJ";"Crescente";"Colisão traseira";1;0;0;0;0;0;0;0;0;0;6;0;0;0;0
"05/05/2024";"19:42:01";"41";"Sem vítima";"280,699";"BR-393/RJ";"Crescente";"Colisão lateral em sentido contrário";1;0;0;0;0;0;0;0;0;0;1;0;0;0;0
"06/05/2024";"08:11:23";"19";"Com vítima";"132,300";"BR-393/RJ";"Decrescente";"Colisão traseira";0;0;0;1;0;0;0;0;0;0;0;0;0;1;0
"06/05/2024";"08:56:00";"22";"Sem vítima";"234,000";"BR-393/RJ";"Decrescente";"Colisão transversal";1;0;0;0;0;0;0;0;0;0;2;0;0;0;0
"06/05/2024";"11:16:00";"32";"Sem vítima";"238,400";"BR-393/RJ";"Crescente";"Colisão transversal";1;0;0;0;0;0;0;0;0;0;3;0;0;0;0
"06/05/2024";"12:26:00";"37";"Sem vítima";"243,400";"BR-393/RJ";"Decrescente";"Colisão lateral em sentido contrário";1;0;0;0;0;0;0;0;0;0;1;0;0;0;0
"06/05/2024";"18:48:04";"57";"Com vítima";"285,199";"BR-393/RJ";"Decrescente";"Colisão transversal";1;0;0;0;0;0;0;0;0;0;1;0;0;0;0
"07/05/2024";"08:18:55";"18";"Com vítima";"171,599";"BR-393/RJ";"Crescente";"Colisão transversal";1;0;0;0;0;0;0;0;0;0;0;1;0;0;0
"07/05/2024";"15:11:49";"36";"Com vítima";"234,900";"BR-393/RJ";"Decrescente";"Colisão traseira";1;0;0;0;0;0;0;0;0;0;0;1;0;0;0
"08/05/2024";"06:51:00";"15";"Com vítima";"103,000";"BR-393/RJ";"Crescente";"Colisão lateral no mesmo sentido";0;0;1;0;0;0;0;0;0;0;0;3;0;0;0
"08/05/2024";"07:25:55";"17";"Com vítima";"231,900";"BR-393/RJ";"Crescente";"Queda de moto";0;0;0;1;0;0;0;0;0;0;0;1;0;0;0
"08/05/2024";"08:05:00";"20";"Com vítima";"176,400";"BR-393/RJ";"Decrescente";"Colisão transversal";1;0;0;0;0;0;0;0;0;0;0;0;2;0;0
"08/05/2024";"13:38:00";"36";"Com vítima";"164,800";"BR-393/RJ";"Decrescente";"Tombamento";0;0;1;0;0;0;0;0;0;0;0;0;1;0;0
"08/05/2024";"14:30:19";"38";"Com vítima";"245,300";"BR-393/RJ";"Crescente";"Colisão transversal";1;0;0;0;0;0;0;0;0;0;1;0;0;0;0
"08/05/2024";"17:27:11";"46";"Com vítima";"284,000";"BR-393/RJ";"Crescente";"Colisão lateral no mesmo sentido";0;0;0;0;1;0;0;0;0;0;1;0;0;0;0
"10/05/2024";"20:30:09";"55";"Sem vítima";"282,899";"BR-393/RJ";"Decrescente";"Engavetamento";1;0;0;0;0;0;0;0;0;0;1;0;0;0;0
"13/05/2024";"13:05:00";"35";"Sem vítima";"213,199";"BR-393/RJ";"Crescente";"Colisão traseira";0;0;1;0;0;0;0;0;0;0;2;0;0;0;0
"13/05/2024";"21:57:11";"64";"Sem vítima";"247,800";"BR-393/RJ";"Crescente";"Colisão frontal";0;0;1;0;0;0;0;0;0;0;1;0;0;0;0
"14/05/2024";"15:20:47";"41";"Com vítima";"2,500";"Alça Sul ";"Decrescente";"Capotamento";1;0;0;0;0;0;0;0;0;0;0;1;0;0;0
"14/05/2024";"19:08:00";"55";"Sem vítima";"284,500";"BR-393/RJ";"Decrescente";"Colisão lateral no mesmo sentido";1;0;0;0;0;0;0;0;0;0;2;0;0;0;0
"15/05/2024";"12:22:15";"23";"Com vítima";"143,200";"BR-393/RJ";"Decrescente";"Colisão transversal";1;0;0;0;0;0;0;0;0;0;1;0;0;0;0
"15/05/2024";"15:26:45";"30";"Com vítima";"157,150";"BR-393/RJ";"Crescente";"Colisão lateral no mesmo sentido";0;0;1;0;0;0;0;0;0;0;1;0;0;0;0
"15/05/2024";"18:57:00";"42";"Com vítima";"282,199";"BR-393/RJ";"Crescente";"Queda de moto";0;0;0;1;0;0;0;0;0;0;0;1;0;0;0
"16/05/2024";"18:10:10";"51";"Com vítima";"281,699";"BR-393/RJ";"Crescente";"Colisão lateral no mesmo sentido";0;0;0;1;0;0;0;0;0;0;0;0;0;1;0
"18/05/2024";"11:49:06";"22";"Com vítima";"284,100";"BR-393/RJ";"Decrescente";"Colisão frontal";1;0;0;0;0;0;0;0;0;0;1;0;0;0;0
"18/05/2024";"19:47:58";"45";"Sem vítima";"238,000";"BR-393/RJ";"Decrescente";"Queda de moto";0;0;0;1;0;0;0;0;0;0;1;0;0;0;0
"19/05/2024";"03:32:49";"3";"Com vítima";"196,800";"BR-393/RJ";"Crescente";"Saída de pista";1;0;0;0;0;0;0;0;0;0;0;1;0;0;0
"19/05/2024";"21:24:00";"70";"Sem vítima";"248,800";"BR-393/RJ";"Decrescente";"Choque";1;0;0;0;0;0;0;0;0;0;3;0;0;0;0
"21/05/2024";"14:56:00";"45";"Com vítima";"213,300";"BR-393/RJ";"Decrescente";"Tombamento";0;0;1;0;0;0;0;0;0;0;0;0;1;0;0
"21/05/2024";"19:55:54";"54";"Com vítima";"168,400";"BR-393/RJ";"Crescente";"Colisão lateral no mesmo sentido";0;1;0;0;0;0;0;0;0;0;0;0;0;0;0
"22/05/2024";"09:09:00";"24";"Sem vítima";"179,199";"BR-393/RJ";"Crescente";"Colisão lateral em sentido contrário";1;0;0;0;0;0;0;0;0;0;2;0;0;0;0
"23/05/2024";"07:34:00";"19";"Sem vítima";"256,100";"BR-393/RJ";"Decrescente";"Colisão traseira";0;0;1;0;0;0;0;0;0;0;1;0;0;0;0
"23/05/2024";"08:32:00";"26";"Com vítima";"118,900";"BR-393/RJ";"Decrescente";"Tombamento";0;0;1;0;0;0;0;0;0;0;0;0;0;1;0
"23/05/2024";"09:50:23";"33";"Com vítima";"255,500";"BR-393/RJ";"Decrescente";"Colisão lateral no mesmo sentido";1;0;0;0;0;0;0;0;0;0;0;1;0;0;0
"23/05/2024";"10:49:44";"36";"Com vítima";"250,300";"BR-393/RJ";"Crescente";"Atropelamento de ciclista";0;1;0;0;0;0;0;0;0;0;0;0;0;0;0
"23/05/2024";"13:51:00";"50";"Com vítima";"238,500";"BR-393/RJ";"Decrescente";"Colisão transversal";1;0;0;0;0;0;0;0;0;0;0;2;0;0;0
"24/05/2024";"08:40:00";"24";"Com vítima";"140,000";"BR-393/RJ";"Decrescente";"Colisão lateral no mesmo sentido";1;0;0;0;0;0;0;0;0;0;0;2;0;0;0
"24/05/2024";"08:59:50";"20";"Com vítima";"176,199";"BR-393/RJ";"Decrescente";"Colisão traseira";0;0;1;0;0;0;0;0;0;0;1;0;0;0;0
"24/05/2024";"16:42:35";"51";"Sem vítima";"169,990";"BR-393/RJ";"Crescente";"Colisão transversal";1;0;0;0;0;0;0;0;0;0;0;0;0;0;0
"24/05/2024";"18:19:00";"57";"Com vítima";"1,000";"Alça Sul ";"Decrescente";"Colisão lateral no mesmo sentido";0;1;0;0;0;0;0;0;0;0;0;0;0;0;0
"24/05/2024";"19:02:00";"60";"Sem vítima";"270,699";"BR-393/RJ";"Crescente";"Saída de pista";1;0;0;0;0;0;0;0;0;0;1;0;0;0;0
"25/05/2024";"16:10:00";"53";"Com vítima";"237,800";"BR-393/RJ";"Decrescente";"Queda de moto";0;0;0;1;0;0;0;0;0;0;0;1;0;0;0
"25/05/2024";"19:48:09";"66";"Com vítima";"237,000";"BR-393/RJ";"Crescente";"Queda de moto";0;0;0;1;0;0;0;0;0;0;0;1;0;0;0
"26/05/2024";"07:10:15";"17";"Com vítima";"161,900";"BR-393/RJ";"Decrescente";"Queda de moto";0;0;0;1;0;0;0;0;0;0;0;1;0;0;0
"26/05/2024";"11:46:58";"27";"Com vítima";"262,699";"BR-393/RJ";"Crescente";"Saída de pista";1;0;0;0;0;0;0;0;0;0;1;0;0;0;0
"26/05/2024";"13:41:16";"29";"Com vítima";"130,200";"BR-393/RJ";"Decrescente";"Queda de moto";0;0;0;1;0;0;0;0;0;0;0;1;0;0;0
"26/05/2024";"14:45:00";"31";"Sem vítima";"120,000";"BR-393/RJ";"Decrescente";"Choque";1;0;0;0;0;0;0;0;0;0;1;0;0;0;0
"26/05/2024";"15:43:00";"38";"Sem vítima";"102,799";"BR-393/RJ";"Crescente";"Colisão transversal";1;0;0;0;0;0;0;0;0;0;3;0;0;0;0
"26/05/2024";"16:15:44";"41";"Com vítima";"154,990";"BR-393/RJ";"Decrescente";"Queda de moto";0;0;0;1;0;0;0;0;0;0;0;1;0;0;0
"26/05/2024";"19:09:39";"46";"Com vítima";"175,599";"BR-393/RJ";"Decrescente";"Colisão lateral no mesmo sentido";1;0;0;0;0;0;0;0;0;0;1;0;0;0;0
"26/05/2024";"19:21:00";"48";"Sem vítima";"120,000";"BR-393/RJ";"Decrescente";"Saída de pista";1;0;0;0;0;0;0;0;0;0;3;0;0;0;0
"27/05/2024";"03:26:00";"10";"Sem vítima";"205,000";"BR-393/RJ";"Decrescente";"Saída de pista";0;0;1;0;0;0;0;0;0;0;1;0;0;0;0
"27/05/2024";"12:35:00";"47";"Sem vítima";"284,199";"BR-393/RJ";"Decrescente";"Colisão traseira";1;0;0;0;0;0;0;0;0;0;6;0;0;0;0
"27/05/2024";"13:04:35";"49";"Sem vítima";"281,000";"BR-393/RJ";"Crescente";"Colisão lateral no mesmo sentido";1;0;0;0;0;0;0;0;0;0;1;0;0;0;0
"28/05/2024";"08:20:00";"18";"Sem vítima";"246,699";"BR-393/RJ";"Decrescente";"Choque";0;0;1;0;0;0;0;0;0;0;2;0;0;0;0
"28/05/2024";"10:35:00";"32";"Com vítima";"177,700";"BR-393/RJ";"Decrescente";"Colisão traseira";1;0;0;0;0;0;0;0;0;0;0;0;2;0;0
"29/05/2024";"13:29:00";"47";"Sem vítima";"280,000";"BR-393/RJ";"Decrescente";"Engavetamento";1;0;0;0;0;0;0;0;0;0;2;0;0;0;0
"29/05/2024";"17:56:22";"67";"Com vítima";"274,000";"BR-393/RJ";"Decrescente";"Queda de moto";0;0;0;1;0;0;0;0;0;0;0;0;0;1;0
"30/05/2024";"18:40:02";"44";"Com vítima";"221,400";"BR-393/RJ";"Decrescente";"Saída de pista";0;0;1;0;0;0;0;0;0;0;0;1;0;0;0
"31/05/2024";"13:28:08";"39";"Com vítima";"102,500";"BR-393/RJ";"Decrescente";"Colisão frontal";1;0;0;0;0;0;0;0;0;0;0;0;0;0;0
"01/06/2024";"11:10:00";"25";"Sem vítima";"282,600";"BR-393/RJ";"Crescente";"Engavetamento";1;0;0;0;0;0;0;0;0;0;7;0;0;0;0
"01/06/2024";"12:04:22";"27";"Com vítima";"282,899";"BR-393/RJ";"Decrescente";"Colisão lateral no mesmo sentido";0;0;1;0;0;0;0;0;0;0;0;1;0;0;0
"01/06/2024";"21:04:25";"60";"Com vítima";"239,800";"BR-393/RJ";"Crescente";"Colisão frontal";0;0;0;1;0;0;0;0;0;0;0;0;0;0;0
"02/06/2024";"07:24:29";"13";"Com vítima";"284,199";"BR-393/RJ";"Decrescente";"Engavetamento";1;0;0;0;0;0;0;0;0;0;1;0;0;0;0
"02/06/2024";"17:22:00";"36";"Com vítima";"178,400";"BR-393/RJ";"Decrescente";"Colisão traseira";1;0;0;0;0;0;0;0;0;0;0;0;6;0;0
"03/06/2024";"09:44:34";"22";"Com vítima";"285,500";"BR-393/RJ";"Crescente";"Engavetamento";1;0;0;0;0;0;0;0;0;0;1;0;0;0;0
"04/06/2024";"23:04:00";"60";"Com vítima";"177,200";"BR-393/RJ";"Crescente";"Choque";1;0;0;0;0;0;0;0;0;0;0;0;1;0;0
"05/06/2024";"05:41:00";"14";"Sem vítima";"279,100";"BR-393/RJ";"Crescente";"Colisão traseira";1;0;0;0;0;0;0;0;0;0;3;0;0;0;0
"05/06/2024";"07:41:17";"15";"Com vítima";"138,199";"BR-393/RJ";"Crescente";"Tombamento";0;0;1;0;0;0;0;0;0;0;0;0;0;1;0
"06/06/2024";"15:57:00";"43";"Sem vítima";"179,800";"BR-393/RJ";"Crescente";"Colisão traseira";1;0;0;0;0;0;0;0;0;0;1;0;0;0;0
"06/06/2024";"17:42:00";"46";"Sem vítima";"281,199";"BR-393/RJ";"Crescente";"Colisão frontal";1;0;0;0;0;0;0;0;0;0;2;0;0;0;0
"07/06/2024";"15:03:00";"41";"Sem vítima";"284,199";"BR-393/RJ";"Decrescente";"Colisão traseira";1;0;0;0;0;0;0;0;0;0;2;0;0;0;0
"08/06/2024";"16:59:00";"49";"Sem vítima";"281,199";"BR-393/RJ";"Crescente";"Colisão lateral em sentido contrário";0;0;0;1;0;0;0;0;0;0;2;0;0;0;0
"08/06/2024";"19:39:02";"53";"Com vítima";"237,800";"BR-393/RJ";"Decrescente";"Saída de pista";1;0;0;0;0;0;0;0;0;0;0;1;0;0;0
"09/06/2024";"19:18:00";"43";"Sem vítima";"253,100";"BR-393/RJ";"Crescente";"Colisão frontal";0;0;0;0;0;0;0;0;0;1;3;0;0;0;0
"09/06/2024";"21:52:37";"46";"Com vítima";"240,400";"BR-393/RJ";"Crescente";"Saída de pista";0;0;0;1;0;0;0;0;0;0;0;0;0;0;0
"10/06/2024";"04:31:00";"9";"Com vítima";"113,700";"BR-393/RJ";"Decrescente";"Colisão frontal";0;0;1;0;0;0;0;0;0;0;0;2;0;0;0
"10/06/2024";"15:32:56";"40";"Com vítima";"202,400";"BR-393/RJ";"Decrescente";"Choque";0;0;1;0;0;0;0;0;0;0;0;0;0;1;0
"10/06/2024";"17:35:33";"50";"Com vítima";"1,000";"Alça Sul ";"Decrescente";"Colisão lateral no mesmo sentido";1;0;0;0;0;0;0;0;0;0;1;0;0;0;0
"12/06/2024";"19:14:00";"60";"Com vítima";"279,000";"BR-393/RJ";"Decrescente";"Colisão lateral no mesmo sentido";0;1;0;0;0;0;0;0;0;0;0;0;0;0;0
"12/06/2024";"22:43:22";"72";"Com vítima";"251,500";"BR-393/RJ";"Crescente";"Colisão lateral no mesmo sentido";0;1;0;1;0;0;0;0;0;0;0;0;0;1;0
"13/06/2024";"19:37:00";"72";"Sem vítima";"103,384";"BR-393/RJ";"Decrescente";"Colisão traseira";0;0;1;0;0;0;0;0;0;0;1;0;0;0;0
"14/06/2024";"17:38:00";"64";"Sem vítima";"283,100";"BR-393/RJ";"Decrescente";"Colisão traseira";1;0;0;0;0;0;0;0;0;0;3;0;0;0;0
"15/06/2024";"17:32:00";"36";"Sem vítima";"132,200";"BR-393/RJ";"Decrescente";"Colisão traseira";1;0;0;0;0;0;0;0;0;0;2;0;0;0;0
"16/06/2024";"06:17:00";"15";"Sem vítima";"213,699";"BR-393/RJ";"Decrescente";"Atropelamento de animal";0;0;1;0;0;0;0;0;0;0;1;0;0;0;0
"16/06/2024";"06:59:43";"16";"Com vítima";"152,000";"BR-393/RJ";"Crescente";"Saída de pista";1;0;0;0;0;0;0;0;0;0;0;1;0;0;0
"16/06/2024";"19:14:00";"55";"Com vítima";"191,000";"BR-393/RJ";"Crescente";"Atropelamento de animal";0;0;1;0;0;0;0;0;0;0;0;0;1;0;0
"17/06/2024";"06:07:54";"17";"Com vítima";"274,300";"BR-393/RJ";"Decrescente";"Colisão frontal";1;0;0;0;0;0;0;0;0;1;0;0;0;3;0
"17/06/2024";"08:03:00";"20";"Sem vítima";"275,500";"BR-393/RJ";"Decrescente";"Colisão traseira";0;0;0;0;0;0;0;0;0;1;2;0;0;0;0
"18/06/2024";"08:48:50";"17";"Com vítima";"103,000";"BR-393/RJ";"Decrescente";"Colisão traseira";1;0;0;1;0;0;0;0;0;0;1;1;0;0;0
"18/06/2024";"21:34:00";"72";"Com vítima";"242,199";"BR-393/RJ";"Crescente";"Saída de pista";1;0;0;0;0;0;0;0;0;0;0;0;1;0;0
"19/06/2024";"06:52:00";"15";"Sem vítima";"286,199";"BR-393/RJ";"Decrescente";"Engavetamento";1;0;0;0;0;0;0;0;0;0;3;0;0;0;0
"19/06/2024";"07:49:00";"17";"Sem vítima";"255,500";"BR-393/RJ";"Decrescente";"Saída de pista";0;0;1;0;0;0;0;0;0;0;3;0;0;0;0
"19/06/2024";"11:37:42";"35";"Com vítima";"283,500";"BR-393/RJ";"Crescente";"Colisão transversal";0;0;0;1;0;0;0;0;0;0;0;1;0;0;0
"22/06/2024";"05:20:00";"17";"Com vítima";"198,300";"BR-393/RJ";"Decrescente";"Saída de pista";0;0;1;0;0;0;0;0;0;0;0;0;1;0;0
"22/06/2024";"22:27:00";"47";"Sem vítima";"279,800";"BR-393/RJ";"Crescente";"Engavetamento";1;0;0;0;0;0;0;0;0;0;3;0;0;0;0
"24/06/2024";"05:20:57";"12";"Com vítima";"171,500";"BR-393/RJ";"Decrescente";"Colisão traseira";0;0;1;0;0;0;0;0;0;1;2;0;0;1;0
"24/06/2024";"07:21:30";"14";"Com vítima";"172,599";"BR-393/RJ";"Decrescente";"Colisão traseira";1;0;0;1;0;0;0;0;0;0;1;0;0;1;0
"24/06/2024";"08:10:00";"21";"Sem vítima";"140,990";"BR-393/RJ";"Crescente";"Colisão traseira";0;0;1;0;0;0;0;0;0;0;1;0;0;0;0
"26/06/2024";"12:08:17";"34";"Com vítima";"240,500";"BR-393/RJ";"Decrescente";"Queda de moto";0;0;0;1;0;0;0;0;0;0;0;0;0;0;0