data;horario;n_da_ocorrencia;tipo_de_ocorrencia;km;trecho;sentido;tipo_de_acidente;automovel;bicicleta;caminhao;moto;onibus;outros;tracao_animal;transporte_de_cargas_especiais;trator_maquinas;utilitarios;ilesos;levemente_feridos;moderadamente_feridos;gravemente_feridos;mortos
"27/06/2024";"00:12:00";"1";"Com vítima";"201,699";"BR-393/RJ";"Crescente";"Colisão transversal";0;0;1;0;0;0;0;0;0;0;0;0;2;0;0
"27/06/2024";"09:34:26";"20";"Com vítima";"207,000";"BR-393/RJ";"Decrescente";"Colisão traseira";2;0;0;0;0;0;0;0;0;0;0;2;0;0;0
"27/06/2024";"16:44:31";"41";"Com vítima";"282,199";"BR-393/RJ";"Decrescente";"Colisão transversal";1;0;1;1;0;0;0;0;0;0;2;1;0;0;0
"28/06/2024";"09:00:00";"21";"Sem vítima";"178,500";"BR-393/RJ";"Decrescente";"Colisão traseira";1;0;0;0;0;0;0;0;0;0;2;0;0;0;0
"29/06/2024";"07:48:00";"16";"Sem vítima";"284,199";"BR-393/RJ";"Decrescente";"Colisão traseira";1;0;0;0;0;0;0;0;0;0;3;0;0;0;0
"29/06/2024";"12:37:17";"31";"Com vítima";"281,300";"BR-393/RJ";"Crescente";"Colisão transversal";1;0;0;1;0;0;0;0;0;0;3;0;0;1;0
"29/06/2024";"13:22:16";"32";"Com vítima";"283,500";"BR-393/RJ";"Decrescente";"Colisão transversal";0;0;0;2;0;0;0;0;0;0;0;0;0;2;0
"29/06/2024";"15:49:00";"42";"Sem vítima";"280,600";"BR-393/RJ";"Crescente";"Colisão traseira";1;0;1;0;0;0;0;0;0;0;3;0;0;0;0
"30/06/2024";"03:03:01";"2";"Com vítima";"242,500";"BR-393/RJ";"Decrescente";"Choque";1;0;0;0;0;0;0;0;0;0;0;0;0;1;0
"30/06/2024";"18:34:25";"35";"Sem vítima";"129,600";"BR-393/RJ";"Crescente";"Colisão lateral no mesmo sentido";1;0;0;0;0;0;0;0;0;0;1;0;0;0;0
"01/07/2024";"07:25:00";"18";"Sem vítima";"284,399";"BR-393/RJ";"Crescente";"Engavetamento";0;0;1;0;0;0;0;0;0;0;5;0;0;0;0
"01/07/2024";"16:54:00";"40";"Sem vítima";"285,399";"BR-393/RJ";"Decrescente";"Colisão lateral no mesmo sentido";1;0;0;0;0;0;0;0;0;0;2;0;0;0;0
"01/07/2024";"18:36:14";"45";"Com vítima";"134,990";"BR-393/RJ";"Decrescente";"Queda de moto";0;0;0;1;0;0;0;0;0;0;0;0;0;1;0
"03/07/2024";"16:40:00";"59";"Sem vítima";"163,300";"BR-393/RJ";"Decrescente";"Engavetamento";1;0;0;0;0;0;0;0;0;0;5;0;0;0;0
"04/07/2024";"08:43:00";"23";"Sem vítima";"268,100";"BR-393/RJ";"Crescente";"Colisão transversal";1;0;0;0;0;0;0;0;0;0;4;0;0;0;0
"04/07/2024";"11:31:00";"39";"Sem vítima";"140,900";"BR-393/RJ";"Crescente";"Colisão transversal";1;0;0;0;0;0;0;0;0;0;3;0;0;0;0
"04/07/2024";"18:50:49";"61";"Sem vítima";"280,500";"BR-393/RJ";"Crescente";"Colisão traseira";2;0;0;0;0;0;0;0;0;0;2;0;0;0;0
"05/07/2024";"09:42:00";"25";"Sem vítima";"275,000";"BR-393/RJ";"Decrescente";"Colisão traseira";1;0;0;0;0;0;0;0;0;0;2;0;0;0;0
"05/07/2024";"18:45:00";"53";"Sem vítima";"238,500";"BR-393/RJ";"Decrescente";"Colisão transversal";0;0;0;0;0;0;0;0;0;1;2;0;0;0;0
"06/07/2024";"02:54:54";"3";"Com vítima";"141,400";"BR-393/RJ";"Decrescente";"Saída de pista";1;0;0;0;0;0;0;0;0;0;0;0;0;1;0
"06/07/2024";"10:22:39";"19";"Com vítima";"158,400";"BR-393/RJ";"Decrescente";"Capotamento";1;0;1;0;0;0;0;0;0;0;2;1;0;1;0
"07/07/2024";"09:58:00";"6";"Com vítima";"257,800";"BR-393/RJ";"Decrescente";"Choque";0;0;1;0;0;0;0;0;0;0;0;0;1;0;0
"07/07/2024";"14:51:01";"17";"Com vítima";"242,914";"BR-393/RJ";"Crescente";"Saída de pista";1;0;0;0;0;0;0;0;0;0;0;1;0;0;0
"07/07/2024";"19:03:00";"44";"Sem vítima";"235,199";"BR-393/RJ";"Decrescente";"Choque";1;0;0;0;0;0;0;0;0;0;1;0;0;0;0
"07/07/2024";"19:10:00";"45";"Com vítima";"282,800";"BR-393/RJ";"Decrescente";"Colisão frontal";1;0;0;0;0;0;0;0;0;0;0;0;6;0;0
"08/07/2024";"05:10:55";"8";"Com vítima";"198,800";"BR-393/RJ";"Decrescente";"Atropelamento de animal";1;0;0;0;0;0;0;0;0;0;0;1;0;0;0
"09/07/2024";"07:55:07";"9";"Sem vítima";"225,199";"BR-393/RJ";"Decrescente";"Saída de pista";1;0;0;0;0;0;0;0;0;0;1;0;0;0;0
"09/07/2024";"12:15:00";"32";"Com vítima";"277,699";"BR-393/RJ";"Crescente";"Colisão transversal";0;0;0;1;0;0;0;0;0;0;0;2;0;0;0
"10/07/2024";"12:01:37";"30";"Com vítima";"105,300";"BR-393/RJ";"Decrescente";"Acidentes de outra natureza";0;0;0;1;0;0;0;0;0;0;0;0;0;4;0
"10/07/2024";"12:45:12";"34";"Sem vítima";"140,199";"BR-393/RJ";"Decrescente";"Tombamento";1;0;0;0;0;0;0;0;0;0;0;0;0;0;0
"10/07/2024";"19:22:00";"56";"Com vítima";"167,500";"BR-393/RJ";"Crescente";"Colisão traseira";1;0;0;0;0;0;0;0;0;0;0;4;0;0;0
"11/07/2024";"08:22:41";"14";"Com vítima";"250,800";"BR-393/RJ";"Crescente";"Saída de pista";1;0;0;0;0;0;0;0;0;0;0;1;0;0;0
"12/07/2024";"17:49:50";"53";"Com vítima";"282,399";"BR-393/RJ";"Decrescente";"Colisão lateral no mesmo sentido";1;0;0;1;0;0;0;0;0;0;2;0;0;1;0
"13/07/2024";"16:29:55";"44";"Com vítima";"136,400";"BR-393/RJ";"Decrescente";"Capotamento";1;0;0;0;0;0;0;0;0;0;0;0;0;1;0
"14/07/2024";"02:41:00";"5";"Com vítima";"283,300";"BR-393/RJ";"Decrescente";"Choque";1;0;0;0;0;0;0;0;0;0;0;1;0;0;0
"14/07/2024";"10:42:00";"26";"Sem vítima";"168,000";"BR-393/RJ";"Crescente";"Colisão transversal";1;0;0;0;0;0;0;0;0;0;2;0;0;0;0
"14/07/2024";"22:04:00";"63";"Sem vítima";"211,900";"BR-393/RJ";"Decrescente";"Saída de pista";1;0;0;0;0;0;0;0;0;0;2;0;0;0;0
"16/07/2024";"08:46:00";"15";"Sem vítima";"273,899";"BR-393/RJ";"Crescente";"Saída de pista";0;0;1;0;0;0;0;0;0;0;1;0;0;0;0
"16/07/2024";"19:03:37";"59";"Sem vítima";"276,100";"BR-393/RJ";"Crescente";"Colisão traseira";2;0;0;0;0;0;0;0;0;0;4;0;0;0;0
"17/07/2024";"10:12:40";"25";"Com vítima";"244,599";"BR-393/RJ";"Decrescente";"Colisão traseira";2;0;0;0;0;0;0;0;0;0;1;1;0;0;0
"17/07/2024";"13:30:00";"44";"Sem vítima";"146,800";"BR-393/RJ";"Decrescente";"Colisão traseira";0;0;1;0;0;0;0;0;0;0;2;0;0;0;0
"17/07/2024";"17:41:53";"56";"Com vítima";"169,500";"BR-393/RJ";"Crescente";"Saída de pista";0;0;0;0;0;0;0;0;0;1;0;0;0;1;0
"17/07/2024";"22:20:00";"77";"Sem vítima";"240,300";"BR-393/RJ";"Decrescente";"Saída de pista";1;0;0;0;0;0;0;0;0;0;1;0;0;0;0
"18/07/2024";"11:45:00";"44";"Com vítima";"210,000";"BR-393/RJ";"Decrescente";"Colisão lateral no mesmo sentido";1;0;0;0;0;0;0;0;0;0;0;2;0;0;0
"18/07/2024";"12:51:38";"46";"Com vítima";"106,000";"BR-393/RJ";"Decrescente";"Colisão lateral no mesmo sentido";1;0;0;1;0;0;0;0;0;0;1;0;0;0;0
"19/07/2024";"10:36:52";"24";"Com vítima";"281,100";"BR-393/RJ";"Crescente";"Queda de moto";0;0;0;1;0;0;0;0;0;0;0;1;0;0;0
"19/07/2024";"15:28:27";"49";"Com vítima";"205,800";"BR-393/RJ";"Crescente";"Choque";1;0;0;0;0;0;0;0;0;0;0;0;0;3;0
"20/07/2024";"23:54:00";"60";"Sem vítima";"247,300";"BR-393/RJ";"Crescente";"Atropelamento de animal";0;0;1;0;0;0;0;0;0;0;1;0;0;0;0
"21/07/2024";"15:44:23";"37";"Com vítima";"258,990";"BR-393/RJ";"Decrescente";"Queda de moto";0;0;0;1;0;0;0;0;0;0;1;0;0;0;0
"21/07/2024";"22:54:32";"55";"Sem vítima";"219,900";"BR-393/RJ";"Decrescente";"Atropelamento de animal";0;0;1;0;0;0;0;0;0;0;1;0;0;0;0
"22/07/2024";"09:42:54";"22";"Com vítima";"168,500";"BR-393/RJ";"Decrescente";"Queda de moto";0;0;0;1;0;0;0;0;0;0;0;1;0;0;0
"22/07/2024";"10:11:00";"23";"Sem vítima";"131,000";"BR-393/RJ";"Decrescente";"Colisão traseira";1;0;0;0;0;0;0;0;0;0;0;0;0;0;0
"23/07/2024";"17:58:00";"54";"Sem vítima";"284,600";"BR-393/RJ";"Decrescente";"Engavetamento";1;0;0;0;0;0;0;0;0;0;2;0;0;0;0
"24/07/2024";"06:11:00";"2";"Sem vítima";"265,000";"BR-393/RJ";"Crescente";"Colisão traseira";0;0;1;0;0;0;0;0;0;0;3;0;0;0;0
"24/07/2024";"10:02:58";"21";"Sem vítima";"284,300";"BR-393/RJ";"Decrescente";"Choque";1;0;0;0;0;0;0;0;0;0;1;0;0;0;0
"25/07/2024";"10:45:00";"28";"Com vítima";"279,399";"BR-393/RJ";"Crescente";"Colisão traseira";1;0;0;0;0;0;0;0;0;0;0;2;0;0;0
"25/07/2024";"22:55:00";"76";"Sem vítima";"187,100";"BR-393/RJ";"Decrescente";"Saída de pista";0;0;1;0;0;0;0;0;0;0;0;0;0;0;0
"26/07/2024";"15:13:57";"57";"Com vítima";"130,900";"BR-393/RJ";"Decrescente";"Colisão traseira";1;0;1;0;0;0;0;0;0;0;5;1;0;0;0
"26/07/2024";"16:37:00";"66";"Sem vítima";"264,899";"BR-393/RJ";"Crescente";"Colisão traseira";1;0;0;0;0;0;0;0;0;0;2;0;0;0;0
"27/07/2024";"08:26:00";"16";"Sem vítima";"150,900";"BR-393/RJ";"Crescente";"Colisão lateral em sentido contrário";1;0;0;0;0;0;0;0;0;0;4;0;0;0;0
"28/07/2024";"10:39:00";"18";"Sem vítima";"257,800";"BR-393/RJ";"Crescente";"Queda de moto";0;0;0;1;0;0;0;0;0;0;0;0;0;1;0
"28/07/2024";"16:26:42";"43";"Com vítima";"175,618";"BR-393/RJ";"Crescente";"Colisão transversal";1;0;0;0;0;0;0;0;0;0;0;1;0;0;0
"28/07/2024";"21:37:37";"70";"Sem vítima";"155,699";"BR-393/RJ";"Decrescente";"Acidentes de outra natureza";1;0;0;0;0;0;0;0;0;0;5;0;0;0;0
"29/07/2024";"18:09:46";"59";"Com vítima";"190,699";"BR-393/RJ";"Crescente";"Saída de pista";1;0;0;0;0;0;0;0;0;0;2;0;0;1;0
"30/07/2024";"08:31:00";"12";"Sem vítima";"171,600";"BR-393/RJ";"Decrescente";"Colisão lateral no mesmo sentido";0;0;0;1;0;0;0;0;0;0;4;0;0;0;0
"30/07/2024";"19:35:14";"64";"Com vítima";"239,300";"BR-393/RJ";"Decrescente";"Saída de pista";0;0;1;0;0;0;0;0;0;0;0;1;0;0;0
"31/07/2024";"11:59:01";"28";"Com vítima";"260,600";"BR-393/RJ";"Crescente";"Saída de pista";0;0;1;0;0;0;0;0;0;0;0;1;0;0;0
"31/07/2024";"14:25:00";"43";"Com vítima";"151,800";"BR-393/RJ";"Decrescente";"Tombamento";0;0;1;0;0;0;0;0;0;0;0;1;0;0;0
"01/08/2024";"04:49:14";"3";"Com vítima";"249,701";"BR-393/RJ";"Crescente";"Colisão lateral no mesmo sentido";0;0;0;1;0;0;0;0;0;0;0;0;0;0;0
"01/08/2024";"09:04:56";"13";"Com vítima";"186,800";"BR-393/RJ";"Decrescente";"Colisão lateral em sentido contrário";0;0;1;0;0;0;0;0;0;0;0;0;0;1;0
"01/08/2024";"16:34:00";"55";"Sem vítima";"2,500";"Alça Sul ";"Crescente";"Colisão transversal";1;0;0;0;0;0;0;0;0;0;2;0;0;0;0
"03/08/2024";"11:15:00";"25";"Sem vítima";"285,500";"BR-393/RJ";"Crescente";"Engavetamento";1;0;0;0;0;0;0;0;0;0;2;0;0;0;0
"03/08/2024";"12:54:11";"31";"Com vítima";"106,299";"BR-393/RJ";"Decrescente";"Queda de moto";0;0;0;1;0;0;0;0;0;0;0;0;0;0;0
"04/08/2024";"05:25:00";"5";"Sem vítima";"143,990";"BR-393/RJ";"Crescente";"Saída de pista";1;0;0;0;0;0;0;0;0;0;1;0;0;0;0
"05/08/2024";"07:05:08";"8";"Com vítima";"280,100";"BR-393/RJ";"Crescente";"Colisão transversal";1;0;0;1;0;0;0;0;0;0;1;0;0;1;0
"05/08/2024";"13:03:00";"36";"Sem vítima";"282,000";"BR-393/RJ";"Decrescente";"Queda de moto";0;0;0;1;0;0;0;0;0;0;1;0;0;0;0
"06/08/2024";"07:21:00";"15";"Sem vítima";"280,700";"BR-393/RJ";"Crescente";"Engavetamento";1;0;0;0;0;0;0;0;0;0;2;0;0;0;0
"06/08/2024";"13:20:00";"54";"Sem vítima";"285,500";"BR-393/RJ";"Crescente";"Colisão traseira";1;0;0;0;0;0;0;0;0;0;2;0;0;0;0
"06/08/2024";"13:50:51";"55";"Sem vítima";"284,301";"BR-393/RJ";"Crescente";"Engavetamento";3;0;0;0;0;0;0;0;0;0;5;0;0;0;0
"06/08/2024";"18:52:09";"67";"Com vítima";"168,199";"BR-393/RJ";"Decrescente";"Colisão lateral no mesmo sentido";1;0;0;1;0;0;0;0;0;0;1;0;0;1;0
"07/08/2024";"08:27:30";"13";"Com vítima";"230,699";"BR-393/RJ";"Decrescente";"Colisão lateral no mesmo sentido";1;0;0;0;0;0;0;0;0;0;0;1;0;0;0
"07/08/2024";"13:57:00";"41";"Com vítima";"219,699";"BR-393/RJ";"Crescente";"Acidentes de outra natureza";1;0;0;0;0;0;0;0;0;0;0;0;0;2;0
"08/08/2024";"09:13:56";"7";"Com vítima";"173,400";"BR-393/RJ";"Decrescente";"Colisão traseira";1;0;1;0;0;0;0;0;0;0;0;3;0;0;0
"08/08/2024";"17:21:20";"47";"Com vítima";"171,500";"BR-393/RJ";"Crescente";"Colisão transversal";1;0;0;0;0;0;0;0;0;1;0;3;0;0;0
"08/08/2024";"17:59:00";"51";"Com vítima";"165,900";"BR-393/RJ";"Crescente";"Colisão lateral no mesmo sentido";1;0;0;0;0;0;0;0;0;0;0;2;0;0;0
"09/08/2024";"13:07:00";"43";"Sem vítima";"235,000";"BR-393/RJ";"Decrescente";"Colisão lateral no mesmo sentido";0;0;1;0;0;0;0;0;0;0;3;0;0;0;0
"09/08/2024";"22:14:49";"63";"Sem vítima";"271,600";"BR-393/RJ";"Decrescente";"Queda de moto";0;0;0;1;0;0;0;0;0;0;1;0;0;0;0
"10/08/2024";"04:50:02";"8";"Sem vítima";"169,199";"BR-393/RJ";"Decrescente";"Atropelamento de animal";1;0;0;0;0;0;0;0;0;0;3;0;0;0;0
"10/08/2024";"07:14:00";"10";"Sem vítima";"172,300";"BR-393/RJ";"Decrescente";"Capotamento";1;0;0;0;0;0;0;0;0;0;1;0;0;0;0
"10/08/2024";"12:28:00";"28";"Sem vítima";"174,300";"BR-393/RJ";"Crescente";"Choque";1;0;0;0;0;0;0;0;0;0;1;0;0;0;0
"10/08/2024";"13:38:00";"29";"Com vítima";"262,800";"BR-393/RJ";"Crescente";"Choque";1;0;0;0;0;0;0;0;0;0;0;0;5;0;0
"11/08/2024";"15:11:50";"34";"Com vítima";"155,000";"BR-393/RJ";"Decrescente";"Colisão lateral no mesmo sentido";1;0;0;1;0;0;0;0;0;0;4;0;0;1;0
"11/08/2024";"19:30:00";"62";"Com vítima";"256,800";"BR-393/RJ";"Crescente";"Colisão traseira";0;0;0;1;0;0;0;0;0;0;0;4;0;0;0
"11/08/2024";"22:21:00";"68";"Sem vítima";"284,100";"BR-393/RJ";"Crescente";"Saída de pista";1;0;0;0;0;0;0;0;0;0;0;0;0;0;0
"12/08/2024";"09:46:00";"20";"Sem vítima";"281,100";"BR-393/RJ";"Crescente";"Colisão traseira";1;0;0;0;0;0;0;0;0;0;4;0;0;0;0
"13/08/2024";"02:04:00";"3";"Com vítima";"121,900";"BR-393/RJ";"Crescente";"Saída de pista";0;0;0;0;1;0;0;0;0;0;0;30;0;0;0
"13/08/2024";"11:56:00";"35";"Sem vítima";"281,199";"BR-393/RJ";"Crescente";"Colisão lateral no mesmo sentido";0;0;1;0;0;0;0;0;0;0;2;0;0;0;0
"13/08/2024";"21:58:40";"63";"Sem vítima";"177,699";"BR-393/RJ";"Crescente";"Colisão traseira";0;0;2;0;0;0;0;0;0;0;4;0;0;0;0
"14/08/2024";"07:50:05";"9";"Com vítima";"134,699";"BR-393/RJ";"Decrescente";"Colisão lateral em sentido contrário";2;0;0;0;0;0;0;0;0;0;1;1;0;1;0
"14/08/2024";"07:55:39";"10";"Com vítima";"280,899";"BR-393/RJ";"Crescente";"Colisão transversal";0;0;0;2;0;0;0;0;0;0;2;0;0;1;0
"14/08/2024";"13:42:49";"38";"Com vítima";"280,100";"BR-393/RJ";"Crescente";"Colisão transversal";1;0;0;1;0;0;0;0;0;0;3;1;0;0;0
"14/08/2024";"18:26:48";"55";"Sem vítima";"285,899";"BR-393/RJ";"Decrescente";"Colisão traseira";2;0;0;0;0;0;0;0;0;0;3;0;0;0;0
"15/08/2024";"10:22:18";"40";"Com vítima";"285,899";"BR-393/RJ";"Crescente";"Colisão traseira";2;0;0;0;0;0;0;0;0;0;0;1;0;0;0
"16/08/2024";"08:19:34";"16";"Com vítima";"175,199";"BR-393/RJ";"Decrescente";"Colisão traseira";1;0;0;1;0;0;0;0;0;0;2;1;0;0;0
"16/08/2024";"15:32:44";"56";"Com vítima";"259,600";"BR-393/RJ";"Decrescente";"Choque";1;0;0;0;0;0;0;0;0;0;0;1;0;2;0
"17/08/2024";"12:24:29";"23";"Com vítima";"179,900";"BR-393/RJ";"Crescente";"Colisão frontal";2;0;0;0;0;0;0;0;0;0;0;0;0;3;0
"18/08/2024";"00:47:00";"1";"Sem vítima";"2,400";"Alça Sul ";"Crescente";"Atropelamento de animal";1;0;0;0;0;0;0;0;0;0;4;0;0;0;0
"18/08/2024";"09:30:28";"20";"Com vítima";"164,500";"BR-393/RJ";"Decrescente";"Colisão lateral em sentido contrário";1;0;0;0;0;0;0;0;0;0;0;1;0;0;0
"18/08/2024";"11:07:00";"28";"Com vítima";"131,400";"BR-393/RJ";"Crescente";"Tombamento";0;0;1;0;0;0;0;0;0;0;0;3;0;0;0
"18/08/2024";"14:06:00";"37";"Sem vítima";"279,699";"BR-393/RJ";"Crescente";"Engavetamento";1;0;0;0;0;0;0;0;0;0;4;0;0;0;0
"18/08/2024";"22:52:03";"68";"Com vítima";"220,199";"BR-393/RJ";"Decrescente";"Queda de moto";1;0;0;1;0;0;0;0;0;0;1;0;0;0;0
"19/08/2024";"07:49:57";"10";"Sem vítima";"286,000";"BR-393/RJ";"Crescente";"Engavetamento";1;0;0;0;0;0;0;0;0;0;1;0;0;0;0
"19/08/2024";"20:59:42";"61";"Com vítima";"285,399";"BR-393/RJ";"Crescente";"Colisão lateral no mesmo sentido";2;0;0;0;0;0;0;0;0;0;0;2;0;0;0
"21/08/2024";"07:51:00";"7";"Sem vítima";"280,000";"BR-393/RJ";"Decrescente";"Colisão traseira";1;0;0;0;0;0;0;0;0;0;4;0;0;0;0
"21/08/2024";"12:22:00";"44";"Com vítima";"149,990";"BR-393/RJ";"Crescente";"Saída de pista";0;0;1;0;0;0;0;0;0;0;0;1;0;0;0
"22/08/2024";"18:39:00";"54";"Sem vítima";"279,899";"BR-393/RJ";"Crescente";"Colisão traseira";1;0;0;0;0;0;0;0;0;1;2;0;0;0;0
"23/08/2024";"07:32:00";"8";"Sem vítima";"281,100";"BR-393/RJ";"Crescente";"Colisão traseira";0;0;1;0;0;0;0;0;0;0;2;0;0;0;0
"23/08/2024";"19:10:00";"72";"Sem vítima";"177,800";"BR-393/RJ";"Decrescente";"Colisão traseira";1;0;0;0;0;0;0;0;0;0;6;0;0;0;0
"24/08/2024";"06:58:00";"11";"Com vítima";"179,000";"BR-393/RJ";"Crescente";"Choque";1;0;0;0;0;0;0;0;0;0;0;1;0;0;0
"24/08/2024";"22:42:00";"52";"Com vítima";"280,000";"BR-393/RJ";"Crescente";"Colisão transversal";1;0;0;1;0;0;0;0;0;0;0;1;0;1;0
"25/08/2024";"06:45:00";"8";"Sem vítima";"285,899";"BR-393/RJ";"Decrescente";"Choque";1;0;0;0;0;0;0;0;0;0;1;0;0;0;0
"25/08/2024";"17:07:00";"39";"Com vítima";"285,000";"BR-393/RJ";"Decrescente";"Colisão transversal";2;0;0;0;0;0;0;0;0;0;0;3;0;0;0
"26/08/2024";"06:37:00";"5";"Sem vítima";"255,500";"BR-393/RJ";"Decrescente";"Saída de pista";1;0;0;0;0;0;0;0;0;0;1;0;0;0;0
"26/08/2024";"07:34:00";"7";"Com vítima";"233,900";"BR-393/RJ";"Decrescente";"Colisão lateral no mesmo sentido";0;0;1;1;0;0;0;0;0;0;1;0;0;1;0
"26/08/2024";"11:28:00";"34";"Sem vítima";"136,400";"BR-393/RJ";"Decrescente";"Saída de pista";1;0;0;0;0;0;0;0;0;0;2;0;0;0;0
"27/08/2024";"09:01:00";"21";"Sem vítima";"280,899";"BR-393/RJ";"Decrescente";"Colisão traseira";1;0;0;0;0;0;0;0;0;0;4;0;0;0;0
"28/08/2024";"18:34:00";"59";"Com vítima";"236,000";"BR-393/RJ";"Decrescente";"Queda de moto";0;0;0;1;0;0;0;0;0;0;0;0;0;1;0
"28/08/2024";"20:43:00";"66";"Com vítima";"202,199";"BR-393/RJ";"Crescente";"Colisão lateral no mesmo sentido";1;0;0;0;0;0;0;0;0;0;0;3;0;0;0
"29/08/2024";"06:40:00";"3";"Com vítima";"262,199";"BR-393/RJ";"Crescente";"Colisão lateral no mesmo sentido";1;0;1;0;0;0;0;0;0;0;1;0;0;2;0
"29/08/2024";"16:15:00";"49";"Sem vítima";"162,900";"BR-393/RJ";"Crescente";"Queda de moto";0;0;0;1;0;0;0;0;0;0;0;0;0;0;0
"30/08/2024";"16:34:00";"48";"Sem vítima";"238,300";"BR-393/RJ";"Decrescente";"Colisão traseira";1;0;0;0;0;0;0;0;0;0;4;0;0;0;0
"30/08/2024";"21:18:00";"60";"Com vítima";"257,800";"BR-393/RJ";"Decrescente";"Tombamento";0;0;1;0;0;0;0;0;0;0;0;0;0;1;0
"31/08/2024";"13:20:00";"23";"Sem vítima";"265,100";"BR-393/RJ";"Decrescente";"Colisão lateral no mesmo sentido";0;0;1;0;0;0;0;0;0;0;2;0;0;0;0
"02/09/2024";"10:56:00";"32";"Com vítima";"285,000";"BR-393/RJ";"Crescente";"Queda de moto";0;0;0;1;0;0;0;0;0;0;0;0;0;1;0
"02/09/2024";"18:42:00";"61";"Com vítima";"122,000";"BR-393/RJ";"Decrescente";"Saída de pista";1;0;0;0;0;0;0;0;0;0;0;0;0;1;0
"03/09/2024";"18:58:00";"43";"Com vítima";"285,500";"BR-393/RJ";"Decrescente";"Engavetamento";3;0;0;0;0;0;0;0;0;0;7;0;0;1;0
"03/09/2024";"19:17:00";"44";"Sem vítima";"203,500";"BR-393/RJ";"Decrescente";"Atropelamento de animal";0;0;1;0;0;0;0;0;0;0;1;0;0;0;0
"04/09/2024";"22:29:00";"76";"Com vítima";"271,399";"BR-393/RJ";"Decrescente";"Colisão frontal";0;0;0;0;0;0;0;0;0;1;0;0;0;0;0
"05/09/2024";"14:10:00";"41";"Sem vítima";"265,000";"BR-393/RJ";"Crescente";"Colisão traseira";0;0;0;0;0;0;0;0;0;1;3;0;0;0;0
"06/09/2024";"09:16:00";"27";"Sem vítima";"267,800";"BR-393/RJ";"Crescente";"Colisão transversal";1;0;0;0;0;0;0;0;0;0;4;0;0;0;0
"06/09/2024";"16:50:00";"45";"Com vítima";"168,000";"BR-393/RJ";"Crescente";"Colisão transversal";1;0;0;0;0;0;0;0;0;0;0;1;0;0;0
"06/09/2024";"17:38:00";"50";"Sem vítima";"177,900";"BR-393/RJ";"Decrescente";"Colisão traseira";0;0;0;0;0;0;0;0;0;1;3;0;0;0;0
"07/09/2024";"08:32:00";"21";"Sem vítima";"143,000";"BR-393/RJ";"Crescente";"Choque";1;0;0;0;0;0;0;0;0;0;1;0;0;0;0
"07/09/2024";"10:41:00";"28";"Com vítima";"137,300";"BR-393/RJ";"Decrescente";"Colisão traseira";1;0;0;1;0;0;0;0;0;0;3;0;0;1;0
"07/09/2024";"19:31:00";"51";"Com vítima";"1,300";"Alça Sul ";"Crescente";"Colisão frontal";0;1;0;1;0;0;0;0;0;0;0;0;0;1;0
"07/09/2024";"22:43:00";"61";"Com vítima";"235,300";"BR-393/RJ";"Decrescente";"Colisão lateral no mesmo sentido";2;0;0;0;0;0;0;0;0;0;1;0;0;1;0
"07/09/2024";"23:26:00";"62";"Sem vítima";"239,000";"BR-393/RJ";"Crescente";"Saída de pista";1;0;0;0;0;0;0;0;0;0;2;0;0;0;0
"08/09/2024";"12:04:00";"31";"Com vítima";"186,699";"BR-393/RJ";"Decrescente";"Queda de moto";0;0;0;1;0;0;0;0;0;0;0;0;0;0;0
"08/09/2024";"18:26:00";"56";"Com vítima";"226,300";"BR-393/RJ";"Decrescente";"Saída de pista";1;0;1;0;0;0;0;0;0;0;1;0;0;0;0
"10/09/2024";"01:21:00";"1";"Sem vítima";"253,000";"BR-393/RJ";"Decrescente";"Colisão transversal";0;0;1;0;0;0;0;0;0;0;1;0;0;0;0
"10/09/2024";"06:30:00";"9";"Com vítima";"244,000";"BR-393/RJ";"Decrescente";"Queda de moto";0;0;0;1;0;0;0;0;0;0;0;0;0;1;0
"10/09/2024";"07:42:00";"13";"Com vítima";"107,000";"BR-393/RJ";"Decrescente";"Colisão transversal";1;0;0;1;0;0;0;0;0;0;1;1;0;0;0
"10/09/2024";"18:45:00";"67";"Sem vítima";"148,990";"BR-393/RJ";"Decrescente";"Tombamento";0;0;1;0;0;0;0;0;0;0;3;0;0;0;0
"10/09/2024";"18:53:00";"68";"Sem vítima";"282,000";"BR-393/RJ";"Crescente";"Colisão lateral no mesmo sentido";1;0;0;0;0;0;0;0;0;0;1;0;0;0;0
"10/09/2024";"19:07:00";"71";"Sem vítima";"279,000";"BR-393/RJ";"Decrescente";"Colisão traseira";1;0;0;0;0;0;0;0;0;0;2;0;0;0;0
"11/09/2024";"08:55:00";"16";"Sem vítima";"284,000";"BR-393/RJ";"Decrescente";"Colisão traseira";2;0;0;0;0;0;0;0;0;0;5;0;0;0;0
"11/09/2024";"14:33:00";"41";"Sem vítima";"207,800";"BR-393/RJ";"Crescente";"Colisão lateral em sentido contrário";1;0;1;0;0;0;0;0;0;0;2;0;0;0;0