data;horario;n_da_ocorrencia;tipo_de_ocorrencia;km;trecho;sentido;tipo_de_acidente;automovel;bicicleta;caminhao;moto;onibus;outros;tracao_animal;transporte_de_cargas_especiais;trator_maquinas;utilitarios;ilesos;levemente_feridos;moderadamente_feridos;gravemente_feridos;mortos
"11/09/2024";"22:48:00";"61";"Sem vítima";"217,599";"BR-393/RJ";"Crescente";"Atropelamento de animal";0;0;1;0;0;0;0;0;0;0;1;0;0;0;0
"12/09/2024";"00:10:00";"1";"Sem vítima";"284,600";"BR-393/RJ";"Decrescente";"Saída de pista";1;0;0;0;0;0;0;0;0;0;0;0;0;0;0
"12/09/2024";"14:01:00";"55";"Com vítima";"253,700";"BR-393/RJ";"Decrescente";"Queda de moto";0;0;0;1;0;0;0;0;0;0;0;1;0;0;0
"13/09/2024";"08:25:00";"9";"Sem vítima";"217,199";"BR-393/RJ";"Crescente";"Choque";0;0;1;0;0;0;0;0;0;0;2;0;0;0;0
"13/09/2024";"21:05:00";"59";"Sem vítima";"105,900";"BR-393/RJ";"Decrescente";"Atropelamento de pedestre";0;0;0;0;0;0;0;0;0;0;0;0;0;0;0
"14/09/2024";"13:56:00";"20";"Com vítima";"235,000";"BR-393/RJ";"Decrescente";"Colisão transversal";1;0;0;1;0;0;0;0;0;0;5;0;0;1;0
"15/09/2024";"05:17:00";"9";"Com vítima";"247,699";"BR-393/RJ";"Decrescente";"Colisão frontal";2;0;0;0;0;0;0;0;0;0;0;1;0;2;0
"15/09/2024";"18:37:00";"60";"Sem vítima";"255,500";"BR-393/RJ";"Decrescente";"Colisão transversal";0;0;0;0;0;0;0;0;0;1;5;0;0;0;0
"15/09/2024";"18:38:00";"61";"Sem vítima";"158,000";"BR-393/RJ";"Decrescente";"Atropelamento de animal";1;0;0;0;0;0;0;0;0;0;3;0;0;0;0
"15/09/2024";"21:32:00";"69";"Sem vítima";"257,699";"BR-393/RJ";"Decrescente";"Atropelamento de animal";0;0;1;0;0;0;0;0;0;0;1;0;0;0;0
"16/09/2024";"10:09:00";"32";"Sem vítima";"271,199";"BR-393/RJ";"Decrescente";"Colisão traseira";1;0;0;0;0;0;0;0;0;0;2;0;0;0;0
"17/09/2024";"08:18:00";"6";"Com vítima";"239,800";"BR-393/RJ";"Decrescente";"Queda de moto";0;0;0;1;0;0;0;0;0;0;0;1;0;0;0
"17/09/2024";"18:49:00";"45";"Sem vítima";"140,199";"BR-393/RJ";"Decrescente";"Saída de pista";0;0;1;0;0;0;0;0;0;0;1;0;0;0;0
"17/09/2024";"20:17:00";"49";"Com vítima";"139,500";"BR-393/RJ";"Decrescente";"Queda de moto";0;0;0;1;0;0;0;0;0;0;0;1;0;0;0
"18/09/2024";"06:42:00";"12";"Com vítima";"174,400";"BR-393/RJ";"Crescente";"Acidentes de outra natureza";1;0;0;0;0;0;0;0;0;0;0;1;0;0;0
"18/09/2024";"19:03:00";"64";"Com vítima";"168,000";"BR-393/RJ";"Decrescente";"Colisão lateral no mesmo sentido";1;0;0;1;0;0;0;0;0;0;2;0;0;1;0
"19/09/2024";"22:09:00";"85";"Sem vítima";"237,300";"BR-393/RJ";"Decrescente";"Atropelamento de animal";0;0;0;0;1;0;0;0;0;0;1;0;0;0;0
"21/09/2024";"09:38:00";"18";"Com vítima";"250,300";"BR-393/RJ";"Crescente";"Colisão transversal";1;0;0;1;0;0;0;0;0;0;1;1;0;0;0
"21/09/2024";"13:04:00";"32";"Sem vítima";"238,500";"BR-393/RJ";"Crescente";"Colisão transversal";1;0;0;0;0;0;0;0;0;0;5;0;0;0;0
"21/09/2024";"19:47:00";"64";"Sem vítima";"182,000";"BR-393/RJ";"Decrescente";"Colisão lateral em sentido contrário";1;0;0;0;0;0;0;0;0;0;3;0;0;0;0
"22/09/2024";"17:39:00";"44";"Com vítima";"255,100";"BR-393/RJ";"Crescente";"Acidentes de outra natureza";0;0;1;0;0;0;0;0;0;0;0;1;0;0;0
"23/09/2024";"07:23:00";"10";"Com vítima";"284,000";"BR-393/RJ";"Decrescente";"Colisão frontal";1;0;0;1;0;0;0;0;0;0;1;0;0;1;0
"23/09/2024";"10:50:00";"35";"Sem vítima";"282,000";"BR-393/RJ";"Decrescente";"Colisão traseira";1;0;0;0;0;0;0;0;0;0;1;0;0;0;0
"23/09/2024";"17:35:00";"64";"Com vítima";"250,400";"BR-393/RJ";"Crescente";"Colisão lateral no mesmo sentido";1;0;0;0;0;0;0;0;0;0;0;2;0;0;0
"23/09/2024";"18:58:00";"69";"Sem vítima";"282,000";"BR-393/RJ";"Crescente";"Colisão traseira";1;0;0;0;0;0;0;0;0;0;3;0;0;0;0
"25/09/2024";"18:43:00";"59";"Sem vítima";"175,470";"BR-393/RJ";"Crescente";"Atropelamento de pedestre";1;0;0;0;0;0;0;0;0;0;2;0;0;0;0
"26/09/2024";"18:46:00";"66";"Com vítima";"240,900";"BR-393/RJ";"Crescente";"Colisão transversal";1;0;0;0;0;0;0;0;0;0;0;0;3;0;0
"26/09/2024";"20:13:00";"69";"Sem vítima";"279,000";"BR-393/RJ";"Decrescente";"Colisão transversal";1;0;0;0;0;0;0;0;0;0;2;0;0;0;0
"27/09/2024";"17:06:00";"51";"Sem vítima";"255,500";"BR-393/RJ";"Crescente";"Colisão transversal";1;0;0;0;0;0;0;0;0;0;1;0;0;0;0
"28/09/2024";"04:00:00";"8";"Sem vítima";"286,300";"BR-393/RJ";"Decrescente";"Colisão lateral no mesmo sentido";1;0;0;0;0;0;0;0;0;0;2;0;0;0;0
"28/09/2024";"04:32:00";"10";"Com vítima";"124,000";"BR-393/RJ";"Crescente";"Queda de moto";0;0;0;1;0;0;0;0;0;0;0;1;0;0;0
"29/09/2024";"15:56:00";"38";"Sem vítima";"217,599";"BR-393/RJ";"Crescente";"Engavetamento";1;0;0;0;0;0;0;0;0;0;3;0;0;0;0
"30/09/2024";"09:25:00";"19";"Sem vítima";"286,000";"BR-393/RJ";"Crescente";"Engavetamento";3;0;0;0;0;0;0;0;0;0;3;0;0;0;0
"30/09/2024";"12:18:00";"34";"Sem vítima";"134,990";"BR-393/RJ";"Decrescente";"Colisão lateral no mesmo sentido";0;0;0;1;0;0;0;0;0;0;2;0;0;0;0
"01/10/2024";"08:35:00";"24";"Com vítima";"280,900";"BR-393/RJ";"Crescente";"Engavetamento";3;0;0;0;0;0;0;0;0;0;2;3;0;0;0
"01/10/2024";"14:40:00";"51";"Sem vítima";"266,500";"BR-393/RJ";"Decrescente";"Engavetamento";1;0;0;0;0;0;0;0;0;0;8;0;0;0;0
"02/10/2024";"10:04:00";"27";"Sem vítima";"284,699";"BR-393/RJ";"Crescente";"Colisão traseira";1;0;0;0;0;0;0;0;0;0;1;0;0;0;0
"02/10/2024";"21:03:00";"57";"Com vítima";"245,599";"BR-393/RJ";"Decrescente";"Colisão lateral em sentido contrário";2;0;0;0;0;0;0;0;0;0;0;0;0;2;0
"03/10/2024";"01:44:00";"3";"Sem vítima";"2,850";"Alça Sul ";"Crescente";"Choque";1;0;0;0;0;0;0;0;0;0;0;0;0;0;0
"05/10/2024";"12:50:00";"27";"Sem vítima";"229,000";"BR-393/RJ";"Crescente";"Colisão traseira";0;0;1;0;0;0;0;0;0;0;2;0;0;0;0
"05/10/2024";"19:33:00";"54";"Sem vítima";"103,599";"BR-393/RJ";"Crescente";"Engavetamento";1;0;0;0;0;0;0;0;0;0;6;0;0;0;0
"06/10/2024";"12:00:00";"23";"Sem vítima";"174,200";"BR-393/RJ";"Crescente";"Choque";1;0;0;0;0;0;0;0;0;0;0;0;0;0;0
"06/10/2024";"12:11:00";"25";"Com vítima";"105,900";"BR-393/RJ";"Crescente";"Colisão lateral no mesmo sentido";1;0;0;1;0;0;0;0;0;0;2;1;0;0;0
"06/10/2024";"14:54:00";"31";"Com vítima";"102,500";"BR-393/RJ";"Decrescente";"Colisão frontal";1;0;0;1;0;0;0;0;0;0;3;0;0;1;0
"06/10/2024";"19:34:00";"56";"Com vítima";"279,800";"BR-393/RJ";"Crescente";"Colisão frontal";0;0;0;1;0;0;0;0;0;0;0;0;3;0;0
"07/10/2024";"18:19:00";"62";"Sem vítima";"167,400";"BR-393/RJ";"Crescente";"Colisão traseira";1;0;0;0;0;0;0;0;0;0;1;0;0;0;0
"10/10/2024";"01:07:00";"3";"Com vítima";"262,800";"BR-393/RJ";"Crescente";"Tombamento";0;0;1;0;0;0;0;0;0;0;0;0;1;0;0
"10/10/2024";"07:02:00";"12";"Com vítima";"172,300";"BR-393/RJ";"Decrescente";"Capotamento";1;0;0;0;0;0;0;0;0;0;0;2;0;0;0
"10/10/2024";"07:53:00";"14";"Sem vítima";"274,600";"BR-393/RJ";"Crescente";"Saída de pista";0;0;1;0;0;0;0;0;0;0;1;0;0;0;0
"10/10/2024";"10:26:00";"32";"Sem vítima";"275,000";"BR-393/RJ";"Crescente";"Saída de pista";1;0;0;0;0;0;0;0;0;0;0;0;0;0;0
"10/10/2024";"11:30:00";"36";"Com vítima";"243,100";"BR-393/RJ";"Decrescente";"Colisão lateral em sentido contrário";0;0;1;0;0;0;0;0;0;0;0;0;0;3;0
"10/10/2024";"12:59:00";"38";"Com vítima";"171,000";"BR-393/RJ";"Crescente";"Queda de moto";0;0;0;1;0;0;0;0;0;0;0;0;0;0;0
"10/10/2024";"19:04:00";"52";"Com vítima";"177,500";"BR-393/RJ";"Crescente";"Queda de moto";0;0;0;1;0;0;0;0;0;0;0;0;0;1;0
"11/10/2024";"05:32:00";"8";"Com vítima";"139,600";"BR-393/RJ";"Decrescente";"Capotamento";1;0;0;0;0;0;0;0;0;0;1;0;0;1;0
"11/10/2024";"09:25:00";"32";"Com vítima";"114,299";"BR-393/RJ";"Crescente";"Colisão frontal";2;0;0;0;0;0;0;0;0;0;1;0;0;2;0
"11/10/2024";"12:51:00";"43";"Sem vítima";"280,399";"BR-393/RJ";"Crescente";"Colisão lateral no mesmo sentido";1;0;0;0;0;0;0;0;0;0;5;0;0;0;0
"11/10/2024";"21:14:00";"67";"Com vítima";"201,900";"BR-393/RJ";"Crescente";"Colisão transversal";2;0;0;0;0;0;0;0;0;0;0;0;0;2;0
"12/10/2024";"13:11:00";"24";"Sem vítima";"108,000";"BR-393/RJ";"Crescente";"Choque";0;0;1;0;0;0;0;0;0;0;1;0;0;0;0
"13/10/2024";"15:36:00";"29";"Sem vítima";"286,000";"BR-393/RJ";"Decrescente";"Choque";1;0;0;0;0;0;0;0;0;0;1;0;0;0;0
"13/10/2024";"18:43:00";"46";"Sem vítima";"281,100";"BR-393/RJ";"Crescente";"Colisão traseira";1;0;0;0;0;0;0;0;0;0;4;0;0;0;0
"15/10/2024";"08:18:00";"10";"Sem vítima";"278,800";"BR-393/RJ";"Decrescente";"Colisão traseira";0;0;1;0;0;0;0;0;0;0;2;0;0;0;0
"16/10/2024";"05:58:00";"9";"Com vítima";"114,299";"BR-393/RJ";"Decrescente";"Choque";0;0;1;0;0;0;0;0;0;0;0;0;0;3;0
"17/10/2024";"14:16:00";"45";"Sem vítima";"212,199";"BR-393/RJ";"Crescente";"Colisão lateral no mesmo sentido";0;0;1;0;0;0;0;0;0;0;2;0;0;0;0
"17/10/2024";"16:50:00";"54";"Com vítima";"280,100";"BR-393/RJ";"Decrescente";"Colisão transversal";0;0;0;2;0;0;0;0;0;2;10;0;0;5;0
"19/10/2024";"02:04:00";"13";"Sem vítima";"190,990";"BR-393/RJ";"Decrescente";"Atropelamento de animal";0;0;0;0;1;0;0;0;0;0;13;0;0;0;0
"19/10/2024";"21:58:00";"65";"Sem vítima";"244,699";"BR-393/RJ";"Decrescente";"Choque";1;0;0;0;0;0;0;0;0;0;1;0;0;0;0
"20/10/2024";"04:03:00";"3";"Sem vítima";"103,665";"BR-393/RJ";"Decrescente";"Saída de pista";1;0;0;0;0;0;0;0;0;0;2;0;0;0;0
"20/10/2024";"05:54:00";"6";"Com vítima";"180,000";"BR-393/RJ";"Decrescente";"Colisão lateral em sentido contrário";1;0;1;0;0;0;0;0;0;0;0;2;0;1;0
"20/10/2024";"11:07:00";"17";"Sem vítima";"257,899";"BR-393/RJ";"Crescente";"Saída de pista";1;0;0;0;0;0;0;0;0;0;2;0;0;0;0
"20/10/2024";"16:01:00";"31";"Com vítima";"242,300";"BR-393/RJ";"Crescente";"Capotamento";1;0;0;0;0;0;0;0;0;0;0;2;0;0;0
"20/10/2024";"16:24:00";"32";"Com vítima";"162,900";"BR-393/RJ";"Crescente";"Colisão lateral no mesmo sentido";1;0;1;0;0;0;0;0;0;0;2;1;0;0;0
"21/10/2024";"09:34:00";"30";"Sem vítima";"178,400";"BR-393/RJ";"Decrescente";"Colisão traseira";1;0;0;0;0;0;0;0;0;0;5;0;0;0;0
"21/10/2024";"15:12:00";"58";"Com vítima";"138,400";"BR-393/RJ";"Crescente";"Choque";1;0;0;0;0;0;0;0;0;0;0;3;0;0;0
"21/10/2024";"16:12:00";"63";"Com vítima";"174,300";"BR-393/RJ";"Decrescente";"Acidentes de outra natureza";0;0;1;0;0;0;0;0;0;0;0;1;0;0;0
"21/10/2024";"19:27:00";"79";"Sem vítima";"265,500";"BR-393/RJ";"Crescente";"Choque";0;0;0;0;1;0;0;0;0;0;1;0;0;0;0
"22/10/2024";"09:17:00";"23";"Sem vítima";"282,300";"BR-393/RJ";"Decrescente";"Colisão traseira";1;0;0;0;0;0;0;0;0;0;3;0;0;0;0
"22/10/2024";"11:49:00";"50";"Com vítima";"104,000";"BR-393/RJ";"Crescente";"Colisão traseira";0;0;0;1;0;0;0;0;0;0;0;2;0;0;0
"22/10/2024";"13:19:00";"56";"Com vítima";"285,699";"BR-393/RJ";"Decrescente";"Colisão transversal";0;0;0;1;0;0;0;0;0;0;0;0;3;0;0
"22/10/2024";"14:42:00";"59";"Sem vítima";"284,899";"BR-393/RJ";"Crescente";"Engavetamento";1;0;0;0;0;0;0;0;0;0;5;0;0;0;0
"22/10/2024";"18:43:00";"68";"Sem vítima";"180,000";"BR-393/RJ";"Decrescente";"Queda de moto";0;0;0;1;0;0;0;0;0;0;0;0;0;0;0
"23/10/2024";"18:49:00";"71";"Com vítima";"178,200";"BR-393/RJ";"Decrescente";"Atropelamento de ciclista";0;1;0;0;0;0;0;0;0;0;0;0;0;0;0
"23/10/2024";"19:58:00";"73";"Com vítima";"146,950";"BR-393/RJ";"Decrescente";"Atropelamento de animal";0;0;0;1;0;0;0;0;0;0;0;0;0;1;0
"24/10/2024";"17:19:00";"53";"Sem vítima";"215,900";"BR-393/RJ";"Decrescente";"Colisão lateral em sentido contrário";1;0;0;0;0;0;0;0;0;0;2;0;0;0;0
"24/10/2024";"19:23:00";"59";"Com vítima";"206,900";"BR-393/RJ";"Decrescente";"Saída de pista";1;0;0;0;0;0;0;0;0;0;0;2;0;0;0
"26/10/2024";"11:40:00";"25";"Com vítima";"267,000";"BR-393/RJ";"Crescente";"Capotamento";1;0;0;0;0;0;0;0;0;0;0;0;0;1;0
"26/10/2024";"21:01:00";"57";"Com vítima";"276,300";"BR-393/RJ";"Crescente";"Capotamento";1;0;0;0;0;0;0;0;0;0;0;0;0;1;0
"26/10/2024";"21:47:00";"59";"Com vítima";"141,600";"BR-393/RJ";"Decrescente";"Saída de pista";1;0;0;0;0;0;0;0;0;0;0;2;0;0;0
"26/10/2024";"21:54:00";"60";"Com vítima";"132,900";"BR-393/RJ";"Decrescente";"Choque";1;0;0;0;0;0;0;0;0;0;0;0;0;1;0
"26/10/2024";"22:09:00";"61";"Sem vítima";"282,200";"BR-393/RJ";"Crescente";"Colisão transversal";0;0;0;1;0;0;0;0;0;0;2;0;0;0;0
"27/10/2024";"10:38:00";"14";"Sem vítima";"109,700";"BR-393/RJ";"Crescente";"Choque";1;0;0;0;0;0;0;0;0;0;1;0;0;0;0
"28/10/2024";"02:00:00";"3";"Com vítima";"233,700";"BR-393/RJ";"Crescente";"Choque";1;0;0;0;0;0;0;0;0;0;0;0;0;1;0
"28/10/2024";"18:04:00";"63";"Sem vítima";"284,199";"BR-393/RJ";"Crescente";"Engavetamento";1;0;0;0;0;0;0;0;0;0;3;0;0;0;0
"29/10/2024";"01:03:00";"2";"Com vítima";"193,000";"BR-393/RJ";"Decrescente";"Atropelamento de animal";0;0;1;0;0;0;0;0;0;0;0;0;0;1;0
"29/10/2024";"12:05:00";"35";"Com vítima";"118,000";"BR-393/RJ";"Decrescente";"Colisão lateral em sentido contrário";0;0;1;0;0;0;0;0;0;0;0;2;0;0;0
"30/10/2024";"06:07:00";"5";"Sem vítima";"108,200";"BR-393/RJ";"Decrescente";"Colisão traseira";0;0;1;0;0;0;0;0;0;0;3;0;0;0;0
"30/10/2024";"17:15:00";"53";"Com vítima";"245,300";"BR-393/RJ";"Decrescente";"Queda de moto";0;0;0;1;0;0;0;0;0;0;0;1;0;0;0
"31/10/2024";"14:00:00";"33";"Sem vítima";"235,699";"BR-393/RJ";"Decrescente";"Engavetamento";0;0;0;0;0;0;0;0;0;1;4;0;0;0;0
"31/10/2024";"19:08:00";"53";"Com vítima";"171,300";"BR-393/RJ";"Crescente";"Acidentes de outra natureza";1;0;0;0;0;0;0;0;0;0;0;1;0;0;0
"01/11/2024";"19:57:00";"56";"Com vítima";"0,200";"Alça Sul ";"Crescente";"Colisão transversal";0;0;1;1;0;0;0;0;0;0;1;0;0;1;0
"02/11/2024";"12:26:00";"20";"Com vítima";"285,899";"BR-393/RJ";"Decrescente";"Colisão traseira";1;0;0;1;0;0;0;0;0;0;5;0;0;0;0
"02/11/2024";"18:15:00";"38";"Com vítima";"279,699";"BR-393/RJ";"Crescente";"Atropelamento de ciclista";0;0;1;0;0;0;0;0;0;0;0;0;1;0;0
"03/11/2024";"13:43:00";"21";"Com vítima";"235,990";"BR-393/RJ";"Crescente";"Colisão transversal";1;0;0;1;0;0;0;0;0;0;0;1;0;0;0
"04/11/2024";"05:36:00";"5";"Com vítima";"274,699";"BR-393/RJ";"Crescente";"Tombamento";0;0;1;0;0;0;0;0;0;0;0;0;3;0;0
"04/11/2024";"08:23:00";"12";"Com vítima";"233,800";"BR-393/RJ";"Crescente";"Colisão frontal";3;0;0;0;0;0;0;0;0;0;0;2;0;1;0
"04/11/2024";"11:39:00";"28";"Com vítima";"281,699";"BR-393/RJ";"Decrescente";"Colisão lateral em sentido contrário";1;0;0;1;0;0;0;0;0;0;1;0;0;1;0
"04/11/2024";"15:35:00";"44";"Com vítima";"246,800";"BR-393/RJ";"Decrescente";"Queda de moto";0;0;0;1;0;0;0;0;0;0;0;1;0;0;0
"05/11/2024";"11:16:00";"34";"Com vítima";"281,500";"BR-393/RJ";"Decrescente";"Colisão lateral no mesmo sentido";1;0;0;1;0;0;0;0;0;0;1;0;0;1;0
"06/11/2024";"14:45:00";"40";"Com vítima";"168,900";"BR-393/RJ";"Crescente";"Colisão transversal";2;0;0;0;0;0;0;0;0;0;4;1;0;0;0
"07/11/2024";"01:11:00";"3";"Sem vítima";"0,500";"Alça Sul ";"Crescente";"Colisão lateral em sentido contrário";1;0;0;0;0;0;0;0;0;0;1;0;0;0;0
"07/11/2024";"08:16:00";"17";"Sem vítima";"135,599";"BR-393/RJ";"Decrescente";"Colisão lateral no mesmo sentido";0;0;1;0;0;0;0;0;0;0;4;0;0;0;0
"07/11/2024";"17:23:00";"61";"Sem vítima";"279,300";"BR-393/RJ";"Crescente";"Engavetamento";1;0;0;0;0;0;0;0;0;0;5;0;0;0;0
"07/11/2024";"20:08:00";"67";"Sem vítima";"183,400";"BR-393/RJ";"Decrescente";"Colisão transversal";0;0;1;0;0;0;0;0;0;0;2;0;0;0;0
"08/11/2024";"02:47:00";"2";"Com vítima";"278,899";"BR-393/RJ";"Decrescente";"Saída de pista";1;0;0;0;0;0;0;0;0;0;0;1;0;0;0
"08/11/2024";"14:51:00";"48";"Com vítima";"274,399";"BR-393/RJ";"Decrescente";"Saída de pista";1;0;0;0;0;0;0;0;0;0;0;0;0;1;0
"08/11/2024";"22:06:00";"73";"Sem vítima";"170,700";"BR-393/RJ";"Decrescente";"Choque";1;0;0;0;0;0;0;0;0;0;2;0;0;0;0
"08/11/2024";"23:06:00";"79";"Sem vítima";"246,000";"BR-393/RJ";"Crescente";"Saída de pista";0;0;0;0;0;0;0;0;0;1;1;0;0;0;0
"10/11/2024";"22:24:00";"73";"Com vítima";"285,000";"BR-393/RJ";"Decrescente";"Saída de pista";1;0;0;0;0;0;0;0;0;0;0;1;0;2;0
"11/11/2024";"11:44:00";"48";"Sem vítima";"178,000";"BR-393/RJ";"Crescente";"Colisão traseira";1;0;0;0;0;0;0;0;0;0;0;0;0;0;0
"11/11/2024";"14:33:00";"57";"Sem vítima";"235,000";"BR-393/RJ";"Decrescente";"Queda de moto";0;0;0;1;0;0;0;0;0;0;0;0;0;0;0
"11/11/2024";"15:06:00";"59";"Com vítima";"229,699";"BR-393/RJ";"Crescente";"Queda de moto";0;0;0;1;0;0;0;0;0;0;0;0;0;1;0
"12/11/2024";"00:00:00";"22";"Sem vítima";"284,199";"BR-393/RJ";"Decrescente";"Colisão lateral no mesmo sentido";0;0;1;0;0;0;0;0;0;0;2;0;0;0;0
"12/11/2024";"04:53:00";"10";"Sem vítima";"183,800";"BR-393/RJ";"Crescente";"Atropelamento de animal";1;0;0;0;0;0;0;0;0;0;3;0;0;0;0
"12/11/2024";"18:17:00";"66";"Com vítima";"283,500";"BR-393/RJ";"Decrescente";"Colisão lateral no mesmo sentido";0;0;0;2;0;0;0;0;0;0;0;0;0;4;0
"13/11/2024";"05:57:00";"9";"Com vítima";"139,599";"BR-393/RJ";"Crescente";"Saída de pista";0;0;1;0;0;0;0;0;0;0;0;1;0;0;0
"13/11/2024";"16:29:00";"50";"Com vítima";"105,000";"BR-393/RJ";"Decrescente";"Colisão transversal";1;0;0;0;0;0;0;0;0;0;0;5;0;0;0
"14/11/2024";"00:39:00";"4";"Com vítima";"172,599";"BR-393/RJ";"Decrescente";"Atropelamento de animal";0;0;1;0;0;0;0;0;0;0;0;1;0;0;0
"14/11/2024";"23:17:00";"102";"Sem vítima";"286,300";"BR-393/RJ";"Crescente";"Colisão traseira";1;0;0;0;0;0;0;0;0;0;2;0;0;0;0
"16/11/2024";"07:40:00";"10";"Sem vítima";"265,899";"BR-393/RJ";"Crescente";"Colisão lateral em sentido contrário";0;0;0;0;1;0;0;0;0;0;21;0;0;0;0
"17/11/2024";"10:26:00";"45";"Com vítima";"167,900";"BR-393/RJ";"Crescente";"Colisão lateral no mesmo sentido";1;0;0;1;0;0;0;0;0;0;1;1;0;1;0
"17/11/2024";"13:32:00";"71";"Sem vítima";"114,200";"BR-393/RJ";"Decrescente";"Choque";1;0;0;0;0;0;0;0;0;0;2;0;0;0;0
"17/11/2024";"19:45:00";"106";"Com vítima";"143,500";"BR-393/RJ";"Decrescente";"Queda de moto";0;0;0;1;0;0;0;0;0;0;0;0;0;1;0
"19/11/2024";"08:03:00";"16";"Com vítima";"273,600";"BR-393/RJ";"Decrescente";"Tombamento";0;0;1;0;0;0;0;0;0;0;0;1;0;0;0
"19/11/2024";"12:09:00";"38";"Com vítima";"104,900";"BR-393/RJ";"Crescente";"Colisão lateral em sentido contrário";0;0;0;1;0;0;0;0;0;0;0;0;2;0;0
"20/11/2024";"21:51:00";"66";"Com vítima";"104,600";"BR-393/RJ";"Decrescente";"Colisão frontal";1;0;0;1;0;0;0;0;0;0;1;0;0;0;0
"21/11/2024";"22:47:00";"66";"Com vítima";"210,000";"BR-393/RJ";"Decrescente";"Colisão lateral no mesmo sentido";0;0;0;1;0;0;0;0;0;0;0;0;0;0;0
"22/11/2024";"07:26:00";"10";"Com vítima";"243,199";"BR-393/RJ";"Decrescente";"Saída de pista";1;0;0;0;0;0;0;0;0;0;0;0;0;0;0
"22/11/2024";"09:37:00";"22";"Com vítima";"232,000";"BR-393/RJ";"Decrescente";"Colisão transversal";1;0;1;0;0;0;0;0;0;0;0;1;0;1;0
"24/11/2024";"15:34:00";"38";"Com vítima";"285,800";"BR-393/RJ";"Crescente";"Colisão traseira";1;0;0;0;0;0;0;0;0;0;0;0;3;0;0
"25/11/2024";"09:59:00";"23";"Com vítima";"170,300";"BR-393/RJ";"Decrescente";"Colisão lateral em sentido contrário";1;0;0;0;0;0;0;0;0;0;0;3;0;0;0
"25/11/2024";"16:05:00";"45";"Com vítima";"278,699";"BR-393/RJ";"Crescente";"Colisão traseira";2;0;0;0;0;0;0;0;0;0;2;0;0;1;0
"26/11/2024";"18:45:00";"74";"Sem vítima";"225,400";"BR-393/RJ";"Crescente";"Saída de pista";1;0;0;0;0;0;0;0;0;0;1;0;0;0;0
"27/11/2024";"07:07:00";"9";"Sem vítima";"273,600";"BR-393/RJ";"Crescente";"Queda de moto";0;0;0;1;0;0;0;0;0;0;1;0;0;0;0
"27/11/2024";"11:19:00";"44";"Com vítima";"235,199";"BR-393/RJ";"Decrescente";"Choque";0;0;0;1;0;0;0;0;0;0;0;0;0;1;0
"27/11/2024";"12:43:00";"50";"Com vítima";"180,000";"BR-393/RJ";"Decrescente";"Queda de moto";0;0;0;1;0;0;0;0;0;0;0;1;0;0;0
"27/11/2024";"16:55:00";"70";"Sem vítima";"256,700";"BR-393/RJ";"Decrescente";"Colisão traseira";1;0;0;0;0;0;0;0;0;0;1;0;0;0;0
"28/11/2024";"05:41:00";"6";"Sem vítima";"141,700";"BR-393/RJ";"Crescente";"Colisão traseira";0;0;1;0;0;0;0;0;0;0;2;0;0;0;0
"28/11/2024";"06:57:00";"10";"Com vítima";"238,900";"BR-393/RJ";"Crescente";"Queda de moto";0;0;0;1;0;0;0;0;0;0;0;1;0;0;0
"28/11/2024";"08:04:00";"12";"Com vítima";"153,990";"BR-393/RJ";"Decrescente";"Colisão transversal";0;0;0;1;0;0;0;0;0;0;0;0;0;8;0
"29/11/2024";"13:12:00";"31";"Sem vítima";"257,800";"BR-393/RJ";"Crescente";"Choque";1;0;0;0;0;0;0;0;0;0;1;0;0;0;0
"29/11/2024";"15:39:00";"44";"Sem vítima";"277,000";"BR-393/RJ";"Decrescente";"Saída de pista";0;0;0;1;0;0;0;0;0;0;1;0;0;0;0
"29/11/2024";"19:51:00";"64";"Sem vítima";"236,990";"BR-393/RJ";"Crescente";"Atropelamento de pedestre";0;0;0;1;0;0;0;0;0;0;2;0;0;0;0
"30/11/2024";"02:22:00";"2";"Sem vítima";"175,600";"BR-393/RJ";"Decrescente";"Queda de moto";0;0;0;1;0;0;0;0;0;0;0;0;0;0;0
"30/11/2024";"17:52:00";"53";"Com vítima";"238,400";"BR-393/RJ";"Decrescente";"Queda de moto";0;0;0;1;0;0;0;0;0;0;0;0;1;0;0
"01/12/2024";"19:18:00";"55";"Com vítima";"163,000";"BR-393/RJ";"Crescente";"Queda de moto";0;0;0;1;0;0;0;0;0;0;0;0;2;0;0
"02/12/2024";"23:35:00";"62";"Sem vítima";"175,000";"BR-393/RJ";"Crescente";"Colisão traseira";1;0;0;0;0;0;0;0;0;0;0;0;0;0;0
"03/12/2024";"03:53:00";"3";"Com vítima";"124,400";"BR-393/RJ";"Decrescente";"Tombamento";0;0;1;0;0;0;0;0;0;0;0;0;1;0;0