data;horario;n_da_ocorrencia;tipo_de_ocorrencia;km;trecho;sentido;tipo_de_acidente;automovel;bicicleta;caminhao;moto;onibus;outros;tracao_animal;transporte_de_cargas_especiais;trator_maquinas;utilitarios;ilesos;levemente_feridos;moderadamente_feridos;gravemente_feridos;mortos
"03/12/2024";"23:02:00";"64";"Sem vítima";"285,000";"BR-393/RJ";"Crescente";"Saída de pista";1;0;0;0;0;0;0;0;0;0;2;0;0;0;0
"04/12/2024";"17:36:00";"47";"Sem vítima";"236,699";"BR-393/RJ";"Decrescente";"Colisão transversal";0;0;1;0;0;0;0;0;0;0;4;0;0;0;0
"05/12/2024";"03:51:00";"1";"Com vítima";"244,300";"BR-393/RJ";"Decrescente";"Saída de pista";0;0;1;0;0;0;0;0;0;0;0;0;1;0;0
"05/12/2024";"13:24:00";"27";"Com vítima";"124,400";"BR-393/RJ";"Decrescente";"Tombamento";0;0;1;0;0;0;0;0;0;0;0;0;1;0;0
"05/12/2024";"20:20:00";"48";"Sem vítima";"253,400";"BR-393/RJ";"Crescente";"Colisão lateral em sentido contrário";0;0;1;0;0;0;0;0;0;0;2;0;0;0;0
"06/12/2024";"07:48:00";"11";"Com vítima";"225,800";"BR-393/RJ";"Crescente";"Colisão lateral em sentido contrário";1;0;0;0;0;0;0;0;0;0;0;2;0;0;0
"06/12/2024";"19:12:00";"66";"Com vítima";"251,700";"BR-393/RJ";"Crescente";"Queda de moto";0;0;0;1;0;0;0;0;0;0;0;0;1;0;0
"06/12/2024";"23:00:00";"2";"Sem vítima";"231,000";"BR-393/RJ";"Crescente";"Colisão lateral em sentido contrário";0;0;0;0;1;0;0;0;0;0;1;0;0;0;0
"07/12/2024";"22:04:00";"66";"Sem vítima";"253,900";"BR-393/RJ";"Decrescente";"Saída de pista";1;0;0;0;0;0;0;0;0;0;3;0;0;0;0
"08/12/2024";"18:57:00";"45";"Sem vítima";"215,990";"BR-393/RJ";"Crescente";"Colisão traseira";0;0;0;0;0;0;0;0;0;1;3;0;0;0;0
"09/12/2024";"10:17:00";"23";"Sem vítima";"106,000";"BR-393/RJ";"Crescente";"Colisão transversal";1;0;0;0;0;0;0;0;0;0;2;0;0;0;0
"09/12/2024";"10:52:00";"25";"Sem vítima";"177,900";"BR-393/RJ";"Crescente";"Colisão traseira";1;0;0;0;0;0;0;0;0;0;3;0;0;0;0
"10/12/2024";"07:16:00";"10";"Com vítima";"246,000";"BR-393/RJ";"Decrescente";"Colisão lateral em sentido contrário";1;0;0;0;0;0;0;0;0;0;0;2;0;0;0
"10/12/2024";"09:06:00";"19";"Sem vítima";"281,600";"BR-393/RJ";"Crescente";"Colisão lateral em sentido contrário";0;0;1;0;0;0;0;0;0;0;3;0;0;0;0
"10/12/2024";"10:43:00";"23";"Com vítima";"268,100";"BR-393/RJ";"Crescente";"Colisão lateral no mesmo sentido";0;0;1;0;0;0;0;0;0;0;0;3;0;0;0
"10/12/2024";"17:21:00";"49";"Com vítima";"271,899";"BR-393/RJ";"Decrescente";"Saída de pista";1;0;0;0;0;0;0;0;0;0;0;1;0;0;0
"11/12/2024";"10:49:00";"30";"Com vítima";"285,199";"BR-393/RJ";"Decrescente";"Colisão frontal";1;0;0;1;0;0;0;0;0;0;3;1;0;0;0
"11/12/2024";"11:16:00";"32";"Sem vítima";"285,600";"BR-393/RJ";"Crescente";"Colisão traseira";0;0;0;1;0;0;0;0;0;0;2;0;0;0;0
"12/12/2024";"06:59:00";"9";"Sem vítima";"285,300";"BR-393/RJ";"Crescente";"Colisão lateral no mesmo sentido";1;0;1;0;0;0;0;0;0;0;2;0;0;0;0
"12/12/2024";"10:37:00";"33";"Com vítima";"223,200";"BR-393/RJ";"Crescente";"Colisão lateral em sentido contrário";0;0;2;0;0;0;0;0;0;0;0;1;1;0;0
"13/12/2024";"20:23:00";"45";"Sem vítima";"250,900";"BR-393/RJ";"Crescente";"Choque";1;0;0;0;0;0;0;0;0;0;1;0;0;0;0
"13/12/2024";"20:30:00";"46";"Com vítima";"283,700";"BR-393/RJ";"Crescente";"Colisão lateral no mesmo sentido";0;0;0;2;0;0;0;0;0;0;0;1;0;0;0
"14/12/2024";"00:11:00";"1";"Com vítima";"262,600";"BR-393/RJ";"Decrescente";"Tombamento";0;0;1;0;0;0;0;0;0;0;0;0;1;0;0
"14/12/2024";"18:07:00";"47";"Sem vítima";"266,000";"BR-393/RJ";"Crescente";"Saída de pista";1;0;0;0;0;0;0;0;0;0;3;0;0;0;0
"15/12/2024";"20:23:00";"47";"Sem vítima";"284,200";"BR-393/RJ";"Decrescente";"Engavetamento";2;0;0;0;1;0;0;0;0;0;53;0;0;0;0
"16/12/2024";"06:39:00";"11";"Com vítima";"228,199";"BR-393/RJ";"Crescente";"Tombamento";0;0;1;0;0;0;0;0;0;0;0;1;0;0;0
"16/12/2024";"14:55:00";"42";"Sem vítima";"274,500";"BR-393/RJ";"Crescente";"Colisão lateral no mesmo sentido";1;0;1;0;0;0;0;0;0;0;1;0;0;0;0
"16/12/2024";"18:56:00";"65";"Com vítima";"281,199";"BR-393/RJ";"Decrescente";"Colisão transversal";1;0;0;1;0;0;0;0;0;0;1;1;0;0;0
"17/12/2024";"03:51:00";"8";"Com vítima";"256,399";"BR-393/RJ";"Crescente";"Atropelamento de animal";0;0;1;1;0;0;0;0;0;0;1;1;0;0;0
"17/12/2024";"07:33:00";"18";"Com vítima";"178,300";"BR-393/RJ";"Decrescente";"Colisão lateral no mesmo sentido";1;1;0;0;0;0;0;0;0;0;1;0;0;0;0
"18/12/2024";"15:49:00";"45";"Sem vítima";"132,300";"BR-393/RJ";"Crescente";"Colisão transversal";1;0;0;0;0;0;0;0;0;1;2;0;0;0;0
"18/12/2024";"16:07:00";"48";"Sem vítima";"271,699";"BR-393/RJ";"Crescente";"Acidentes de outra natureza";0;0;1;0;0;0;0;0;0;0;1;0;0;0;0
"18/12/2024";"16:42:00";"50";"Sem vítima";"264,600";"BR-393/RJ";"Crescente";"Saída de pista";1;0;0;0;0;0;0;0;0;0;1;0;0;0;0
"19/12/2024";"12:04:00";"32";"Com vítima";"105,500";"BR-393/RJ";"Crescente";"Colisão lateral em sentido contrário";2;0;0;0;0;0;0;0;0;0;0;2;0;0;0
"19/12/2024";"18:26:00";"64";"Com vítima";"170,300";"BR-393/RJ";"Crescente";"Colisão frontal";2;0;0;1;0;0;0;0;0;0;1;4;0;1;0
"19/12/2024";"22:09:00";"73";"Com vítima";"246,199";"BR-393/RJ";"Crescente";"Tombamento";0;0;1;0;0;0;0;0;0;0;0;1;1;0;0
"20/12/2024";"10:20:00";"25";"Sem vítima";"283,699";"BR-393/RJ";"Decrescente";"Colisão lateral no mesmo sentido";3;0;0;0;0;0;0;0;0;0;3;0;0;0;0
"20/12/2024";"19:38:00";"46";"Sem vítima";"179,000";"BR-393/RJ";"Decrescente";"Saída de pista";1;0;0;0;0;0;0;0;0;0;2;0;0;0;0
"21/12/2024";"08:38:00";"18";"Com vítima";"178,599";"BR-393/RJ";"Decrescente";"Engavetamento";3;0;0;0;0;0;0;0;0;0;5;1;0;0;0
"21/12/2024";"11:59:00";"31";"Sem vítima";"108,990";"BR-393/RJ";"Decrescente";"Colisão traseira";2;0;0;0;0;0;0;0;0;0;7;0;0;0;0
"21/12/2024";"13:06:00";"34";"Sem vítima";"282,399";"BR-393/RJ";"Decrescente";"Colisão lateral no mesmo sentido";1;0;1;0;0;0;0;0;0;0;2;0;0;0;0
"21/12/2024";"14:15:00";"38";"Com vítima";"179,500";"BR-393/RJ";"Crescente";"Colisão traseira";2;0;1;0;0;0;0;0;0;0;0;10;0;0;0
"21/12/2024";"23:02:00";"60";"Com vítima";"246,990";"BR-393/RJ";"Decrescente";"Choque";1;0;0;0;0;0;0;0;0;0;0;0;1;0;0
"22/12/2024";"11:23:00";"21";"Com vítima";"222,000";"BR-393/RJ";"Decrescente";"Colisão lateral no mesmo sentido";1;0;0;0;0;0;0;0;0;1;5;2;0;0;0
"22/12/2024";"17:13:00";"38";"Com vítima";"244,000";"BR-393/RJ";"Decrescente";"Saída de pista";1;0;0;0;0;0;0;0;0;0;0;1;0;0;0
"22/12/2024";"21:23:00";"61";"Sem vítima";"179,600";"BR-393/RJ";"Decrescente";"Capotamento";1;0;0;0;0;0;0;0;0;0;0;0;0;0;0
"22/12/2024";"21:48:00";"63";"Com vítima";"3,000";"Alça Sul ";"Decrescente";"Colisão transversal";1;0;0;1;0;0;0;0;0;0;0;1;0;0;0
"24/12/2024";"09:09:00";"15";"Sem vítima";"137,500";"BR-393/RJ";"Decrescente";"Choque";1;0;0;0;0;0;0;0;0;0;1;0;0;0;0
"25/12/2024";"12:52:00";"15";"Com vítima";"201,599";"BR-393/RJ";"Decrescente";"Queda de moto";0;0;0;1;0;0;0;0;0;0;0;0;1;0;0
"25/12/2024";"15:47:00";"24";"Sem vítima";"172,300";"BR-393/RJ";"Decrescente";"Capotamento";1;0;0;0;0;0;0;0;0;0;1;0;0;0;0
"26/12/2024";"14:49:00";"28";"Com vítima";"284,199";"BR-393/RJ";"Decrescente";"Engavetamento";2;0;0;0;0;0;0;0;0;2;7;2;0;0;0
"27/12/2024";"16:14:00";"82";"Com vítima";"129,900";"BR-393/RJ";"Crescente";"Saída de pista";1;0;0;0;0;0;0;0;0;0;0;2;0;0;0
"27/12/2024";"17:15:00";"87";"Sem vítima";"103,849";"BR-393/RJ";"Decrescente";"Colisão traseira";2;0;0;0;0;0;0;0;0;0;3;0;0;0;0
"27/12/2024";"18:35:00";"90";"Sem vítima";"163,000";"BR-393/RJ";"Decrescente";"Saída de pista";0;0;0;0;0;0;0;0;0;1;8;0;0;0;0
"27/12/2024";"21:00:00";"97";"Com vítima";"172,300";"BR-393/RJ";"Crescente";"Saída de pista";1;0;0;0;0;0;0;0;0;0;0;1;0;0;0
"28/12/2024";"04:46:00";"14";"Com vítima";"242,500";"BR-393/RJ";"Crescente";"Queda de moto";0;0;0;1;0;0;0;0;0;0;0;0;1;0;0
"30/12/2024";"15:07:00";"53";"Com vítima";"236,800";"BR-393/RJ";"Crescente";"Colisão traseira";1;0;1;1;0;0;0;0;0;0;2;1;0;0;0
"30/12/2024";"19:36:00";"67";"Com vítima";"280,900";"BR-393/RJ";"Crescente";"Colisão transversal";1;0;0;1;0;0;0;0;0;0;2;1;0;0;0
"31/12/2024";"08:17:00";"6";"Com vítima";"274,500";"BR-393/RJ";"Crescente";"Tombamento";0;0;1;0;0;0;0;0;0;0;0;0;1;0;0
"01/01/2025";"02:36:00";"6";"Sem vítima";"139,800";"BR-393/RJ";"Crescente";"Saída de pista";0;0;0;0;0;0;0;0;0;1;0;0;0;0;0
"02/01/2025";"09:32:00";"28";"Com vítima";"229,699";"BR-393/RJ";"Decrescente";"Colisão lateral em sentido contrário";2;0;0;0;0;0;0;0;0;0;0;1;1;0;0
"02/01/2025";"12:16:00";"36";"Com vítima";"101,900";"BR-393/RJ";"Decrescente";"Colisão lateral no mesmo sentido";1;0;1;0;0;0;0;0;0;0;0;1;0;0;0
"02/01/2025";"15:45:00";"52";"Sem vítima";"250,000";"BR-393/RJ";"Decrescente";"Atropelamento de pedestre";1;0;0;0;0;0;0;0;0;0;1;0;0;0;0
"03/01/2025";"11:13:00";"25";"Sem vítima";"134,300";"BR-393/RJ";"Decrescente";"Colisão traseira";1;0;1;0;0;0;0;0;0;0;3;0;0;0;0
"05/01/2025";"21:28:00";"55";"Com vítima";"281,300";"BR-393/RJ";"Crescente";"Queda de moto";0;0;0;1;0;0;0;0;0;0;0;1;0;0;0
"06/01/2025";"09:00:00";"16";"Sem vítima";"285,000";"BR-393/RJ";"Crescente";"Colisão traseira";2;0;0;0;0;0;0;0;0;0;0;0;0;0;0
"06/01/2025";"13:57:00";"42";"Sem vítima";"282,199";"BR-393/RJ";"Crescente";"Engavetamento";3;0;0;0;0;0;0;0;0;0;4;0;0;0;0
"07/01/2025";"12:17:00";"28";"Com vítima";"178,900";"BR-393/RJ";"Crescente";"Saída de pista";1;0;0;0;0;0;0;0;0;0;0;0;2;0;0
"08/01/2025";"12:59:00";"36";"Sem vítima";"200,199";"BR-393/RJ";"Decrescente";"Atropelamento de pedestre";0;0;1;0;0;0;0;0;0;0;1;0;0;0;0
"10/01/2025";"00:09:00";"1";"Com vítima";"267,600";"BR-393/RJ";"Crescente";"Saída de pista";1;0;0;0;0;0;0;0;0;0;0;1;0;0;0
"10/01/2025";"10:17:00";"27";"Com vítima";"285,700";"BR-393/RJ";"Crescente";"Colisão lateral no mesmo sentido";0;0;1;1;0;0;0;0;0;0;1;1;0;0;0
"11/01/2025";"14:34:00";"31";"Com vítima";"275,699";"BR-393/RJ";"Crescente";"Queda de moto";0;0;0;1;0;0;0;0;0;0;0;0;1;0;0
"11/01/2025";"15:24:00";"33";"Com vítima";"284,199";"BR-393/RJ";"Crescente";"Queda de moto";0;0;0;1;0;0;0;0;0;0;1;0;1;0;0
"13/01/2025";"08:47:00";"14";"Com vítima";"269,800";"BR-393/RJ";"Decrescente";"Colisão frontal";1;0;0;0;0;0;0;0;0;0;0;0;0;0;2
"13/01/2025";"16:55:00";"44";"Com vítima";"282,200";"BR-393/RJ";"Decrescente";"Queda de moto";0;0;0;1;0;0;0;0;0;0;0;0;1;0;0
"13/01/2025";"21:09:00";"48";"Com vítima";"278,300";"BR-393/RJ";"Crescente";"Queda de moto";0;0;0;1;0;0;0;0;0;0;0;0;1;0;0
"14/01/2025";"18:12:00";"53";"Com vítima";"0,200";"Alça Sul ";"Crescente";"Colisão traseira";1;0;1;0;0;0;0;0;0;0;1;2;0;0;0
"15/01/2025";"08:12:00";"11";"Sem vítima";"257,800";"BR-393/RJ";"Crescente";"Colisão lateral em sentido contrário";1;0;1;0;0;0;0;0;0;0;2;0;0;0;0
"16/01/2025";"09:30:00";"19";"Sem vítima";"177,699";"BR-393/RJ";"Crescente";"Colisão traseira";2;0;0;0;0;0;0;0;0;0;2;0;0;0;0
"16/01/2025";"10:07:00";"29";"Sem vítima";"1,000";"Alça Sul ";"Crescente";"Colisão lateral em sentido contrário";1;0;1;0;0;0;0;0;0;0;2;0;0;0;0
"16/01/2025";"10:27:00";"33";"Com vítima";"167,800";"BR-393/RJ";"Crescente";"Colisão transversal";1;0;0;1;0;0;0;0;0;0;1;0;1;0;0
"16/01/2025";"10:55:00";"34";"Com vítima";"217,400";"BR-393/RJ";"Decrescente";"Capotamento";1;0;0;0;0;0;0;0;0;0;0;2;2;0;0
"16/01/2025";"15:26:00";"49";"Com vítima";"189,598";"BR-393/RJ";"Crescente";"Queda de moto";0;0;0;1;0;0;0;0;0;0;0;1;1;0;0
"17/01/2025";"10:48:00";"31";"Com vítima";"238,599";"BR-393/RJ";"Decrescente";"Colisão transversal";2;0;0;0;0;0;0;0;0;0;0;4;0;0;0
"18/01/2025";"10:07:00";"19";"Sem vítima";"272,800";"BR-393/RJ";"Crescente";"Colisão lateral em sentido contrário";2;0;0;0;0;0;0;0;0;0;6;0;0;0;0
"19/01/2025";"05:45:00";"7";"Com vítima";"237,000";"BR-393/RJ";"Decrescente";"Colisão frontal";2;0;0;0;0;0;0;0;0;0;0;2;1;1;0
"19/01/2025";"14:34:00";"37";"Sem vítima";"257,900";"BR-393/RJ";"Crescente";"Choque";1;0;0;0;0;0;0;0;0;0;1;0;0;0;0
"19/01/2025";"21:22:00";"62";"Com vítima";"248,000";"BR-393/RJ";"Crescente";"Saída de pista";1;0;0;0;0;0;0;0;0;0;0;0;1;0;0
"20/01/2025";"08:36:00";"10";"Sem vítima";"238,599";"BR-393/RJ";"Decrescente";"Colisão transversal";2;0;0;0;0;0;0;0;0;0;5;0;0;0;0
"20/01/2025";"21:42:00";"61";"Com vítima";"279,000";"BR-393/RJ";"Decrescente";"Colisão transversal";1;0;0;1;0;0;0;0;0;0;1;1;0;0;0
"21/01/2025";"13:05:00";"38";"Com vítima";"103,990";"BR-393/RJ";"Crescente";"Colisão lateral no mesmo sentido";1;0;0;1;0;0;0;0;0;0;1;0;1;0;0
"22/01/2025";"19:30:00";"72";"Com vítima";"285,800";"BR-393/RJ";"Crescente";"Queda de moto";0;1;0;0;0;0;0;0;0;0;0;0;0;0;0
"23/01/2025";"16:55:00";"50";"Com vítima";"255,500";"BR-393/RJ";"Crescente";"Colisão transversal";0;0;1;0;1;0;0;0;0;0;5;3;1;0;0
"25/01/2025";"08:25:00";"12";"Com vítima";"171,500";"BR-393/RJ";"Crescente";"Tombamento";0;0;1;0;0;0;0;0;0;0;0;1;0;0;0
"25/01/2025";"20:42:00";"42";"Com vítima";"285,699";"BR-393/RJ";"Decrescente";"Colisão transversal";2;0;0;0;0;0;0;0;0;0;2;2;0;0;0
"25/01/2025";"21:13:00";"44";"Sem vítima";"285,699";"BR-393/RJ";"Crescente";"Colisão traseira";2;0;0;0;0;0;0;0;0;0;2;0;0;0;0
"26/01/2025";"02:27:00";"3";"Com vítima";"237,500";"BR-393/RJ";"Crescente";"Atropelamento de animal";1;0;0;0;0;0;0;0;0;0;0;1;0;0;0
"27/01/2025";"01:05:00";"2";"Sem vítima";"220,599";"BR-393/RJ";"Decrescente";"Saída de pista";1;0;0;0;0;0;0;0;0;0;1;0;0;0;0
"28/01/2025";"10:44:00";"33";"Com vítima";"272,000";"BR-393/RJ";"Crescente";"Colisão frontal";1;0;1;0;0;0;0;0;0;0;0;0;1;1;0
"29/01/2025";"08:19:00";"12";"Sem vítima";"282,100";"BR-393/RJ";"Crescente";"Engavetamento";1;0;2;0;0;0;0;0;0;0;3;0;0;0;0
"29/01/2025";"12:42:00";"47";"Com vítima";"284,199";"BR-393/RJ";"Decrescente";"Colisão traseira";1;0;0;1;0;0;0;0;0;0;1;0;1;0;0
"29/01/2025";"16:56:00";"62";"Sem vítima";"133,000";"BR-393/RJ";"Crescente";"Colisão lateral no mesmo sentido";1;0;1;0;0;0;0;0;0;0;1;0;0;0;0
"31/01/2025";"00:00:00";"54";"Com vítima";"270,000";"BR-393/RJ";"Decrescente";"Queda de moto";0;0;0;1;0;0;0;0;0;0;0;1;0;0;0
"31/01/2025";"11:22:00";"40";"Com vítima";"241,500";"BR-393/RJ";"Crescente";"Colisão lateral no mesmo sentido";1;0;1;0;0;0;0;0;0;0;4;1;1;0;0
"31/01/2025";"19:34:00";"69";"Sem vítima";"238,500";"BR-393/RJ";"Decrescente";"Colisão transversal";2;0;0;0;0;0;0;0;0;0;2;0;0;0;0
"02/02/2025";"11:42:00";"27";"Com vítima";"268,100";"BR-393/RJ";"Crescente";"Colisão transversal";2;0;0;0;0;0;0;0;0;0;7;0;1;0;0
"02/02/2025";"14:33:00";"31";"Com vítima";"142,400";"BR-393/RJ";"Crescente";"Atropelamento de pedestre";0;0;0;1;0;0;0;0;0;0;0;0;1;0;0
"03/02/2025";"10:20:00";"20";"Com vítima";"0,300";"Alça Sul ";"Crescente";"Colisão lateral no mesmo sentido";1;0;0;1;0;0;0;0;0;0;4;0;1;0;0
"04/02/2025";"13:52:00";"38";"Com vítima";"275,699";"BR-393/RJ";"Crescente";"Queda de moto";0;0;0;1;0;0;0;0;0;0;0;1;0;0;0
"04/02/2025";"18:19:00";"54";"Sem vítima";"125,000";"BR-393/RJ";"Decrescente";"Colisão traseira";0;0;1;0;1;0;0;0;0;0;42;0;0;0;0
"05/02/2025";"12:09:00";"39";"Com vítima";"179,300";"BR-393/RJ";"Crescente";"Colisão traseira";0;0;1;1;0;0;0;0;0;0;1;0;1;0;0
"06/02/2025";"08:19:00";"9";"Sem vítima";"265,000";"BR-393/RJ";"Decrescente";"Colisão frontal";1;0;0;0;1;0;0;0;0;0;2;0;0;0;0
"06/02/2025";"10:26:00";"23";"Com vítima";"157,990";"BR-393/RJ";"Crescente";"Colisão frontal";2;0;0;0;0;0;0;0;0;0;0;1;2;0;0
"07/02/2025";"03:01:00";"3";"Com vítima";"285,399";"BR-393/RJ";"Decrescente";"Saída de pista";1;0;0;0;0;0;0;0;0;0;0;0;1;0;0
"07/02/2025";"08:49:00";"13";"Com vítima";"195,000";"BR-393/RJ";"Decrescente";"Colisão traseira";1;0;1;0;0;0;0;0;0;0;0;2;0;0;0
"07/02/2025";"15:30:00";"44";"Com vítima";"205,000";"BR-393/RJ";"Crescente";"Colisão lateral em sentido contrário";0;0;2;0;0;0;0;0;0;0;0;6;0;0;0
"09/02/2025";"11:00:00";"15";"Sem vítima";"160,400";"BR-393/RJ";"Decrescente";"Engavetamento";0;0;4;0;0;0;0;0;0;0;4;0;0;0;0
"09/02/2025";"18:35:00";"47";"Sem vítima";"282,100";"BR-393/RJ";"Decrescente";"Colisão frontal";2;0;0;0;0;0;0;0;0;0;3;0;0;0;0
"09/02/2025";"21:10:00";"59";"Com vítima";"168,990";"BR-393/RJ";"Decrescente";"Colisão lateral no mesmo sentido";1;0;0;1;0;0;0;0;0;0;3;0;1;0;0
"10/02/2025";"04:00:00";"11";"Sem vítima";"246,500";"BR-393/RJ";"Crescente";"Atropelamento de animal";0;0;1;0;0;0;0;0;0;0;1;0;0;0;0
"11/02/2025";"09:55:00";"21";"Sem vítima";"281,199";"BR-393/RJ";"Crescente";"Colisão lateral em sentido contrário";1;0;0;1;0;0;0;0;0;0;3;0;0;0;0
"12/02/2025";"10:28:00";"30";"Com vítima";"268,100";"BR-393/RJ";"Decrescente";"Colisão transversal";0;0;1;0;0;0;0;0;0;1;2;4;3;0;0
"12/02/2025";"14:33:00";"45";"Com vítima";"284,899";"BR-393/RJ";"Decrescente";"Colisão lateral no mesmo sentido";1;0;0;1;0;0;0;0;0;0;0;2;0;0;0
"14/02/2025";"07:39:00";"10";"Com vítima";"283,399";"BR-393/RJ";"Crescente";"Colisão transversal";2;0;0;0;0;0;0;0;0;0;0;2;1;0;0
"15/02/2025";"13:23:00";"23";"Sem vítima";"222,199";"BR-393/RJ";"Crescente";"Saída de pista";0;0;1;0;0;0;0;0;0;0;1;0;0;0;0
"16/02/2025";"12:29:00";"20";"Com vítima";"212,500";"BR-393/RJ";"Decrescente";"Tombamento";0;0;1;0;0;0;0;0;0;0;0;0;1;0;0
"16/02/2025";"21:39:00";"52";"Com vítima";"151,900";"BR-393/RJ";"Crescente";"Tombamento";0;0;1;0;0;0;0;0;0;0;0;0;1;0;0
"17/02/2025";"11:07:00";"26";"Com vítima";"281,199";"BR-393/RJ";"Decrescente";"Colisão transversal";1;0;0;1;0;0;0;0;0;0;0;1;1;0;0
"17/02/2025";"11:17:00";"28";"Com vítima";"281,000";"BR-393/RJ";"Crescente";"Colisão traseira";1;0;0;1;0;0;0;0;0;0;1;1;0;0;0
"18/02/2025";"08:35:00";"8";"Com vítima";"180,000";"BR-393/RJ";"Decrescente";"Colisão transversal";0;0;2;0;1;0;0;0;0;0;0;14;7;1;0
"19/02/2025";"07:38:00";"6";"Com vítima";"171,500";"BR-393/RJ";"Crescente";"Colisão transversal";1;0;0;1;0;0;0;0;0;0;1;0;1;0;0
"19/02/2025";"08:43:00";"14";"Sem vítima";"171,150";"BR-393/RJ";"Crescente";"Choque";0;0;1;0;0;0;0;0;0;0;1;0;0;0;0
"20/02/2025";"15:25:00";"49";"Com vítima";"188,400";"BR-393/RJ";"Decrescente";"Colisão traseira";0;0;1;0;1;0;0;0;0;0;7;5;0;0;0
"20/02/2025";"16:02:00";"53";"Sem vítima";"284,300";"BR-393/RJ";"Decrescente";"Colisão traseira";2;0;0;0;0;0;0;0;0;0;3;0;0;0;0
"20/02/2025";"18:14:00";"62";"Sem vítima";"255,500";"BR-393/RJ";"Crescente";"Colisão transversal";1;0;1;0;0;0;0;0;0;0;2;0;0;0;0
"21/02/2025";"16:56:00";"58";"Sem vítima";"175,000";"BR-393/RJ";"Decrescente";"Colisão traseira";0;0;2;0;0;0;0;0;0;0;0;0;0;0;0
"21/02/2025";"19:24:00";"67";"Com vítima";"178,500";"BR-393/RJ";"Decrescente";"Engavetamento";3;0;0;0;0;0;0;0;0;0;12;1;0;0;0
"22/02/2025";"18:33:00";"39";"Sem vítima";"253,599";"BR-393/RJ";"Crescente";"Colisão traseira";1;0;1;0;0;0;0;0;0;0;1;0;0;0;0
"22/02/2025";"22:38:00";"50";"Sem vítima";"178,300";"BR-393/RJ";"Decrescente";"Colisão traseira";2;0;0;0;0;0;0;0;0;0;3;0;0;0;0
"23/02/2025";"05:43:00";"10";"Com vítima";"102,299";"BR-393/RJ";"Crescente";"Queda de moto";0;0;0;1;0;0;0;0;0;0;0;0;0;1;0
"23/02/2025";"16:40:00";"44";"Com vítima";"111,000";"BR-393/RJ";"Decrescente";"Saída de pista";0;0;1;0;0;0;0;0;0;0;0;1;0;0;0
"23/02/2025";"20:42:00";"57";"Com vítima";"238,900";"BR-393/RJ";"Crescente";"Atropelamento de ciclista";1;1;0;0;0;0;0;0;0;0;0;0;0;0;0
"24/02/2025";"05:44:00";"9";"Com vítima";"248,990";"BR-393/RJ";"Decrescente";"Colisão frontal";2;0;0;0;0;0;0;0;0;0;0;1;3;1;0
"24/02/2025";"16:25:00";"45";"Com vítima";"155,699";"BR-393/RJ";"Decrescente";"Queda de moto";0;0;0;1;0;0;0;0;0;0;0;0;1;0;0
"25/02/2025";"08:04:00";"11";"Com vítima";"182,400";"BR-393/RJ";"Crescente";"Colisão traseira";0;0;2;0;0;0;0;0;0;0;0;1;1;0;0
"25/02/2025";"12:52:00";"46";"Sem vítima";"224,990";"BR-393/RJ";"Decrescente";"Choque";1;0;0;0;0;0;0;0;0;0;1;0;0;0;0
"26/02/2025";"10:18:00";"28";"Sem vítima";"250,300";"BR-393/RJ";"Decrescente";"Colisão transversal";2;0;0;0;0;0;0;0;0;0;2;0;0;0;0
"26/02/2025";"14:33:00";"36";"Com vítima";"284,199";"BR-393/RJ";"Crescente";"Colisão traseira";1;0;0;1;0;0;0;0;0;0;2;2;0;0;0
"27/02/2025";"07:17:00";"16";"Com vítima";"172,800";"BR-393/RJ";"Crescente";"Colisão lateral no mesmo sentido";1;0;1;0;0;0;0;0;0;0;1;0;1;0;0
"28/02/2025";"08:29:00";"19";"Sem vítima";"238,500";"BR-393/RJ";"Decrescente";"Colisão transversal";2;0;0;0;0;0;0;0;0;0;3;0;0;0;0
"28/02/2025";"14:31:00";"46";"Sem vítima";"103,799";"BR-393/RJ";"Decrescente";"Engavetamento";4;0;0;0;0;0;0;0;0;0;4;0;0;0;0
"01/03/2025";"09:57:00";"11";"Com vítima";"207,300";"BR-393/RJ";"Decrescente";"Saída de pista";1;0;0;0;0;0;0;0;0;0;0;2;1;0;0
"01/03/2025";"10:46:00";"13";"Sem vítima";"143,900";"BR-393/RJ";"Crescente";"Colisão traseira";2;0;0;0;0;0;0;0;0;0;7;0;0;0;0
"01/03/2025";"12:12:00";"17";"Com vítima";"131,800";"BR-393/RJ";"Decrescente";"Choque";1;0;0;0;0;0;0;0;0;0;0;1;0;0;0
"01/03/2025";"14:14:00";"20";"Com vítima";"133,400";"BR-393/RJ";"Decrescente";"Atropelamento de ciclista";0;1;0;0;1;0;0;0;0;0;1;0;0;0;0
"01/03/2025";"20:10:00";"49";"Com vítima";"1,600";"Alça Sul ";"Decrescente";"Atropelamento de animal";1;0;0;0;0;0;0;0;0;0;0;1;0;0;0