data;horario;n_da_ocorrencia;tipo_de_ocorrencia;km;trecho;sentido;tipo_de_acidente;automovel;bicicleta;caminhao;moto;onibus;outros;tracao_animal;transporte_de_cargas_especiais;trator_maquinas;utilitarios;ilesos;levemente_feridos;moderadamente_feridos;gravemente_feridos;mortos
"01/03/2025";"20:32:00";"51";"Com vítima";"282,100";"BR-393/RJ";"Crescente";"Colisão frontal";1;0;0;1;0;0;0;0;0;0;3;0;2;0;0
"03/03/2025";"01:46:00";"4";"Sem vítima";"175,565";"BR-393/RJ";"Crescente";"Saída de pista";1;0;0;0;0;0;0;0;0;0;2;0;0;0;0
"04/03/2025";"06:16:00";"7";"Com vítima";"124,000";"BR-393/RJ";"Crescente";"Queda de moto";0;0;0;1;0;0;0;0;0;0;0;1;0;0;0
"04/03/2025";"15:14:00";"23";"Com vítima";"196,000";"BR-393/RJ";"Decrescente";"Queda de moto";0;0;0;1;0;0;0;0;0;0;0;1;0;0;0
"04/03/2025";"18:54:00";"38";"Sem vítima";"155,800";"BR-393/RJ";"Crescente";"Choque";1;0;0;0;0;0;0;0;0;0;1;0;0;0;0
"07/03/2025";"03:04:00";"4";"Com vítima";"188,400";"BR-393/RJ";"Decrescente";"Atropelamento de animal";0;0;1;0;0;0;0;0;0;0;0;1;0;0;0
"07/03/2025";"04:19:00";"6";"Sem vítima";"266,000";"BR-393/RJ";"Crescente";"Saída de pista";1;0;0;0;0;0;0;0;0;0;2;0;0;0;0
"07/03/2025";"10:55:00";"37";"Sem vítima";"268,100";"BR-393/RJ";"Decrescente";"Colisão transversal";1;0;1;0;0;0;0;0;0;0;4;0;0;0;0
"09/03/2025";"01:45:00";"2";"Com vítima";"168,900";"BR-393/RJ";"Crescente";"Colisão lateral no mesmo sentido";2;0;1;0;0;0;0;0;0;0;1;2;1;0;0
"09/03/2025";"18:21:00";"42";"Com vítima";"172,300";"BR-393/RJ";"Crescente";"Colisão traseira";0;0;0;1;0;0;0;0;0;1;0;3;1;0;0
"09/03/2025";"18:51:00";"44";"Sem vítima";"236,699";"BR-393/RJ";"Crescente";"Colisão transversal";2;0;0;0;0;0;0;0;0;0;1;0;0;0;0
"10/03/2025";"08:26:00";"11";"Sem vítima";"255,990";"BR-393/RJ";"Crescente";"Colisão traseira";2;0;0;0;0;0;0;0;0;0;2;0;0;0;0
"11/03/2025";"18:30:00";"53";"Sem vítima";"274,600";"BR-393/RJ";"Decrescente";"Saída de pista";1;0;0;0;0;0;0;0;0;0;3;0;0;0;0
"12/03/2025";"03:27:00";"5";"Sem vítima";"168,900";"BR-393/RJ";"Decrescente";"Atropelamento de animal";0;0;1;0;0;0;0;0;0;0;1;0;0;0;0
"12/03/2025";"15:04:00";"43";"Com vítima";"103,500";"BR-393/RJ";"Crescente";"Colisão lateral em sentido contrário";1;0;1;0;0;0;0;0;0;0;1;0;4;2;1
"13/03/2025";"07:40:00";"12";"Com vítima";"170,500";"BR-393/RJ";"Decrescente";"Colisão traseira";1;0;1;0;0;0;0;0;0;0;0;1;0;0;0
"13/03/2025";"19:00:00";"61";"Com vítima";"119,000";"BR-393/RJ";"Decrescente";"Colisão traseira";2;0;0;0;0;0;0;0;0;0;2;2;0;0;0
"14/03/2025";"00:00:00";"47";"Sem vítima";"171,400";"BR-393/RJ";"Decrescente";"Colisão lateral no mesmo sentido";0;0;2;0;0;0;0;0;0;0;2;0;0;0;0
"14/03/2025";"11:57:00";"34";"Com vítima";"264,000";"BR-393/RJ";"Crescente";"Colisão frontal";1;0;1;0;0;0;0;0;0;0;2;0;1;0;0
"14/03/2025";"19:12:00";"54";"Sem vítima";"278,800";"BR-393/RJ";"Crescente";"Colisão traseira";2;0;0;0;0;0;0;0;0;0;2;0;0;0;0
"15/03/2025";"11:03:00";"27";"Sem vítima";"133,000";"BR-393/RJ";"Decrescente";"Queda de moto";0;0;0;1;0;0;0;0;0;0;0;0;0;0;0
"15/03/2025";"19:18:00";"46";"Com vítima";"257,400";"BR-393/RJ";"Decrescente";"Saída de pista";1;0;0;0;0;0;0;0;0;0;0;0;1;0;0
"17/03/2025";"06:51:00";"8";"Com vítima";"169,990";"BR-393/RJ";"Crescente";"Atropelamento de animal";0;0;0;1;0;0;0;0;0;0;0;1;0;0;0
"17/03/2025";"11:03:00";"31";"Com vítima";"220,800";"BR-393/RJ";"Crescente";"Capotamento";1;0;0;0;0;0;0;0;0;0;0;0;1;0;0
"17/03/2025";"14:56:00";"43";"Com vítima";"114,200";"BR-393/RJ";"Decrescente";"Saída de pista";1;0;0;0;0;0;0;0;0;0;0;0;1;0;0
"18/03/2025";"13:33:00";"40";"Sem vítima";"283,399";"BR-393/RJ";"Crescente";"Colisão lateral no mesmo sentido";2;0;0;0;0;0;0;0;0;0;2;0;0;0;0
"18/03/2025";"15:47:00";"51";"Com vítima";"233,800";"BR-393/RJ";"Decrescente";"Queda de moto";0;0;0;1;0;0;0;0;0;0;0;1;0;0;0
"19/03/2025";"08:27:00";"20";"Sem vítima";"146,400";"BR-393/RJ";"Crescente";"Saída de pista";1;0;0;0;0;0;0;0;0;0;2;0;0;0;0
"19/03/2025";"09:57:00";"39";"Sem vítima";"264,899";"BR-393/RJ";"Crescente";"Colisão traseira";1;0;1;0;0;0;0;0;0;0;3;0;0;0;0
"19/03/2025";"11:03:00";"42";"Sem vítima";"168,000";"BR-393/RJ";"Crescente";"Colisão traseira";2;0;0;0;0;0;0;0;0;0;4;0;0;0;0
"19/03/2025";"14:17:00";"58";"Com vítima";"212,500";"BR-393/RJ";"Decrescente";"Colisão frontal";1;0;2;0;0;0;0;0;0;0;0;3;0;0;1
"20/03/2025";"16:21:00";"58";"Com vítima";"253,900";"BR-393/RJ";"Crescente";"Tombamento";0;0;1;0;0;0;0;0;0;0;0;0;1;0;0
"21/03/2025";"08:15:00";"9";"Com vítima";"278,900";"BR-393/RJ";"Crescente";"Queda de moto";0;0;0;1;0;0;0;0;0;0;0;0;1;0;0
"21/03/2025";"13:06:00";"41";"Com vítima";"155,599";"BR-393/RJ";"Decrescente";"Queda de moto";0;0;0;1;0;0;0;0;0;0;0;1;0;0;0
"22/03/2025";"10:11:00";"18";"Com vítima";"131,400";"BR-393/RJ";"Crescente";"Saída de pista";0;0;1;0;0;0;0;0;0;0;0;0;1;0;0
"24/03/2025";"13:08:00";"45";"Com vítima";"170,900";"BR-393/RJ";"Crescente";"Colisão frontal";1;0;0;1;0;0;0;0;0;0;0;4;0;0;1
"25/03/2025";"08:57:00";"15";"Sem vítima";"122,402";"BR-393/RJ";"Crescente";"Choque";0;0;1;0;0;0;0;0;0;0;1;0;0;0;0
"25/03/2025";"17:32:00";"45";"Com vítima";"279,699";"BR-393/RJ";"Crescente";"Queda de moto";0;0;0;1;0;0;0;0;0;0;0;0;1;0;0
"26/03/2025";"00:00:00";"51";"Com vítima";"2,100";"Alça Sul ";"Decrescente";"Colisão frontal";0;0;0;2;0;0;0;0;0;0;0;0;0;1;1
"26/03/2025";"20:10:00";"63";"Com vítima";"231,500";"BR-393/RJ";"Crescente";"Saída de pista";0;0;1;0;0;0;0;0;0;0;0;2;0;0;0
"28/03/2025";"01:06:00";"1";"Com vítima";"178,300";"BR-393/RJ";"Crescente";"Colisão traseira";0;0;2;0;0;0;0;0;0;0;0;1;0;1;0
"28/03/2025";"13:18:00";"35";"Com vítima";"285,300";"BR-393/RJ";"Decrescente";"Colisão traseira";1;0;0;1;0;0;0;0;0;0;3;1;0;0;0
"28/03/2025";"18:45:00";"52";"Com vítima";"168,500";"BR-393/RJ";"Crescente";"Engavetamento";3;0;0;0;0;0;0;0;0;0;0;2;0;0;0
"29/03/2025";"10:35:00";"17";"Com vítima";"236,699";"BR-393/RJ";"Crescente";"Colisão transversal";1;0;0;1;0;0;0;0;0;0;1;1;0;0;0
"30/03/2025";"02:15:00";"3";"Com vítima";"285,300";"BR-393/RJ";"Crescente";"Saída de pista";1;0;0;0;0;0;0;0;0;0;0;1;0;0;0
"30/03/2025";"08:37:00";"13";"Com vítima";"137,199";"BR-393/RJ";"Crescente";"Choque";1;0;1;0;0;0;0;0;0;0;0;2;0;0;0
"31/03/2025";"06:59:00";"13";"Sem vítima";"285,300";"BR-393/RJ";"Crescente";"Colisão lateral no mesmo sentido";1;0;1;0;0;0;0;0;0;0;4;0;0;0;0
"31/03/2025";"07:43:00";"15";"Com vítima";"282,100";"BR-393/RJ";"Crescente";"Colisão traseira";2;0;0;0;0;0;0;0;0;0;1;1;0;0;0
"01/04/2025";"21:30:00";"49";"Com vítima";"1,600";"Alça Sul ";"Crescente";"Atropelamento de animal";1;0;0;0;0;0;0;0;0;0;0;1;0;0;0
"02/04/2025";"08:05:00";"8";"Sem vítima";"284,900";"BR-393/RJ";"Crescente";"Engavetamento";3;0;0;0;0;0;0;0;0;0;1;0;0;0;0
"02/04/2025";"19:00:00";"56";"Com vítima";"282,199";"BR-393/RJ";"Decrescente";"Colisão transversal";1;0;0;1;0;0;0;0;0;0;1;1;0;0;0
"03/04/2025";"08:24:00";"8";"Sem vítima";"286,000";"BR-393/RJ";"Crescente";"Engavetamento";3;0;0;0;0;0;0;0;0;0;2;0;0;0;0
"03/04/2025";"13:08:00";"35";"Com vítima";"236,300";"BR-393/RJ";"Crescente";"Carreta deu L";0;0;1;0;0;0;0;0;0;0;0;1;0;0;0
"04/04/2025";"08:16:00";"18";"Com vítima";"237,800";"BR-393/RJ";"Crescente";"Colisão traseira";1;0;0;1;0;0;0;0;0;0;2;1;0;0;0
"04/04/2025";"09:44:00";"31";"Com vítima";"178,400";"BR-393/RJ";"Crescente";"Colisão lateral em sentido contrário";1;0;1;0;0;0;0;0;0;0;0;2;0;0;0
"04/04/2025";"16:58:00";"62";"Sem vítima";"283,399";"BR-393/RJ";"Crescente";"Colisão transversal";2;0;0;0;0;0;0;0;0;0;5;0;0;0;0
"04/04/2025";"17:12:00";"63";"Com vítima";"164,699";"BR-393/RJ";"Decrescente";"Carreta deu L";3;0;1;0;0;0;0;0;0;0;0;6;0;0;2
"04/04/2025";"22:54:00";"76";"Com vítima";"103,600";"BR-393/RJ";"Crescente";"Colisão frontal";2;0;0;0;0;0;0;0;0;0;2;0;2;0;0
"05/04/2025";"08:37:00";"16";"Com vítima";"257,800";"BR-393/RJ";"Crescente";"Colisão transversal";1;0;1;0;0;0;0;0;0;0;0;2;0;0;0
"05/04/2025";"14:58:00";"32";"Com vítima";"139,599";"BR-393/RJ";"Decrescente";"Saída de pista";1;0;0;0;0;0;0;0;0;0;0;0;1;0;0
"06/04/2025";"03:54:00";"7";"Com vítima";"226,500";"BR-393/RJ";"Crescente";"Colisão traseira";1;0;0;1;0;0;0;0;0;0;2;0;1;1;0
"06/04/2025";"09:18:00";"17";"Com vítima";"114,299";"BR-393/RJ";"Decrescente";"Saída de pista";0;0;1;0;0;0;0;0;0;0;0;0;1;0;0
"07/04/2025";"18:56:00";"56";"Com vítima";"285,000";"BR-393/RJ";"Crescente";"Queda de moto";0;0;0;1;0;0;0;0;0;0;0;0;1;0;0
"08/04/2025";"07:55:00";"8";"Sem vítima";"155,599";"BR-393/RJ";"Crescente";"Saída de pista";1;0;0;0;0;0;0;0;0;0;1;0;0;0;0
"08/04/2025";"13:01:00";"38";"Com vítima";"177,300";"BR-393/RJ";"Decrescente";"Colisão traseira";1;0;1;0;0;0;0;0;0;0;0;1;0;0;0
"09/04/2025";"10:38:00";"32";"Sem vítima";"244,000";"BR-393/RJ";"Decrescente";"Colisão lateral em sentido contrário";0;0;2;0;0;0;0;0;0;0;1;0;0;0;0
"09/04/2025";"22:35:00";"63";"Sem vítima";"281,100";"BR-393/RJ";"Crescente";"Colisão transversal";1;0;0;0;0;0;0;0;0;0;0;0;0;0;0
"10/04/2025";"13:35:00";"47";"Sem vítima";"260,600";"BR-393/RJ";"Crescente";"Saída de pista";1;0;0;0;0;0;0;0;0;0;1;0;0;0;0
"10/04/2025";"13:44:00";"49";"Sem vítima";"260,600";"BR-393/RJ";"Crescente";"Saída de pista";1;0;0;0;0;0;0;0;0;0;4;0;0;0;0
"12/04/2025";"15:28:00";"38";"Sem vítima";"175,599";"BR-393/RJ";"Crescente";"Colisão traseira";1;0;1;0;0;0;0;0;0;0;2;0;0;0;0
"13/04/2025";"13:45:00";"17";"Com vítima";"250,599";"BR-393/RJ";"Crescente";"Colisão lateral em sentido contrário";1;0;1;0;0;0;0;0;0;0;1;0;0;1;0
"14/04/2025";"17:43:00";"42";"Com vítima";"182,000";"BR-393/RJ";"Crescente";"Colisão traseira";1;0;1;0;0;0;0;0;0;0;1;1;0;0;0
"15/04/2025";"06:59:00";"4";"Sem vítima";"258,600";"BR-393/RJ";"Crescente";"Colisão traseira";1;0;1;0;0;0;0;0;0;0;2;0;0;0;0
"15/04/2025";"07:27:00";"6";"Com vítima";"1,800";"Alça Sul ";"Decrescente";"Colisão traseira";1;0;0;1;0;0;0;0;0;0;0;1;0;1;1
"15/04/2025";"12:19:00";"36";"Com vítima";"195,000";"BR-393/RJ";"Decrescente";"Colisão traseira";0;0;2;0;0;0;0;0;0;0;0;2;0;0;0
"17/04/2025";"07:34:00";"8";"Com vítima";"180,699";"BR-393/RJ";"Crescente";"Colisão traseira";1;0;1;0;0;0;0;0;0;0;0;4;1;0;0
"17/04/2025";"11:51:00";"29";"Sem vítima";"118,799";"BR-393/RJ";"Crescente";"Saída de pista";0;0;0;1;0;0;0;0;0;0;1;0;0;0;0
"18/04/2025";"04:02:00";"8";"Sem vítima";"273,700";"BR-393/RJ";"Decrescente";"Choque";1;0;0;0;0;0;0;0;0;0;4;0;0;0;0
"19/04/2025";"09:12:00";"16";"Com vítima";"105,900";"BR-393/RJ";"Decrescente";"Colisão transversal";1;0;0;1;0;0;0;0;0;0;1;0;2;0;0
"21/04/2025";"18:26:00";"38";"Sem vítima";"241,700";"BR-393/RJ";"Decrescente";"Atropelamento de pedestre";1;0;0;0;0;0;0;0;0;0;2;0;0;0;0
"23/04/2025";"19:59:00";"76";"Com vítima";"142,199";"BR-393/RJ";"Crescente";"Colisão traseira";1;0;0;1;0;0;0;0;0;0;1;0;0;1;0
"24/04/2025";"18:57:00";"58";"Com vítima";"285,800";"BR-393/RJ";"Crescente";"Colisão lateral no mesmo sentido";0;0;1;1;0;0;0;0;0;0;1;1;0;0;0
"25/04/2025";"11:32:00";"39";"Com vítima";"171,599";"BR-393/RJ";"Decrescente";"Colisão transversal";0;0;1;0;0;0;0;0;0;1;0;1;2;0;0
"25/04/2025";"13:07:00";"43";"Com vítima";"245,800";"BR-393/RJ";"Crescente";"Colisão traseira";2;0;0;0;0;0;0;0;0;0;1;2;0;0;0
"25/04/2025";"19:38:00";"63";"Com vítima";"1,300";"Alça Sul ";"Decrescente";"Saída de pista";1;0;0;0;0;0;0;0;0;0;0;0;1;0;0
"26/04/2025";"20:07:00";"51";"Sem vítima";"167,500";"BR-393/RJ";"Decrescente";"Atropelamento de pedestre";0;0;0;1;0;0;0;0;0;0;1;0;0;0;0
"26/04/2025";"22:32:00";"58";"Sem vítima";"281,000";"BR-393/RJ";"Decrescente";"Choque";1;0;1;0;0;0;0;0;0;0;2;0;0;0;0
"27/04/2025";"12:31:00";"33";"Sem vítima";"279,399";"BR-393/RJ";"Crescente";"Engavetamento";1;0;2;0;0;0;0;0;0;0;6;0;0;0;0
"29/04/2025";"13:39:00";"32";"Com vítima";"235,000";"BR-393/RJ";"Decrescente";"Colisão traseira";1;0;0;1;0;0;0;0;0;0;2;1;0;0;0
"29/04/2025";"21:17:00";"51";"Com vítima";"168,100";"BR-393/RJ";"Crescente";"Colisão traseira";0;1;0;1;0;0;0;0;0;0;2;0;0;0;0
"01/05/2025";"07:55:00";"7";"Com vítima";"283,300";"BR-393/RJ";"Decrescente";"Colisão traseira";1;0;0;1;0;0;0;0;0;0;3;0;1;0;0
"02/05/2025";"04:20:00";"8";"Com vítima";"207,300";"BR-393/RJ";"Crescente";"Colisão lateral em sentido contrário";0;0;0;0;0;0;0;0;0;1;0;3;0;0;0
"03/05/2025";"12:15:00";"20";"Com vítima";"153,900";"BR-393/RJ";"Crescente";"Engavetamento";0;0;3;0;0;0;0;0;0;0;3;1;0;0;0
"04/05/2025";"18:24:00";"43";"Sem vítima";"255,500";"BR-393/RJ";"Crescente";"Saída de pista";1;0;0;0;0;0;0;0;0;0;2;0;0;0;0
"04/05/2025";"22:15:00";"49";"Com vítima";"246,599";"BR-393/RJ";"Decrescente";"Colisão frontal";2;0;0;0;0;0;0;0;0;0;0;1;2;0;0
"05/05/2025";"00:55:00";"4";"Sem vítima";"285,300";"BR-393/RJ";"Decrescente";"Choque";1;0;0;0;0;0;0;0;0;0;1;0;0;0;0
"05/05/2025";"09:59:00";"28";"Com vítima";"142,990";"BR-393/RJ";"Crescente";"Colisão frontal";1;0;0;1;0;0;0;0;0;0;2;0;1;0;0
"05/05/2025";"17:17:00";"52";"Sem vítima";"278,800";"BR-393/RJ";"Decrescente";"Engavetamento";1;0;0;0;0;0;0;0;0;0;5;0;0;0;0
"06/05/2025";"16:57:00";"36";"Sem vítima";"284,899";"BR-393/RJ";"Crescente";"Colisão traseira";1;0;0;0;1;0;0;0;0;0;6;0;0;0;0
"07/05/2025";"14:47:00";"35";"Sem vítima";"271,800";"BR-393/RJ";"Crescente";"Colisão traseira";1;0;1;0;0;0;0;0;0;0;1;0;0;0;0
"08/05/2025";"06:49:00";"7";"Sem vítima";"243,990";"BR-393/RJ";"Decrescente";"Engavetamento";2;0;1;0;0;0;0;0;0;0;5;0;0;0;0
"09/05/2025";"13:21:00";"50";"Com vítima";"238,500";"BR-393/RJ";"Decrescente";"Colisão transversal";1;0;0;1;0;0;0;0;0;0;1;1;0;0;0
"09/05/2025";"19:12:00";"66";"Sem vítima";"283,399";"BR-393/RJ";"Decrescente";"Colisão traseira";2;0;0;0;0;0;0;0;0;0;3;0;0;0;0
"10/05/2025";"02:16:00";"2";"Com vítima";"178,000";"BR-393/RJ";"Decrescente";"Choque";1;0;0;0;0;0;0;0;0;0;0;2;0;0;0
"10/05/2025";"07:37:00";"7";"Com vítima";"202,800";"BR-393/RJ";"Crescente";"Atropelamento de animal";1;0;0;0;0;0;1;0;0;0;2;0;0;0;0
"10/05/2025";"10:58:00";"24";"Sem vítima";"279,800";"BR-393/RJ";"Crescente";"Engavetamento";3;0;0;0;0;0;0;0;0;0;9;0;0;0;0
"11/05/2025";"05:12:00";"7";"Com vítima";"232,599";"BR-393/RJ";"Decrescente";"Colisão frontal";1;0;0;1;0;0;0;0;0;0;0;2;0;1;0
"11/05/2025";"19:35:00";"39";"Sem vítima";"103,700";"BR-393/RJ";"Crescente";"Saída de pista";1;0;0;0;0;0;0;0;0;0;3;0;0;0;0
"12/05/2025";"01:32:00";"2";"Com vítima";"212,199";"BR-393/RJ";"Decrescente";"Queda de moto";0;0;0;1;0;0;0;0;0;0;0;0;0;0;1
"12/05/2025";"07:22:00";"10";"Com vítima";"269,000";"BR-393/RJ";"Decrescente";"Colisão frontal";1;0;1;0;0;0;0;0;0;0;2;0;1;1;0
"15/05/2025";"05:49:00";"4";"Sem vítima";"142,199";"BR-393/RJ";"Decrescente";"Atropelamento de pedestre";0;0;0;1;0;0;0;0;0;0;1;0;0;0;0
"15/05/2025";"19:09:00";"48";"Com vítima";"177,700";"BR-393/RJ";"Decrescente";"Colisão frontal";1;0;0;1;0;0;0;0;0;0;3;1;1;0;0
"16/05/2025";"01:32:00";"7";"Com vítima";"252,900";"BR-393/RJ";"Decrescente";"Colisão lateral em sentido contrário";1;0;1;0;0;0;0;0;0;0;1;1;0;0;0
"16/05/2025";"10:42:00";"42";"Sem vítima";"236,800";"BR-393/RJ";"Crescente";"Atropelamento de pedestre";0;0;0;1;0;0;0;0;0;0;0;0;0;0;0
"18/05/2025";"15:11:00";"22";"Com vítima";"281,199";"BR-393/RJ";"Crescente";"Colisão transversal";1;0;0;1;0;0;0;0;0;0;2;1;0;0;0
"18/05/2025";"20:20:00";"38";"Sem vítima";"104,600";"BR-393/RJ";"Crescente";"Colisão traseira";2;0;0;0;0;0;0;0;0;0;5;0;0;0;0
"19/05/2025";"12:34:00";"45";"Com vítima";"272,000";"BR-393/RJ";"Decrescente";"Colisão lateral no mesmo sentido";1;0;1;0;0;0;0;0;0;0;1;1;0;0;0
"21/05/2025";"07:27:00";"5";"Com vítima";"265,500";"BR-393/RJ";"Crescente";"Colisão lateral no mesmo sentido";1;0;1;0;0;0;0;0;0;0;2;1;0;0;0
"22/05/2025";"09:23:00";"13";"Com vítima";"158,300";"BR-393/RJ";"Decrescente";"Saída de pista";1;0;0;0;0;0;0;0;0;0;1;1;0;0;0
"23/05/2025";"11:32:00";"38";"Sem vítima";"283,000";"BR-393/RJ";"Decrescente";"Colisão lateral no mesmo sentido";1;0;0;1;0;0;0;0;0;0;0;0;0;0;0
"23/05/2025";"20:05:00";"60";"Sem vítima";"256,800";"BR-393/RJ";"Crescente";"Saída de pista";1;0;0;0;0;0;0;0;0;0;2;0;0;0;0
"24/05/2025";"07:54:00";"14";"Sem vítima";"123,599";"BR-393/RJ";"Decrescente";"Choque";1;0;0;0;0;0;0;0;0;0;1;0;0;0;0
"24/05/2025";"15:45:00";"33";"Sem vítima";"181,500";"BR-393/RJ";"Crescente";"Saída de pista";1;0;0;0;0;0;0;0;0;0;1;0;0;0;0
"25/05/2025";"15:40:00";"34";"Com vítima";"165,900";"BR-393/RJ";"Decrescente";"Colisão transversal";2;0;0;0;0;0;0;0;0;0;2;1;0;0;0
"26/05/2025";"01:39:00";"2";"Sem vítima";"168,500";"BR-393/RJ";"Decrescente";"Saída de pista";0;0;0;0;0;0;0;0;0;1;1;0;0;0;0
"26/05/2025";"10:49:00";"32";"Sem vítima";"286,300";"BR-393/RJ";"Crescente";"Engavetamento";3;0;0;0;0;0;0;0;0;0;3;0;0;0;0
"26/05/2025";"11:51:00";"35";"Sem vítima";"253,199";"BR-393/RJ";"Decrescente";"Saída de pista";1;0;0;0;0;0;0;0;0;0;2;0;0;0;0
"26/05/2025";"17:44:00";"50";"Sem vítima";"143,200";"BR-393/RJ";"Decrescente";"Colisão transversal";2;0;0;0;0;0;0;0;0;0;5;0;0;0;0
"26/05/2025";"20:44:00";"56";"Sem vítima";"285,300";"BR-393/RJ";"Decrescente";"Colisão traseira";1;0;0;1;0;0;0;0;0;0;2;0;0;0;0
"26/05/2025";"23:55:00";"58";"Com vítima";"125,300";"BR-393/RJ";"Decrescente";"Colisão lateral no mesmo sentido";0;0;1;1;0;0;0;0;0;0;0;0;2;0;0
"27/05/2025";"09:50:00";"21";"Com vítima";"168,000";"BR-393/RJ";"Decrescente";"Engavetamento";3;0;0;0;0;0;0;0;0;0;1;3;1;0;0
"27/05/2025";"17:48:00";"72";"Sem vítima";"176,100";"BR-393/RJ";"Decrescente";"Engavetamento";3;0;0;0;0;0;0;0;0;0;4;0;0;0;0
"27/05/2025";"18:54:00";"74";"Com vítima";"131,500";"BR-393/RJ";"Decrescente";"Atropelamento de ciclista";1;1;0;0;0;0;0;0;0;0;0;0;0;0;0
"28/05/2025";"05:36:00";"10";"Sem vítima";"227,300";"BR-393/RJ";"Crescente";"Tombamento";0;0;1;0;0;0;0;0;0;0;2;0;0;0;0
"28/05/2025";"18:19:00";"55";"Com vítima";"285,899";"BR-393/RJ";"Crescente";"Colisão traseira";1;0;0;1;0;0;0;0;0;0;1;1;1;0;0
"28/05/2025";"19:48:00";"61";"Com vítima";"236,199";"BR-393/RJ";"Crescente";"Queda de moto";0;0;0;2;0;0;0;0;0;0;0;1;1;0;0
"29/05/2025";"10:41:00";"32";"Com vítima";"119,700";"BR-393/RJ";"Decrescente";"Colisão lateral no mesmo sentido";1;0;1;0;0;0;0;0;0;0;1;0;1;0;0
"30/05/2025";"12:14:00";"32";"Sem vítima";"142,400";"BR-393/RJ";"Decrescente";"Colisão traseira";1;0;1;0;0;0;0;0;0;0;1;0;0;0;0
"31/05/2025";"07:07:00";"8";"Sem vítima";"114,500";"BR-393/RJ";"Crescente";"Saída de pista";1;0;0;0;0;0;0;0;0;0;1;0;0;0;0
"31/05/2025";"14:45:00";"30";"Sem vítima";"264,800";"BR-393/RJ";"Crescente";"Colisão lateral no mesmo sentido";2;0;0;0;0;0;0;0;0;0;2;0;0;0;0
"01/06/2025";"13:58:00";"11";"Com vítima";"146,300";"BR-393/RJ";"Decrescente";"Choque";1;0;0;0;0;0;0;0;0;0;0;1;0;0;0
"01/06/2025";"23:39:00";"40";"Com vítima";"244,300";"BR-393/RJ";"Crescente";"Queda de moto";0;0;0;1;0;0;0;0;0;0;0;1;0;0;0
"03/06/2025";"09:32:00";"21";"Sem vítima";"286,000";"BR-393/RJ";"Crescente";"Engavetamento";5;0;0;0;0;0;0;0;0;0;6;0;0;0;0
"03/06/2025";"10:34:00";"22";"Sem vítima";"233,000";"BR-393/RJ";"Crescente";"Colisão transversal";2;0;0;0;0;0;0;0;0;0;6;0;0;0;0
"04/06/2025";"08:19:00";"12";"Sem vítima";"188,800";"BR-393/RJ";"Crescente";"Colisão traseira";0;0;2;0;0;0;0;0;0;0;2;0;0;0;0
"05/06/2025";"07:07:00";"7";"Sem vítima";"245,500";"BR-393/RJ";"Crescente";"Colisão lateral no mesmo sentido";1;0;1;0;0;0;0;0;0;0;2;0;0;0;0
"05/06/2025";"19:51:00";"76";"Sem vítima";"232,000";"BR-393/RJ";"Decrescente";"Atropelamento de pedestre";0;0;1;0;0;0;0;0;0;0;0;0;0;0;0
"06/06/2025";"08:34:00";"17";"Sem vítima";"176,000";"BR-393/RJ";"Decrescente";"Colisão traseira";1;0;0;0;0;0;0;0;0;0;0;0;0;0;0
"06/06/2025";"09:40:00";"31";"Sem vítima";"281,300";"BR-393/RJ";"Decrescente";"Choque";1;0;0;0;0;0;0;0;0;0;1;0;0;0;0
"06/06/2025";"11:28:00";"44";"Sem vítima";"255,000";"BR-393/RJ";"Decrescente";"Colisão traseira";2;0;0;0;0;0;0;0;0;0;0;0;0;0;0
"06/06/2025";"13:06:00";"53";"Sem vítima";"284,199";"BR-393/RJ";"Crescente";"Engavetamento";3;0;0;0;0;0;0;0;0;0;5;0;0;0;0
"07/06/2025";"03:05:00";"1";"Com vítima";"165,000";"BR-393/RJ";"Decrescente";"Saída de pista";0;0;0;0;0;0;0;0;0;1;0;2;0;0;0
"08/06/2025";"16:24:00";"23";"Sem vítima";"257,800";"BR-393/RJ";"Crescente";"Choque";1;0;0;0;0;0;0;0;0;0;4;0;0;0;0
"08/06/2025";"17:40:00";"27";"Com vítima";"171,500";"BR-393/RJ";"Decrescente";"Colisão lateral no mesmo sentido";2;0;0;0;0;0;0;0;0;0;2;2;0;0;0
"08/06/2025";"21:32:00";"33";"Com vítima";"182,100";"BR-393/RJ";"Decrescente";"Colisão lateral no mesmo sentido";2;0;0;0;0;1;0;0;0;1;24;1;0;0;0
"09/06/2025";"01:03:00";"4";"Com vítima";"232,600";"BR-393/RJ";"Crescente";"Queda de moto";0;0;1;0;0;0;0;0;0;0;0;1;0;0;0
"06/07/2025";"15:59:00";"25";"Sem vítima";"233,500";"BR-393/RJ";"Decrescente";"Queda de moto";0;0;0;1;0;0;0;0;0;0;0;0;0;0;0